Precursor Index,Classification,Precursor peptide mass,Leader peptide mass,Core peptide mass,Distance,Within 500 nt?,Within 150 nt?,Further than 1000 nt?,Ratio of N-term to 1st C 0.25<x<0.60,Ratio of N-term to 1st C <0.25 or >0.60,Three or more C,Two or more C,Less than 2 C,CXXXXXC,CXXXC,CXXC,CXC,CC,CCC,WxxP,Has RRE,Peptide matches SboA hmm,Peptide matches SkfA hmm,Peptide matches SCIFF hmm,Cluster has PF13186 (SPASM),Cluster has PF13353 (Fe4_12),Has peptidase PF05193,Has S8 peptidase PF00082,Has S41 peptidase PF03572,Has M16 peptidase PF00675,Has ABC trans PF00005,Has ABC mem PF00664,Has response reg PF00072,Has maj facilit PF07690,Has ATPase PF13304,Has rSAM PF04055,C-terminal portion is < 0.35 or > 0.65,C-terminal portion is > 0.35 and < 0.65,SS profile sum > 1,Leader length (aa),Precursor length (aa),Core length (aa),Core/precursor ratio,Core/leader ratio,Ratio of N-terminus to first Cys,number of CxnC,avg dist between CxnC,Ratio from last CxnC to C-terminus,SS profile 1 aa,SS profile 2 aa,SS profile 3 aa,SS profile 4 aa,SS profile 5 aa,SS profile 6 aa,A,R,D,N,C,Q,E,G,H,I,L,K,M,F,P,S,T,W,Y,V,Aromatics,Neg charged,Pos charged,Charged,Aliphatic,Hydroxyl,A,R,D,N,C,Q,E,G,H,I,L,K,M,F,P,S,T,W,Y,V,Aromatics,Neg charged,Pos charged,Charged,Aliphatic,Hydroxyl,A,R,D,N,C,Q,E,G,H,I,L,K,M,F,P,S,T,W,Y,V,Aromatics,Neg charged,Pos charged,Charged,Aliphatic,Hydroxyl,peptidase PF05193,CAAX immunity PF02517,S8 peptidase PF00082,S41 peptidase PF03572,M16 peptidase PF00675,M50 peptidase PF02163,S9 peptidase PF00326,ABC trans PF00005,ABC mem PF00664,response reg PF00072,maj facilit PF07690,HATPase PF02518,ATPase PF13304,Fer4_12 PF13353,rSAM PF04055,Length of rSAM maturase
1,0,18380.455082,4540.277918000001,13858.187728999996,5720,0,0,1,0,1,0,1,0,0,0,0,0,0,0,0,1,0,0,0,0,0,1,0,0,1,1,0,0,1,1,1,1,0,0,39,158,119,0.7531645569620253,3.051282051282051,0.012658227848101266,0,0,1.0,0, 0, 0, 0, 0, 0,2,4,6,4,0,8,6,4,3,8,15,7,2,11,7,13,6,1,5,7,17,12,11,23,38,19,2,4,6,4,0,8,6,4,3,8,15,7,2,11,7,13,6,1,5,7,17,12,11,23,38,19,2,4,6,4,0,8,6,4,3,8,15,7,2,11,7,13,6,1,5,7,17,12,11,23,38,19,1,0,0,1,0,0,0,1,0,0,1,0,1,1,1,119
2,0,27032.433194999976,6698.854945000002,20351.58881499998,4858,0,0,1,0,1,1,1,0,0,0,0,0,1,0,1,1,0,0,0,0,0,1,0,0,1,1,0,0,1,1,1,1,0,0,59,239,180,0.7531380753138075,3.0508474576271185,0.029288702928870293,2,155.0,1.0,0, 0, 0, 0, 0, 1,18,6,3,5,6,2,4,14,4,18,21,8,1,20,4,17,5,8,8,8,36,7,14,21,80,22,18,6,3,5,6,2,4,14,4,18,21,8,1,20,4,17,5,8,8,8,36,7,14,21,80,22,18,6,3,5,6,2,4,14,4,18,21,8,1,20,4,17,5,8,8,8,36,7,14,21,80,22,1,0,0,1,0,0,0,1,0,0,1,0,1,1,1,180
3,0,27119.284868999974,6837.6452770000005,20299.650156999982,4102,0,0,1,0,1,1,1,0,0,1,1,0,0,0,0,1,0,0,0,0,0,1,0,0,1,1,0,0,1,1,1,1,0,1,59,238,179,0.7521008403361344,3.0338983050847457,0.025210084033613446,1,0,0.01680672268907563,0, 1, 0, 1, 0, 1,9,11,11,10,6,5,13,11,4,16,25,15,4,5,2,11,8,1,4,8,10,24,26,50,73,19,9,11,11,10,6,5,13,11,4,16,25,15,4,5,2,11,8,1,4,8,10,24,26,50,73,19,9,11,11,10,6,5,13,11,4,16,25,15,4,5,2,11,8,1,4,8,10,24,26,50,73,19,1,0,0,1,0,0,0,1,0,0,1,0,1,1,1,179
4,0,15995.062433,3971.0462460000003,12042.026751999996,575,0,0,0,0,1,0,0,1,0,0,0,0,0,0,0,1,0,0,0,0,0,1,0,0,1,1,0,0,1,1,1,1,0,0,35,142,107,0.7535211267605634,3.057142857142857,0.0,0,0,1.0,0, 0, 0, 0, 0, 0,5,4,5,3,0,5,9,9,4,7,6,9,5,3,1,10,7,0,6,9,9,14,13,27,41,17,5,4,5,3,0,5,9,9,4,7,6,9,5,3,1,10,7,0,6,9,9,14,13,27,41,17,5,4,5,3,0,5,9,9,4,7,6,9,5,3,1,10,7,0,6,9,9,14,13,27,41,17,1,0,0,1,0,0,0,1,0,0,1,0,1,1,1,107
5,1,4322.161151,1158.6794630000002,3181.4922530000003,131,1,1,0,0,1,1,1,0,1,0,1,0,0,0,0,1,1,0,0,0,0,1,0,0,1,1,0,0,1,1,1,1,0,1,10,43,33,0.7674418604651163,3.3,0.06976744186046512,3,4.5,0.5348837209302325,0, 1, 0, 0, 1, 0,5,0,2,0,3,0,1,7,0,3,3,0,0,2,2,1,2,1,0,1,3,3,0,3,19,3,5,0,2,0,3,0,1,7,0,3,3,0,0,2,2,1,2,1,0,1,3,3,0,3,19,3,5,0,2,0,3,0,1,7,0,3,3,0,0,2,2,1,2,1,0,1,3,3,0,3,19,3,1,0,0,1,0,0,0,1,0,0,1,0,1,1,1,33
6,0,6155.439235999998,1647.9170669999996,4525.532733999999,12,1,1,0,0,1,0,0,1,0,0,0,0,0,0,0,1,0,0,0,0,0,1,0,0,1,1,0,0,1,1,1,1,0,0,13,53,40,0.7547169811320755,3.076923076923077,0.0,0,0,1.0,0, 0, 0, 0, 0, 0,4,3,1,0,0,0,1,2,0,6,2,2,1,5,0,4,1,0,2,6,7,2,5,7,21,5,4,3,1,0,0,0,1,2,0,6,2,2,1,5,0,4,1,0,2,6,7,2,5,7,21,5,4,3,1,0,0,0,1,2,0,6,2,2,1,5,0,4,1,0,2,6,7,2,5,7,21,5,1,0,0,1,0,0,0,1,0,0,1,0,1,1,1,40
7,0,27408.255370000013,6399.267152000001,21026.998783000003,170,1,0,0,0,1,1,1,0,0,0,0,0,0,0,0,1,0,0,0,0,0,1,0,0,1,1,0,0,1,1,1,1,0,0,59,239,180,0.7531380753138075,3.0508474576271185,0.012552301255230125,1,0,1.0,0, 0, 0, 0, 0, 0,8,9,9,4,3,8,16,7,7,11,25,13,1,13,5,11,9,0,9,12,22,25,22,47,64,20,8,9,9,4,3,8,16,7,7,11,25,13,1,13,5,11,9,0,9,12,22,25,22,47,64,20,8,9,9,4,3,8,16,7,7,11,25,13,1,13,5,11,9,0,9,12,22,25,22,47,64,20,1,0,0,1,0,0,0,1,0,0,1,0,1,1,1,180
8,0,26200.936922,6386.345724000001,19832.601762999988,4628,0,0,1,0,1,1,1,0,0,0,0,0,1,0,0,1,0,0,0,0,0,1,0,0,1,1,0,0,1,1,1,1,0,0,58,233,175,0.7510729613733905,3.0172413793103448,0.02145922746781116,1,0,1.0,0, 0, 0, 0, 0, 0,14,8,3,2,4,11,3,9,3,15,21,10,5,11,4,16,8,2,11,15,24,6,18,24,79,24,14,8,3,2,4,11,3,9,3,15,21,10,5,11,4,16,8,2,11,15,24,6,18,24,79,24,14,8,3,2,4,11,3,9,3,15,21,10,5,11,4,16,8,2,11,15,24,6,18,24,79,24,1,0,0,1,0,0,0,1,0,0,1,0,1,1,1,175
10,0,23342.976273999986,5956.273958999999,17404.71287999999,5521,0,0,1,0,1,0,1,0,0,0,0,0,0,0,0,1,0,0,0,0,0,0,0,0,0,0,0,0,0,0,1,1,0,0,52,208,156,0.75,3.0,0.009615384615384616,0,0,1.0,0, 0, 0, 0, 0, 0,5,2,15,13,1,7,12,9,3,12,8,18,1,6,4,14,10,0,4,12,10,27,20,47,47,24,5,2,15,13,1,7,12,9,3,12,8,18,1,6,4,14,10,0,4,12,10,27,20,47,47,24,5,2,15,13,1,7,12,9,3,12,8,18,1,6,4,14,10,0,4,12,10,27,20,47,47,24,0,0,0,0,0,0,0,0,0,0,0,0,0,1,1,156
11,0,24044.74203499997,5983.090542,18079.662057999976,4643,0,0,1,1,0,0,1,0,0,0,0,0,0,0,0,1,0,0,0,0,0,0,0,0,0,0,0,0,0,0,1,1,0,0,53,215,162,0.7534883720930232,3.056603773584906,0.009302325581395349,1,0,1.0,0, 0, 0, 0, 0, 0,12,4,9,5,2,4,19,11,0,18,20,19,4,6,2,8,8,0,4,7,10,28,23,51,72,16,12,4,9,5,2,4,19,11,0,18,20,19,4,6,2,8,8,0,4,7,10,28,23,51,72,16,12,4,9,5,2,4,19,11,0,18,20,19,4,6,2,8,8,0,4,7,10,28,23,51,72,16,0,0,0,0,0,0,0,0,0,0,0,0,0,1,1,162
13,0,13922.76052799999,3587.979809000001,10352.79128399999,270,1,0,0,1,0,0,0,1,0,0,0,0,0,0,0,1,0,0,0,0,0,0,0,0,0,0,0,0,0,0,1,1,0,0,31,126,95,0.753968253968254,3.064516129032258,0.007936507936507936,0,0,1.0,0, 0, 0, 0, 0, 0,7,3,3,4,1,2,1,8,1,11,15,4,3,4,0,6,4,1,4,13,9,4,7,11,57,10,7,3,3,4,1,2,1,8,1,11,15,4,3,4,0,6,4,1,4,13,9,4,7,11,57,10,7,3,3,4,1,2,1,8,1,11,15,4,3,4,0,6,4,1,4,13,9,4,7,11,57,10,0,0,0,0,0,0,0,0,0,0,0,0,0,1,1,95
14,1,4855.376733000001,1298.712888,3574.6744099999996,69,1,1,0,1,0,1,1,0,0,1,1,0,0,0,0,1,0,0,1,0,0,0,0,0,0,0,0,0,0,0,1,1,0,1,11,45,34,0.7555555555555555,3.090909090909091,0.13333333333333333,4,7.666666666666667,0.2222222222222222,0, 0, 3, 0, 0, 2,4,0,0,2,6,1,3,1,0,1,2,6,0,0,1,4,2,0,0,1,0,3,6,9,9,6,4,0,0,2,6,1,3,1,0,1,2,6,0,0,1,4,2,0,0,1,0,3,6,9,9,6,4,0,0,2,6,1,3,1,0,1,2,6,0,0,1,4,2,0,0,1,0,3,6,9,9,6,0,0,0,0,0,0,0,0,0,0,0,0,0,1,1,34
15,0,32747.191295999986,8334.365541999998,24430.83631899999,2501,0,0,1,1,0,1,1,0,0,0,0,0,0,0,0,1,0,0,0,0,0,0,0,0,0,0,0,0,0,0,1,1,0,0,71,285,214,0.7508771929824561,3.0140845070422535,0.014035087719298246,2,1.0,1.0,0, 0, 0, 0, 0, 0,16,7,11,10,4,3,16,11,3,25,18,24,5,9,4,13,8,0,15,12,24,27,31,58,87,21,16,7,11,10,4,3,16,11,3,25,18,24,5,9,4,13,8,0,15,12,24,27,31,58,87,21,16,7,11,10,4,3,16,11,3,25,18,24,5,9,4,13,8,0,15,12,24,27,31,58,87,21,0,0,0,0,0,0,0,0,0,0,0,0,0,1,1,214
17,0,21757.76720200001,5227.678478000001,16548.099288999994,23,1,1,0,0,1,1,1,0,0,1,0,0,0,0,0,1,0,0,0,0,0,0,0,0,0,0,0,0,0,0,1,1,0,0,49,199,150,0.7537688442211056,3.061224489795918,0.02512562814070352,1,0,0.40703517587939697,0, 0, 1, 0, 0, 0,4,3,11,13,4,2,10,17,5,14,11,10,3,10,7,7,9,0,4,6,14,21,13,34,55,16,4,3,11,13,4,2,10,17,5,14,11,10,3,10,7,7,9,0,4,6,14,21,13,34,55,16,4,3,11,13,4,2,10,17,5,14,11,10,3,10,7,7,9,0,4,6,14,21,13,34,55,16,0,0,0,0,0,0,0,0,0,0,0,0,0,1,1,150
21,0,10302.182733999998,2642.2322639999998,7677.961035,20,1,1,0,0,1,0,0,1,0,0,0,0,0,0,0,1,0,0,0,0,0,0,0,0,0,1,0,0,0,1,1,1,0,0,23,93,70,0.7526881720430108,3.0434782608695654,0.0,0,0,1.0,0, 0, 0, 0, 0, 0,10,8,7,1,0,1,4,5,0,3,7,1,3,2,1,3,5,1,1,7,4,11,9,20,35,8,10,8,7,1,0,1,4,5,0,3,7,1,3,2,1,3,5,1,1,7,4,11,9,20,35,8,10,8,7,1,0,1,4,5,0,3,7,1,3,2,1,3,5,1,1,7,4,11,9,20,35,8,0,0,0,0,0,0,1,1,0,0,0,0,1,1,1,70
22,1,9283.429747000002,2235.0663800000007,7066.373932,57,1,1,0,1,0,0,1,0,0,0,0,1,0,0,1,1,0,0,0,0,0,0,0,0,0,1,0,0,0,1,1,1,0,0,22,88,66,0.75,3.0,0.022727272727272728,3,1.5,1.0,1, 0, 0, 0, 0, 0,12,1,3,2,2,5,6,3,1,2,7,1,1,2,2,5,5,2,1,3,5,9,2,11,28,10,12,1,3,2,2,5,6,3,1,2,7,1,1,2,2,5,5,2,1,3,5,9,2,11,28,10,12,1,3,2,2,5,6,3,1,2,7,1,1,2,2,5,5,2,1,3,5,9,2,11,28,10,0,0,0,0,0,0,1,1,0,0,0,0,1,1,1,66
24,0,8904.637710999998,2155.124173,6767.524102999996,5746,0,0,1,1,0,1,1,0,0,0,0,0,0,0,1,1,0,0,0,0,0,0,0,0,0,1,0,0,0,1,1,1,0,0,20,81,61,0.7530864197530864,3.05,0.037037037037037035,1,0,1.0,0, 0, 0, 0, 0, 0,5,9,1,1,3,0,4,7,3,1,8,0,0,1,4,3,3,1,2,5,4,5,9,14,26,6,5,9,1,1,3,0,4,7,3,1,8,0,0,1,4,3,3,1,2,5,4,5,9,14,26,6,5,9,1,1,3,0,4,7,3,1,8,0,0,1,4,3,3,1,2,5,4,5,9,14,26,6,0,0,0,0,0,0,1,1,0,0,0,0,1,1,1,61
26,0,6961.601301999997,1716.0120310000004,5263.5998359999985,6183,0,0,1,1,0,0,0,1,0,0,0,0,0,0,0,1,0,0,0,0,0,0,0,0,0,1,0,0,0,1,1,1,0,0,15,63,48,0.7619047619047619,3.2,0.015873015873015872,1,0,1.0,0, 0, 0, 0, 0, 0,5,2,3,0,1,1,6,6,1,2,5,1,1,2,2,0,2,1,2,5,5,9,3,12,24,2,5,2,3,0,1,1,6,6,1,2,5,1,1,2,2,0,2,1,2,5,5,9,3,12,24,2,5,2,3,0,1,1,6,6,1,2,5,1,1,2,2,0,2,1,2,5,5,9,3,12,24,2,0,0,0,0,0,0,1,1,0,0,0,0,1,1,1,48
28,0,5451.683787000001,1332.594138,4137.100214000002,6424,0,0,1,0,1,0,1,0,0,0,0,0,0,0,0,1,0,0,0,0,0,1,0,0,1,1,0,0,0,1,1,1,0,0,11,46,35,0.7608695652173914,3.1818181818181817,0.043478260869565216,0,0,1.0,0, 0, 0, 0, 0, 0,0,2,2,1,2,2,3,2,1,1,5,3,1,4,2,1,1,0,0,2,4,5,5,10,11,2,0,2,2,1,2,2,3,2,1,1,5,3,1,4,2,1,1,0,0,2,4,5,5,10,11,2,0,2,2,1,2,2,3,2,1,1,5,3,1,4,2,1,1,0,0,2,4,5,5,10,11,2,1,0,0,1,0,0,0,1,0,0,0,0,1,1,1,35
29,0,15183.943907,3850.008738,11351.945733999999,3459,0,0,1,1,0,0,1,0,0,0,0,0,1,0,0,1,0,0,0,0,0,1,0,0,1,1,0,0,0,1,1,1,0,0,33,132,99,0.75,3.0,0.015151515151515152,0,0,1.0,0, 0, 0, 0, 0, 0,8,8,9,3,2,3,5,6,2,11,11,6,2,3,2,5,2,1,5,5,9,14,14,28,43,7,8,8,9,3,2,3,5,6,2,11,11,6,2,3,2,5,2,1,5,5,9,14,14,28,43,7,8,8,9,3,2,3,5,6,2,11,11,6,2,3,2,5,2,1,5,5,9,14,14,28,43,7,1,0,0,1,0,0,0,1,0,0,0,0,1,1,1,99
32,1,4251.1200149999995,1172.669961,3096.460619,1942,0,0,1,0,1,1,1,0,1,0,1,0,0,0,0,1,1,0,0,0,0,1,0,0,1,1,0,0,0,1,1,1,0,1,10,43,33,0.7674418604651163,3.3,0.06976744186046512,2,3.0,0.5348837209302325,0, 1, 0, 0, 1, 0,5,0,2,0,3,0,1,6,0,2,3,0,0,2,2,3,1,0,0,3,2,3,0,3,19,4,5,0,2,0,3,0,1,6,0,2,3,0,0,2,2,3,1,0,0,3,2,3,0,3,19,4,5,0,2,0,3,0,1,6,0,2,3,0,0,2,2,3,1,0,0,3,2,3,0,3,19,4,1,0,0,1,0,0,0,1,0,0,0,0,1,1,1,33
33,0,5715.865528999997,1349.6934569999999,4384.182636999999,180,1,0,0,0,1,0,0,1,0,0,0,0,0,0,0,1,0,0,0,0,0,1,0,0,1,1,0,0,0,1,1,1,0,0,12,49,37,0.7551020408163265,3.0833333333333335,0.0,0,0,1.0,0, 0, 0, 0, 0, 0,2,2,0,0,0,1,3,2,4,1,4,0,2,1,4,2,2,2,2,3,5,3,2,5,14,4,2,2,0,0,0,1,3,2,4,1,4,0,2,1,4,2,2,2,2,3,5,3,2,5,14,4,2,2,0,0,0,1,3,2,4,1,4,0,2,1,4,2,2,2,2,3,5,3,2,5,14,4,1,0,0,1,0,0,0,1,0,0,0,0,1,1,1,37
34,0,6806.763177999999,1716.855027,5107.918716,11,1,1,0,0,1,0,0,1,0,0,0,0,0,0,0,1,0,0,0,0,0,1,0,0,1,1,0,0,0,1,1,1,0,0,14,59,45,0.7627118644067796,3.2142857142857144,0.0,0,0,1.0,0, 0, 0, 0, 0, 0,6,2,1,1,0,1,0,2,0,7,3,3,0,6,0,2,2,1,2,6,9,1,5,6,24,4,6,2,1,1,0,1,0,2,0,7,3,3,0,6,0,2,2,1,2,6,9,1,5,6,24,4,6,2,1,1,0,1,0,2,0,7,3,3,0,6,0,2,2,1,2,6,9,1,5,6,24,4,1,0,0,1,0,0,0,1,0,0,0,0,1,1,1,45
35,0,28137.903803000012,6637.468295000001,21518.446072999992,187,1,0,0,1,0,0,1,0,0,0,0,0,0,0,0,1,0,0,0,0,0,1,0,0,1,1,0,0,0,1,1,1,0,0,60,240,180,0.75,3.0,0.008333333333333333,0,0,1.0,0, 0, 0, 0, 0, 0,6,8,9,6,2,5,17,5,8,13,22,21,4,14,4,9,4,1,8,14,23,26,29,55,64,13,6,8,9,6,2,5,17,5,8,13,22,21,4,14,4,9,4,1,8,14,23,26,29,55,64,13,6,8,9,6,2,5,17,5,8,13,22,21,4,14,4,9,4,1,8,14,23,26,29,55,64,13,1,0,0,1,0,0,0,1,0,0,0,0,1,1,1,180
36,0,28893.662536999986,7078.967709000001,21832.70539299997,4660,0,0,1,0,1,1,1,0,0,0,0,0,1,0,0,1,0,0,0,0,0,1,0,0,1,1,0,0,0,1,1,1,0,0,61,245,184,0.7510204081632653,3.0163934426229506,0.0163265306122449,0,0,1.0,0, 0, 0, 0, 0, 0,7,7,3,8,3,12,6,5,6,25,25,13,6,14,3,16,7,3,10,5,27,9,20,29,73,23,7,7,3,8,3,12,6,5,6,25,25,13,6,14,3,16,7,3,10,5,27,9,20,29,73,23,7,7,3,8,3,12,6,5,6,25,25,13,6,14,3,16,7,3,10,5,27,9,20,29,73,23,1,0,0,1,0,0,0,1,0,0,0,0,1,1,1,184
37,0,16290.59591199999,4068.176488000001,12240.429989,5819,0,0,1,1,0,0,1,0,0,0,0,0,0,0,0,1,0,0,0,0,0,1,0,0,1,1,0,0,0,1,1,1,0,0,36,145,109,0.7517241379310344,3.0277777777777777,0.013793103448275862,0,0,1.0,0, 0, 0, 0, 0, 0,8,5,6,3,2,3,11,6,6,5,12,10,1,4,4,5,5,0,2,11,6,17,15,32,43,10,8,5,6,3,2,3,11,6,6,5,12,10,1,4,4,5,5,0,2,11,6,17,15,32,43,10,8,5,6,3,2,3,11,6,6,5,12,10,1,4,4,5,5,0,2,11,6,17,15,32,43,10,1,0,0,1,0,0,0,1,0,0,0,0,1,1,1,109
39,0,21695.1038,5327.914855999999,16385.19950899999,13566,0,0,1,0,1,1,1,0,0,0,1,0,0,0,0,1,0,0,0,0,0,0,0,0,0,1,0,0,1,1,1,1,0,1,49,198,149,0.7525252525252525,3.0408163265306123,0.025252525252525252,1,0,0.6414141414141414,0, 2, 0, 0, 0, 0,14,10,9,7,5,3,14,11,4,10,11,6,6,2,7,4,7,0,4,15,6,23,16,39,67,11,14,10,9,7,5,3,14,11,4,10,11,6,6,2,7,4,7,0,4,15,6,23,16,39,67,11,14,10,9,7,5,3,14,11,4,10,11,6,6,2,7,4,7,0,4,15,6,23,16,39,67,11,0,0,0,0,0,0,0,1,0,0,1,0,1,1,1,149
42,1,4722.128302,1295.738375,3444.400492,116,1,1,0,1,0,1,1,0,0,1,1,0,0,0,0,1,0,0,1,0,0,0,0,0,0,1,0,0,1,1,1,1,0,1,11,45,34,0.7555555555555555,3.090909090909091,0.13333333333333333,4,11.666666666666666,0.2222222222222222,0, 0, 3, 0, 0, 2,3,0,0,1,6,4,1,4,0,0,1,2,1,0,1,4,4,0,1,1,1,1,2,3,10,8,3,0,0,1,6,4,1,4,0,0,1,2,1,0,1,4,4,0,1,1,1,1,2,3,10,8,3,0,0,1,6,4,1,4,0,0,1,2,1,0,1,4,4,0,1,1,1,1,2,3,10,8,0,0,0,0,0,0,0,1,0,0,1,0,1,1,1,34
43,0,15174.985641999989,3782.0047019999997,11410.991504999998,1463,0,0,1,0,1,1,1,0,0,0,0,0,0,0,0,1,0,0,0,0,0,0,0,0,0,1,0,0,1,1,1,1,0,0,35,140,105,0.75,3.0,0.04285714285714286,1,0,1.0,0, 0, 0, 0, 0, 1,11,3,1,2,4,2,5,7,6,8,19,2,7,0,6,5,6,3,1,7,4,6,5,11,59,11,11,3,1,2,4,2,5,7,6,8,19,2,7,0,6,5,6,3,1,7,4,6,5,11,59,11,11,3,1,2,4,2,5,7,6,8,19,2,7,0,6,5,6,3,1,7,4,6,5,11,59,11,0,0,0,0,0,0,0,1,0,0,1,0,1,1,1,105
44,0,24277.718439999986,6082.132967,18213.59603799999,3084,0,0,1,1,0,0,1,0,0,0,0,0,0,0,0,1,0,0,0,0,0,0,0,0,0,1,0,0,1,1,1,1,0,0,56,226,170,0.7522123893805309,3.0357142857142856,0.008849557522123894,0,0,1.0,0, 0, 0, 0, 0, 0,22,15,10,2,2,4,14,13,3,7,29,1,4,0,8,9,11,0,4,12,4,24,16,40,87,20,22,15,10,2,2,4,14,13,3,7,29,1,4,0,8,9,11,0,4,12,4,24,16,40,87,20,22,15,10,2,2,4,14,13,3,7,29,1,4,0,8,9,11,0,4,12,4,24,16,40,87,20,0,0,0,0,0,0,0,1,0,0,1,0,1,1,1,170
45,0,24146.67795599999,6008.1139459999995,18156.57457499999,3087,0,0,1,1,0,0,1,0,0,0,0,0,0,0,0,1,0,0,0,0,0,0,0,0,0,1,0,0,1,1,1,1,0,0,56,225,169,0.7511111111111111,3.017857142857143,0.008888888888888889,0,0,1.0,0, 0, 0, 0, 0, 0,22,15,10,2,2,4,14,12,3,7,29,1,4,0,8,9,11,0,4,12,4,24,16,40,86,20,22,15,10,2,2,4,14,12,3,7,29,1,4,0,8,9,11,0,4,12,4,24,16,40,86,20,22,15,10,2,2,4,14,12,3,7,29,1,4,0,8,9,11,0,4,12,4,24,16,40,86,20,0,0,0,0,0,0,0,1,0,0,1,0,1,1,1,169
47,0,28341.74519700002,6881.415659999999,21478.340102000013,5546,0,0,1,0,1,0,1,0,0,0,0,0,0,0,0,1,0,0,0,0,0,0,0,0,0,1,0,0,1,1,1,1,0,0,66,267,201,0.7528089887640449,3.0454545454545454,0.00749063670411985,2,180.0,1.0,0, 0, 0, 0, 0, 0,30,4,17,6,1,8,9,13,3,8,17,19,2,8,7,8,8,1,6,26,15,26,23,49,96,16,30,4,17,6,1,8,9,13,3,8,17,19,2,8,7,8,8,1,6,26,15,26,23,49,96,16,30,4,17,6,1,8,9,13,3,8,17,19,2,8,7,8,8,1,6,26,15,26,23,49,96,16,0,0,0,0,0,0,0,1,0,0,1,0,1,1,1,201
48,0,18432.615411999996,4795.472409,13655.153567999998,6486,0,0,1,0,1,1,1,0,0,0,0,0,0,0,0,1,0,0,0,0,0,0,0,0,0,1,0,0,1,1,1,1,0,0,43,172,129,0.75,3.0,0.023255813953488372,0,0,1.0,0, 0, 0, 0, 0, 0,20,8,6,0,4,0,8,10,3,10,9,9,5,2,4,6,11,0,3,11,5,14,17,31,65,17,20,8,6,0,4,0,8,10,3,10,9,9,5,2,4,6,11,0,3,11,5,14,17,31,65,17,20,8,6,0,4,0,8,10,3,10,9,9,5,2,4,6,11,0,3,11,5,14,17,31,65,17,0,0,0,0,0,0,0,1,0,0,1,0,1,1,1,129
50,0,30161.594862000005,7105.761776000001,23073.84365099998,12363,0,0,1,0,1,1,1,0,0,0,1,1,1,0,0,1,0,0,0,0,0,0,0,0,0,1,0,1,0,1,1,1,0,0,66,267,201,0.7528089887640449,3.0454545454545454,0.018726591760299626,1,0,0.6928838951310862,0, 1, 0, 0, 0, 0,11,14,17,10,5,7,21,8,2,14,19,16,3,6,6,9,10,2,4,17,12,38,30,68,72,19,11,14,17,10,5,7,21,8,2,14,19,16,3,6,6,9,10,2,4,17,12,38,30,68,72,19,11,14,17,10,5,7,21,8,2,14,19,16,3,6,6,9,10,2,4,17,12,38,30,68,72,19,0,0,0,0,0,0,0,1,0,1,0,1,1,1,1,201
51,0,30690.58483999999,8115.361522999999,22593.23388200001,9285,0,0,1,1,0,0,0,1,0,0,0,0,0,0,0,1,0,0,0,0,0,0,0,0,0,1,0,1,0,1,1,1,0,0,69,276,207,0.75,3.0,0.0036231884057971015,0,0,1.0,0, 0, 0, 0, 0, 0,19,3,7,5,1,4,2,15,2,20,27,11,9,12,8,15,13,5,8,21,25,9,14,23,111,28,19,3,7,5,1,4,2,15,2,20,27,11,9,12,8,15,13,5,8,21,25,9,14,23,111,28,19,3,7,5,1,4,2,15,2,20,27,11,9,12,8,15,13,5,8,21,25,9,14,23,111,28,0,0,0,0,0,0,0,1,0,1,0,1,1,1,1,207
55,1,5557.502842000001,1328.78499,4246.728417000002,91,1,1,0,1,0,1,1,0,1,0,1,0,0,0,0,1,0,0,0,0,0,0,0,0,0,1,0,1,0,1,1,1,0,1,12,49,37,0.7551020408163265,3.0833333333333335,0.12244897959183673,1,0,0.12244897959183673,0, 2, 0, 0, 3, 0,1,1,7,1,6,0,1,1,0,2,3,2,0,1,2,3,2,0,4,0,5,8,3,11,7,5,1,1,7,1,6,0,1,1,0,2,3,2,0,1,2,3,2,0,4,0,5,8,3,11,7,5,1,1,7,1,6,0,1,1,0,2,3,2,0,1,2,3,2,0,4,0,5,8,3,11,7,5,0,0,0,0,0,0,0,1,0,1,0,1,1,1,1,37
56,0,27334.781372000005,6859.791262000001,20493.00067499999,1462,0,0,1,1,0,0,1,0,0,0,0,0,0,0,1,1,0,0,0,0,0,0,0,0,0,1,0,1,0,1,1,1,0,0,59,236,177,0.75,3.0,0.00847457627118644,0,0,1.0,0, 0, 0, 0, 0, 0,12,7,2,3,2,4,4,7,5,21,21,5,7,15,6,15,7,6,10,18,31,6,12,18,86,22,12,7,2,3,2,4,4,7,5,21,21,5,7,15,6,15,7,6,10,18,31,6,12,18,86,22,12,7,2,3,2,4,4,7,5,21,21,5,7,15,6,15,7,6,10,18,31,6,12,18,86,22,0,0,0,0,0,0,0,1,0,1,0,1,1,1,1,177
57,0,28175.01555700002,7092.754282000001,21100.271840000005,2202,0,0,1,0,1,1,1,0,0,1,0,0,0,0,1,1,0,0,0,0,0,0,0,0,0,1,0,1,0,1,1,1,0,0,61,244,183,0.75,3.0,0.020491803278688523,0,0,0.2581967213114754,0, 0, 1, 0, 0, 0,11,9,0,5,4,3,4,10,4,23,21,5,10,16,9,7,15,2,12,13,30,4,14,18,88,22,11,9,0,5,4,3,4,10,4,23,21,5,10,16,9,7,15,2,12,13,30,4,14,18,88,22,11,9,0,5,4,3,4,10,4,23,21,5,10,16,9,7,15,2,12,13,30,4,14,18,88,22,0,0,0,0,0,0,0,1,0,1,0,1,1,1,1,183
60,0,8971.770637999998,2259.146549,6730.634654000002,7528,0,0,1,0,1,1,1,0,0,0,0,0,0,0,0,1,0,0,0,0,0,0,0,0,0,1,0,1,0,1,1,1,0,0,19,77,58,0.7532467532467533,3.0526315789473686,0.03896103896103896,1,0,0.8051948051948052,0, 1, 0, 0, 0, 0,0,3,3,6,1,0,5,4,0,8,6,7,1,2,2,1,5,1,1,2,4,8,10,18,21,6,0,3,3,6,1,0,5,4,0,8,6,7,1,2,2,1,5,1,1,2,4,8,10,18,21,6,0,3,3,6,1,0,5,4,0,8,6,7,1,2,2,1,5,1,1,2,4,8,10,18,21,6,0,0,0,0,0,0,0,1,0,1,0,1,1,1,1,58
61,0,8917.299814999997,2332.1647360000006,6603.145644,8005,0,0,1,1,0,1,1,0,0,0,0,1,0,0,0,1,0,0,0,0,0,0,0,0,0,1,0,1,0,1,1,1,0,1,18,75,57,0.76,3.1666666666666665,0.06666666666666667,3,6.0,1.0,1, 0, 0, 0, 0, 1,2,0,3,3,5,1,7,2,2,5,4,7,0,2,1,3,4,0,4,2,6,10,7,17,15,7,2,0,3,3,5,1,7,2,2,5,4,7,0,2,1,3,4,0,4,2,6,10,7,17,15,7,2,0,3,3,5,1,7,2,2,5,4,7,0,2,1,3,4,0,4,2,6,10,7,17,15,7,0,0,0,0,0,0,0,1,0,1,0,1,1,1,1,57
62,0,16831.840828999993,4329.145625,12520.705769,9548,0,0,1,1,0,0,1,0,0,0,0,0,0,0,0,1,0,0,0,0,0,0,0,0,0,1,0,1,0,1,1,1,0,0,36,144,108,0.75,3.0,0.013888888888888888,0,0,1.0,0, 0, 0, 0, 0, 0,7,7,8,7,2,4,7,0,2,6,11,16,1,4,1,9,7,0,2,7,6,15,23,38,32,16,7,7,8,7,2,4,7,0,2,6,11,16,1,4,1,9,7,0,2,7,6,15,23,38,32,16,7,7,8,7,2,4,7,0,2,6,11,16,1,4,1,9,7,0,2,7,6,15,23,38,32,16,0,0,0,0,0,0,0,1,0,1,0,1,1,1,1,108
64,0,32284.333965000016,8043.401062999999,24258.943467000005,4305,0,0,1,1,0,0,0,1,0,0,0,0,0,0,0,1,0,0,0,0,0,0,0,0,0,1,1,0,0,1,1,1,0,0,71,287,216,0.7526132404181185,3.0422535211267605,0.003484320557491289,0,0,1.0,0, 0, 0, 0, 0, 0,15,3,13,10,1,16,18,10,1,10,32,22,4,5,10,7,10,1,8,20,14,31,25,56,91,17,15,3,13,10,1,16,18,10,1,10,32,22,4,5,10,7,10,1,8,20,14,31,25,56,91,17,15,3,13,10,1,16,18,10,1,10,32,22,4,5,10,7,10,1,8,20,14,31,25,56,91,17,0,0,0,0,0,0,0,1,1,0,0,0,1,1,1,216
65,0,26973.013210999994,6528.546684999999,20462.477090999997,2005,0,0,1,0,1,1,1,0,0,0,0,0,0,0,0,1,0,0,0,0,0,0,0,0,0,1,1,0,0,1,1,1,0,0,61,244,183,0.75,3.0,0.01639344262295082,0,0,1.0,0, 0, 0, 0, 0, 0,12,6,7,5,3,10,16,12,5,12,25,8,9,9,8,11,7,0,5,13,14,23,14,37,83,18,12,6,7,5,3,10,16,12,5,12,25,8,9,9,8,11,7,0,5,13,14,23,14,37,83,18,12,6,7,5,3,10,16,12,5,12,25,8,9,9,8,11,7,0,5,13,14,23,14,37,83,18,0,0,0,0,0,0,0,1,1,0,0,0,1,1,1,183
67,1,4209.970572,1044.527377,3183.45376,205,1,0,0,0,1,1,1,0,1,0,1,0,0,0,0,1,1,0,0,0,0,0,0,0,0,1,1,0,0,1,1,1,0,1,10,43,33,0.7674418604651163,3.3,0.09302325581395349,5,2.5,0.5116279069767442,0, 1, 0, 0, 2, 0,5,0,2,1,4,0,1,6,0,4,1,0,0,3,3,1,0,0,0,2,3,3,0,3,18,1,5,0,2,1,4,0,1,6,0,4,1,0,0,3,3,1,0,0,0,2,3,3,0,3,18,1,5,0,2,1,4,0,1,6,0,4,1,0,0,3,3,1,0,0,0,2,3,3,0,3,18,1,0,0,0,0,0,0,0,1,1,0,0,0,1,1,1,33
70,0,13973.103077999995,3585.9666610000004,10405.146982000002,7340,0,0,1,0,1,1,1,0,0,0,0,0,0,0,0,1,0,0,0,0,0,0,0,0,0,1,1,0,0,1,1,1,0,0,32,128,96,0.75,3.0,0.0234375,2,41.0,1.0,0, 0, 0, 0, 0, 0,10,3,11,3,2,5,3,7,1,6,9,4,3,3,2,6,5,1,3,9,7,14,7,21,44,11,10,3,11,3,2,5,3,7,1,6,9,4,3,3,2,6,5,1,3,9,7,14,7,21,44,11,10,3,11,3,2,5,3,7,1,6,9,4,3,3,2,6,5,1,3,9,7,14,7,21,44,11,0,0,0,0,0,0,0,1,1,0,0,0,1,1,1,96
71,0,23830.46330299998,6152.241547999997,17696.232319999985,8401,0,0,1,1,0,0,0,1,0,0,0,0,0,0,0,1,0,0,0,0,0,0,0,0,0,1,1,0,0,1,1,1,0,0,58,234,176,0.7521367521367521,3.0344827586206895,0.004273504273504274,0,0,1.0,0, 0, 0, 0, 0, 0,32,8,4,6,1,1,14,18,3,9,18,1,1,4,7,12,16,1,2,18,7,18,9,27,96,28,32,8,4,6,1,1,14,18,3,9,18,1,1,4,7,12,16,1,2,18,7,18,9,27,96,28,32,8,4,6,1,1,14,18,3,9,18,1,1,4,7,12,16,1,2,18,7,18,9,27,96,28,0,0,0,0,0,0,0,1,1,0,0,0,1,1,1,176
73,0,13213.566868999991,3376.9910700000014,9854.586363999999,6785,0,0,1,1,0,0,1,0,0,0,0,0,0,0,0,1,0,0,0,0,0,0,0,0,0,0,0,1,0,0,1,1,0,0,30,120,90,0.75,3.0,0.016666666666666666,1,0,1.0,0, 0, 0, 0, 0, 0,7,3,1,2,2,2,6,6,0,10,15,8,1,8,1,8,3,0,0,7,8,7,11,18,46,11,7,3,1,2,2,2,6,6,0,10,15,8,1,8,1,8,3,0,0,7,8,7,11,18,46,11,7,3,1,2,2,2,6,6,0,10,15,8,1,8,1,8,3,0,0,7,8,7,11,18,46,11,0,0,0,0,0,0,0,0,0,1,0,0,0,1,1,90
76,1,4885.362145000001,1240.6961749999998,3662.6765350000005,79,1,1,0,1,0,1,1,0,0,1,1,0,0,0,0,1,0,0,1,0,0,0,0,0,0,0,0,1,0,0,1,1,0,1,11,45,34,0.7555555555555555,3.090909090909091,0.13333333333333333,3,6.0,0.2222222222222222,0, 0, 3, 0, 0, 2,2,1,1,2,6,3,2,2,0,0,2,5,0,0,0,3,3,0,0,2,0,3,6,9,8,6,2,1,1,2,6,3,2,2,0,0,2,5,0,0,0,3,3,0,0,2,0,3,6,9,8,6,2,1,1,2,6,3,2,2,0,0,2,5,0,0,0,3,3,0,0,2,0,3,6,9,8,6,0,0,0,0,0,0,0,0,0,1,0,0,0,1,1,34
77,0,18022.697638,4376.3049790000005,13664.403223999992,330,1,0,0,1,0,0,0,1,0,0,0,0,0,0,0,1,0,0,0,0,0,0,0,0,0,0,0,1,0,0,1,1,0,0,38,153,115,0.7516339869281046,3.026315789473684,0.006535947712418301,0,0,1.0,0, 0, 0, 0, 0, 0,3,6,8,11,1,2,10,2,0,13,19,13,6,1,3,2,3,0,6,6,7,18,19,37,49,5,3,6,8,11,1,2,10,2,0,13,19,13,6,1,3,2,3,0,6,6,7,18,19,37,49,5,3,6,8,11,1,2,10,2,0,13,19,13,6,1,3,2,3,0,6,6,7,18,19,37,49,5,0,0,0,0,0,0,0,0,0,1,0,0,0,1,1,115
79,0,19118.875303999994,4639.502237000001,14497.383631999994,7718,0,0,1,1,0,0,1,0,0,0,0,0,0,0,0,1,0,0,0,0,0,0,0,0,0,0,0,1,0,0,1,1,0,0,41,166,125,0.7530120481927711,3.048780487804878,0.012048192771084338,0,0,1.0,0, 0, 0, 0, 0, 0,3,9,7,4,2,4,11,11,1,11,9,8,3,5,5,6,7,2,8,9,15,18,17,35,46,13,3,9,7,4,2,4,11,11,1,11,9,8,3,5,5,6,7,2,8,9,15,18,17,35,46,13,3,9,7,4,2,4,11,11,1,11,9,8,3,5,5,6,7,2,8,9,15,18,17,35,46,13,0,0,0,0,0,0,0,0,0,1,0,0,0,1,1,125
80,0,32158.566779,7939.105578,24237.471766000028,8312,0,0,1,0,1,0,1,0,0,0,0,0,0,0,0,1,0,0,0,0,0,0,0,0,0,0,0,1,0,0,1,1,0,0,69,276,207,0.75,3.0,0.007246376811594203,1,0,1.0,0, 0, 0, 0, 0, 0,13,10,13,18,1,8,11,8,10,16,16,13,4,6,11,6,3,5,13,22,24,24,23,47,79,9,13,10,13,18,1,8,11,8,10,16,16,13,4,6,11,6,3,5,13,22,24,24,23,47,79,9,13,10,13,18,1,8,11,8,10,16,16,13,4,6,11,6,3,5,13,22,24,24,23,47,79,9,0,0,0,0,0,0,0,0,0,1,0,0,0,1,1,207
81,0,28249.048966000028,7066.713480000002,21200.346051000008,2208,0,0,1,0,1,1,1,0,0,1,0,0,0,0,1,1,0,0,0,0,0,0,0,0,0,1,1,1,1,1,1,1,0,0,61,244,183,0.75,3.0,0.01639344262295082,0,0,0.2581967213114754,0, 0, 1, 0, 0, 0,10,9,0,5,3,3,4,10,3,22,22,5,10,17,9,7,16,2,13,13,32,4,14,18,87,23,10,9,0,5,3,3,4,10,3,22,22,5,10,17,9,7,16,2,13,13,32,4,14,18,87,23,10,9,0,5,3,3,4,10,3,22,22,5,10,17,9,7,16,2,13,13,32,4,14,18,87,23,0,0,0,0,0,0,0,1,1,1,1,1,1,1,1,183
82,0,27378.814106999984,6803.746417000001,20593.07825499998,1469,0,0,1,1,0,0,1,0,0,0,0,0,0,0,1,1,0,0,0,0,0,0,0,0,0,1,1,1,1,1,1,1,0,0,59,236,177,0.75,3.0,0.00847457627118644,0,0,1.0,0, 0, 0, 0, 0, 0,13,7,1,5,2,4,4,5,3,23,21,5,7,16,7,13,11,6,10,14,32,5,12,17,83,24,13,7,1,5,2,4,4,5,3,23,21,5,7,16,7,13,11,6,10,14,32,5,12,17,83,24,13,7,1,5,2,4,4,5,3,23,21,5,7,16,7,13,11,6,10,14,32,5,12,17,83,24,0,0,0,0,0,0,0,1,1,1,1,1,1,1,1,177
83,1,5548.5474410000015,1312.790075,4253.767930999999,104,1,1,0,1,0,1,1,0,1,0,1,0,0,0,0,1,0,0,0,0,0,0,0,0,0,1,1,1,1,1,1,1,0,1,12,49,37,0.7551020408163265,3.0833333333333335,0.12244897959183673,1,0,0.12244897959183673,0, 2, 0, 0, 3, 0,1,3,6,2,6,0,2,2,0,1,2,2,0,2,1,2,2,0,2,1,4,8,5,13,7,4,1,3,6,2,6,0,2,2,0,1,2,2,0,2,1,2,2,0,2,1,4,8,5,13,7,4,1,3,6,2,6,0,2,2,0,1,2,2,0,2,1,2,2,0,2,1,4,8,5,13,7,4,0,0,0,0,0,0,0,1,1,1,1,1,1,1,1,37
85,0,30724.61210099999,8086.352733000001,22656.26993300001,9218,0,0,1,1,0,0,0,1,0,0,0,0,0,0,0,1,0,0,0,0,0,0,0,0,0,1,1,1,1,1,1,1,0,0,69,276,207,0.75,3.0,0.0036231884057971015,0,0,1.0,0, 0, 0, 0, 0, 0,19,3,7,5,1,4,2,15,1,22,26,11,9,12,8,15,13,6,8,20,26,9,14,23,111,28,19,3,7,5,1,4,2,15,1,22,26,11,9,12,8,15,13,6,8,20,26,9,14,23,111,28,19,3,7,5,1,4,2,15,1,22,26,11,9,12,8,15,13,6,8,20,26,9,14,23,111,28,0,0,0,0,0,0,0,1,1,1,1,1,1,1,1,207
87,0,4399.2245900000025,945.4953490000001,3471.7398060000005,79,1,1,0,1,0,0,0,1,0,0,0,0,0,0,0,1,0,0,0,0,0,0,0,0,0,0,0,0,0,0,1,1,0,0,9,39,30,0.7692307692307693,3.3333333333333335,0.02564102564102564,1,0,1.0,0, 0, 0, 0, 0, 0,0,4,1,3,1,1,1,3,1,2,2,1,2,0,0,2,3,1,0,2,1,2,5,7,11,5,0,4,1,3,1,1,1,3,1,2,2,1,2,0,0,2,3,1,0,2,1,2,5,7,11,5,0,4,1,3,1,1,1,3,1,2,2,1,2,0,0,2,3,1,0,2,1,2,5,7,11,5,0,0,0,0,0,0,0,0,0,0,0,0,0,1,1,30
88,0,21447.964961999984,5306.742676000001,16159.23285099998,53,1,1,0,0,1,1,1,0,0,0,0,0,0,0,0,1,0,0,0,0,0,0,0,0,0,0,0,0,0,0,1,1,0,0,50,202,152,0.7524752475247525,3.04,0.0297029702970297,0,0,1.0,0, 0, 0, 0, 0, 0,5,1,13,8,5,2,4,19,5,16,16,12,1,7,6,10,13,0,3,6,10,17,13,30,63,23,5,1,13,8,5,2,4,19,5,16,16,12,1,7,6,10,13,0,3,6,10,17,13,30,63,23,5,1,13,8,5,2,4,19,5,16,16,12,1,7,6,10,13,0,3,6,10,17,13,30,63,23,0,0,0,0,0,0,0,0,0,0,0,0,0,1,1,152
89,0,16519.568735000004,3902.087004000001,12635.492295999999,672,0,0,0,0,1,1,1,0,0,0,0,0,0,0,0,1,0,0,0,0,0,0,0,0,0,0,0,0,0,0,1,1,0,0,37,148,111,0.75,3.0,0.02027027027027027,1,0,1.0,0, 0, 0, 0, 0, 0,3,5,11,3,2,5,9,10,0,8,13,11,3,6,2,5,4,0,4,7,10,20,16,36,44,9,3,5,11,3,2,5,9,10,0,8,13,11,3,6,2,5,4,0,4,7,10,20,16,36,44,9,3,5,11,3,2,5,9,10,0,8,13,11,3,6,2,5,4,0,4,7,10,20,16,36,44,9,0,0,0,0,0,0,0,0,0,0,0,0,0,1,1,111
91,0,32954.31545399998,8527.458060999998,24444.867957999966,2327,0,0,1,1,0,1,1,0,0,0,0,1,0,0,0,1,0,0,0,0,0,0,0,0,0,0,0,0,0,0,1,1,0,1,72,290,218,0.7517241379310344,3.0277777777777777,0.02413793103448276,5,39.5,1.0,1, 0, 0, 0, 0, 1,6,2,8,15,7,4,16,13,5,29,17,25,5,6,8,12,16,0,9,15,15,24,27,51,85,28,6,2,8,15,7,4,16,13,5,29,17,25,5,6,8,12,16,0,9,15,15,24,27,51,85,28,6,2,8,15,7,4,16,13,5,29,17,25,5,6,8,12,16,0,9,15,15,24,27,51,85,28,0,0,0,0,0,0,0,0,0,0,0,0,0,1,1,218
92,0,31554.26766199999,7934.389904000002,23637.888322999985,1322,0,0,1,1,0,0,1,0,0,0,0,0,0,0,0,1,0,0,0,0,0,0,0,0,0,0,0,0,0,0,1,1,0,0,72,288,216,0.75,3.0,0.006944444444444444,1,0,1.0,0, 0, 0, 0, 0, 0,23,8,8,6,2,4,9,9,1,29,19,13,6,13,3,16,21,2,4,20,19,17,21,38,106,37,23,8,8,6,2,4,9,9,1,29,19,13,6,13,3,16,21,2,4,20,19,17,21,38,106,37,23,8,8,6,2,4,9,9,1,29,19,13,6,13,3,16,21,2,4,20,19,17,21,38,106,37,0,0,0,0,0,0,0,0,0,0,0,0,0,1,1,216
93,1,4769.292333,1226.6805239999997,3560.6223740000005,61,1,1,0,1,0,1,1,0,0,1,1,0,0,0,0,1,0,0,1,0,0,0,0,0,0,0,0,0,0,0,1,1,0,1,11,45,34,0.7555555555555555,3.090909090909091,0.13333333333333333,4,7.666666666666667,0.2222222222222222,0, 0, 3, 0, 0, 2,4,0,0,3,6,1,3,1,0,1,2,5,0,0,1,4,2,0,0,1,0,3,5,8,9,6,4,0,0,3,6,1,3,1,0,1,2,5,0,0,1,4,2,0,0,1,0,3,5,8,9,6,4,0,0,3,6,1,3,1,0,1,2,5,0,0,1,4,2,0,0,1,0,3,5,8,9,6,0,0,0,0,0,0,0,0,0,0,0,0,0,1,1,34
94,1,5725.830158000002,1712.9694539999998,4030.871269,61,1,1,0,1,0,1,1,0,0,1,1,0,0,0,0,1,0,0,1,0,0,0,0,0,0,0,0,0,0,0,1,1,0,1,13,52,39,0.75,3.0,0.11538461538461539,4,7.666666666666667,0.19230769230769232,0, 0, 3, 0, 0, 2,6,0,0,4,6,1,3,1,0,2,2,5,0,0,1,4,3,0,0,1,0,3,5,8,12,7,6,0,0,4,6,1,3,1,0,2,2,5,0,0,1,4,3,0,0,1,0,3,5,8,12,7,6,0,0,4,6,1,3,1,0,2,2,5,0,0,1,4,3,0,0,1,0,3,5,8,12,7,0,0,0,0,0,0,0,0,0,0,0,0,0,1,1,39
97,0,22307.666999999965,5658.8314900000005,16666.846074999987,4453,0,0,1,1,0,0,1,0,0,0,0,0,0,0,0,1,0,0,0,0,0,0,0,0,0,0,0,0,0,0,1,1,0,0,49,199,150,0.7537688442211056,3.061224489795918,0.010050251256281407,0,0,1.0,0, 0, 0, 0, 0, 0,7,6,6,6,2,5,14,11,2,17,20,13,5,3,1,16,5,0,4,7,7,20,19,39,67,21,7,6,6,6,2,5,14,11,2,17,20,13,5,3,1,16,5,0,4,7,7,20,19,39,67,21,7,6,6,6,2,5,14,11,2,17,20,13,5,3,1,16,5,0,4,7,7,20,19,39,67,21,0,0,0,0,0,0,0,0,0,0,0,0,0,1,1,150
98,0,29436.93053800001,7135.777882999999,22319.163220000006,5318,0,0,1,0,1,1,1,0,0,0,0,0,0,0,0,1,0,0,0,0,0,0,0,0,0,0,0,0,0,0,1,1,0,0,63,255,192,0.7529411764705882,3.0476190476190474,0.011764705882352941,3,10.0,1.0,0, 0, 0, 0, 0, 0,10,6,17,16,1,4,15,9,2,10,12,26,5,11,1,13,8,0,13,13,24,32,32,64,59,21,10,6,17,16,1,4,15,9,2,10,12,26,5,11,1,13,8,0,13,13,24,32,32,64,59,21,10,6,17,16,1,4,15,9,2,10,12,26,5,11,1,13,8,0,13,13,24,32,32,64,59,21,0,0,0,0,0,0,0,0,0,0,0,0,0,1,1,192
100,0,12049.446886000003,2772.388676,9295.068775000003,6513,0,0,1,0,1,1,1,0,0,0,0,0,0,0,0,1,0,0,0,0,0,0,0,0,0,0,0,0,0,0,1,1,0,0,25,101,76,0.7524752475247525,3.04,0.0297029702970297,5,24.75,1.0,0, 0, 0, 0, 0, 0,8,14,3,2,1,1,2,1,8,7,5,1,2,5,2,1,0,0,4,9,9,5,15,20,32,1,8,14,3,2,1,1,2,1,8,7,5,1,2,5,2,1,0,0,4,9,9,5,15,20,32,1,8,14,3,2,1,1,2,1,8,7,5,1,2,5,2,1,0,0,4,9,9,5,15,20,32,1,0,0,0,0,0,0,0,0,0,0,0,0,0,1,1,76
101,0,28089.88098999999,6921.690571,21186.20098399999,5901,0,0,1,0,1,0,1,0,0,0,0,0,0,0,0,1,0,0,0,0,0,0,0,0,0,0,0,0,0,0,1,1,0,0,62,248,186,0.75,3.0,0.008064516129032258,0,0,1.0,0, 0, 0, 0, 0, 0,18,7,8,10,1,3,3,5,4,18,18,12,3,14,5,20,10,7,7,13,28,11,19,30,75,30,18,7,8,10,1,3,3,5,4,18,18,12,3,14,5,20,10,7,7,13,28,11,19,30,75,30,18,7,8,10,1,3,3,5,4,18,18,12,3,14,5,20,10,7,7,13,28,11,19,30,75,30,0,0,0,0,0,0,0,0,0,0,0,0,0,1,1,186
103,1,5009.410551000001,1388.7922009999997,3638.628915,9,1,1,0,1,0,1,1,0,0,1,1,0,0,0,0,1,0,0,1,0,0,0,0,0,0,0,0,0,0,0,1,1,0,1,11,46,35,0.7608695652173914,3.1818181818181817,0.13043478260869565,4,9.0,0.2391304347826087,0, 0, 3, 0, 0, 2,2,0,1,1,6,3,2,3,0,0,2,6,0,0,0,6,2,0,0,1,0,3,6,9,8,8,2,0,1,1,6,3,2,3,0,0,2,6,0,0,0,6,2,0,0,1,0,3,6,9,8,8,2,0,1,1,6,3,2,3,0,0,2,6,0,0,0,6,2,0,0,1,0,3,6,9,8,8,0,0,0,0,0,0,0,0,0,0,0,0,0,1,1,35
105,0,30565.320597000005,7621.951782,22961.379379999995,931,0,0,0,0,1,1,1,0,0,0,0,0,0,0,0,1,0,0,0,0,0,0,0,0,0,0,0,0,0,0,1,1,0,0,67,270,203,0.7518518518518519,3.029850746268657,0.018518518518518517,0,0,1.0,0, 0, 0, 0, 0, 0,12,7,23,10,4,2,10,13,7,11,21,15,3,11,7,11,13,3,8,12,22,33,22,55,72,24,12,7,23,10,4,2,10,13,7,11,21,15,3,11,7,11,13,3,8,12,22,33,22,55,72,24,12,7,23,10,4,2,10,13,7,11,21,15,3,11,7,11,13,3,8,12,22,33,22,55,72,24,0,0,0,0,0,0,0,0,0,0,0,0,0,1,1,203
107,0,15597.959257000002,3965.083983000001,11650.885838999993,11084,0,0,1,0,1,1,1,0,0,0,1,0,0,0,0,1,0,0,0,0,0,0,0,0,0,0,0,0,0,0,1,1,0,1,33,134,101,0.753731343283582,3.0606060606060606,0.05223880597014925,1,0,0.014925373134328358,0, 2, 0, 0, 0, 0,1,6,7,0,6,0,11,9,3,8,9,12,2,3,1,6,4,0,6,7,9,18,18,36,36,10,1,6,7,0,6,0,11,9,3,8,9,12,2,3,1,6,4,0,6,7,9,18,18,36,36,10,1,6,7,0,6,0,11,9,3,8,9,12,2,3,1,6,4,0,6,7,9,18,18,36,36,10,0,0,0,0,0,0,0,0,0,0,0,0,0,1,1,101
108,0,29371.666810000002,7099.810425000001,22289.866949999985,13449,0,0,1,0,1,1,1,0,0,0,0,1,0,0,0,1,0,0,0,0,0,0,0,0,0,0,0,0,0,0,1,1,0,0,68,275,207,0.7527272727272727,3.0441176470588234,0.02181818181818182,1,0,1.0,1, 0, 0, 0, 0, 0,23,9,4,8,5,0,5,10,0,26,19,4,12,14,4,20,13,0,6,25,20,9,13,22,115,33,23,9,4,8,5,0,5,10,0,26,19,4,12,14,4,20,13,0,6,25,20,9,13,22,115,33,23,9,4,8,5,0,5,10,0,26,19,4,12,14,4,20,13,0,6,25,20,9,13,22,115,33,0,0,0,0,0,0,0,0,0,0,0,0,0,1,1,207
109,0,6864.797907999999,1773.0330239999996,5109.7754490000025,14280,0,0,1,0,1,1,1,0,0,0,0,1,0,0,0,1,0,0,0,0,0,0,0,0,0,0,0,0,0,0,1,1,0,0,16,64,48,0.75,3.0,0.046875,4,2.6666666666666665,0.703125,1, 0, 0, 0, 0, 1,2,2,2,1,2,0,4,7,0,2,2,12,0,1,0,5,3,0,0,3,1,6,14,20,16,8,2,2,2,1,2,0,4,7,0,2,2,12,0,1,0,5,3,0,0,3,1,6,14,20,16,8,2,2,2,1,2,0,4,7,0,2,2,12,0,1,0,5,3,0,0,3,1,6,14,20,16,8,0,0,0,0,0,0,0,0,0,0,0,0,0,1,1,48
111,0,24390.383677999987,6394.013263999999,18014.380978999983,8175,0,0,1,0,1,1,1,0,0,0,0,0,0,0,0,1,0,0,0,0,0,1,1,0,1,0,0,0,0,0,1,1,0,0,53,215,162,0.7534883720930232,3.056603773584906,0.023255813953488372,2,60.0,1.0,0, 0, 0, 0, 0, 0,12,6,8,6,3,3,16,15,2,21,9,15,4,4,2,7,7,1,8,13,13,24,21,45,74,14,12,6,8,6,3,3,16,15,2,21,9,15,4,4,2,7,7,1,8,13,13,24,21,45,74,14,12,6,8,6,3,3,16,15,2,21,9,15,4,4,2,7,7,1,8,13,13,24,21,45,74,14,1,1,0,1,0,0,0,0,0,0,0,0,0,1,1,162
112,0,27157.508979000006,6712.677565999998,20462.841978000008,7347,0,0,1,1,0,0,0,1,0,0,0,0,0,0,0,1,0,0,0,0,0,1,1,0,1,0,0,0,0,0,1,1,0,0,61,245,184,0.7510204081632653,3.0163934426229506,0.004081632653061225,1,0,1.0,0, 0, 0, 0, 0, 0,15,6,15,9,1,4,28,16,1,11,12,11,6,9,5,7,9,1,5,13,15,43,17,60,73,16,15,6,15,9,1,4,28,16,1,11,12,11,6,9,5,7,9,1,5,13,15,43,17,60,73,16,15,6,15,9,1,4,28,16,1,11,12,11,6,9,5,7,9,1,5,13,15,43,17,60,73,16,1,1,0,1,0,0,0,0,0,0,0,0,0,1,1,184
115,1,4839.320280000001,1354.7503359999998,3502.5805089999994,61,1,1,0,1,0,1,1,0,0,1,1,0,0,0,0,1,0,0,1,0,0,1,1,0,1,0,0,0,0,0,1,1,0,1,11,45,34,0.7555555555555555,3.090909090909091,0.13333333333333333,4,7.666666666666667,0.2222222222222222,0, 0, 3, 0, 0, 2,4,0,0,4,6,1,2,1,0,1,1,4,0,0,1,4,2,0,0,3,0,2,4,6,10,6,4,0,0,4,6,1,2,1,0,1,1,4,0,0,1,4,2,0,0,3,0,2,4,6,10,6,4,0,0,4,6,1,2,1,0,1,1,4,0,0,1,4,2,0,0,3,0,2,4,6,10,6,1,1,0,1,0,0,0,0,0,0,0,0,0,1,1,34
116,0,31411.15456599998,7530.754838000002,23898.41029299998,4911,0,0,1,0,1,1,1,0,0,0,0,0,0,0,0,1,0,0,0,0,0,1,1,0,1,0,0,0,0,0,1,1,0,0,69,278,209,0.7517985611510791,3.028985507246377,0.025179856115107913,2,31.0,1.0,0, 0, 0, 0, 0, 0,10,4,14,14,3,1,18,13,4,24,23,22,5,11,4,8,12,0,11,8,22,32,26,58,83,20,10,4,14,14,3,1,18,13,4,24,23,22,5,11,4,8,12,0,11,8,22,32,26,58,83,20,10,4,14,14,3,1,18,13,4,24,23,22,5,11,4,8,12,0,11,8,22,32,26,58,83,20,1,1,0,1,0,0,0,0,0,0,0,0,0,1,1,209
121,0,30297.706349000036,7101.616593000002,23214.10032100001,6436,0,0,1,0,1,1,1,0,0,0,0,0,0,0,1,1,0,0,0,0,0,0,1,0,0,1,0,0,0,1,1,1,0,0,69,276,207,0.75,3.0,0.010869565217391304,0,0,1.0,0, 0, 0, 0, 0, 0,29,31,17,2,2,3,11,12,5,0,23,1,2,4,16,6,12,4,7,20,15,28,32,60,86,18,29,31,17,2,2,3,11,12,5,0,23,1,2,4,16,6,12,4,7,20,15,28,32,60,86,18,29,31,17,2,2,3,11,12,5,0,23,1,2,4,16,6,12,4,7,20,15,28,32,60,86,18,0,1,0,0,0,0,0,1,0,0,0,0,1,1,1,207
125,0,10230.971078999997,2647.2111919999993,7601.770452000001,4,1,1,0,1,0,0,0,1,0,0,0,0,0,0,0,1,0,0,0,0,0,0,1,0,0,1,0,0,0,1,1,1,0,0,24,97,73,0.7525773195876289,3.0416666666666665,0.010309278350515464,0,0,1.0,0, 0, 0, 0, 0, 0,11,3,5,3,1,6,3,9,1,4,7,2,3,2,4,4,1,1,0,3,3,8,5,13,37,5,11,3,5,3,1,6,3,9,1,4,7,2,3,2,4,4,1,1,0,3,3,8,5,13,37,5,11,3,5,3,1,6,3,9,1,4,7,2,3,2,4,4,1,1,0,3,3,8,5,13,37,5,0,1,0,0,0,0,0,1,0,0,0,0,1,1,1,73
126,1,10367.912315,2602.2961969999997,7783.626682999995,65,1,1,0,1,0,1,1,0,0,1,0,1,0,0,1,1,0,0,0,0,0,0,1,0,0,1,0,0,0,1,1,1,0,1,25,102,77,0.7549019607843137,3.08,0.029411764705882353,2,1.0,0.10784313725490197,1, 0, 1, 0, 0, 0,9,3,3,1,3,4,8,11,1,4,4,0,3,0,4,7,5,1,0,6,1,11,3,14,37,12,9,3,3,1,3,4,8,11,1,4,4,0,3,0,4,7,5,1,0,6,1,11,3,14,37,12,9,3,3,1,3,4,8,11,1,4,4,0,3,0,4,7,5,1,0,6,1,11,3,14,37,12,0,1,0,0,0,0,0,1,0,0,0,0,1,1,1,77
127,1,11631.547004,3039.46076,8610.096808999993,472,1,0,0,1,0,1,1,0,0,1,0,1,0,0,1,1,0,0,0,0,0,0,1,0,0,1,0,0,0,1,1,1,0,1,27,111,84,0.7567567567567568,3.111111111111111,0.02702702702702703,2,1.0,0.0990990990990991,1, 0, 1, 0, 0, 0,8,3,7,1,3,4,6,11,1,1,6,3,3,1,5,8,2,1,0,10,2,13,6,19,39,10,8,3,7,1,3,4,6,11,1,1,6,3,3,1,5,8,2,1,0,10,2,13,6,19,39,10,8,3,7,1,3,4,6,11,1,1,6,3,3,1,5,8,2,1,0,10,2,13,6,19,39,10,0,1,0,0,0,0,0,1,0,0,0,0,1,1,1,84
128,0,21334.868117999995,5322.665284999998,16030.213397999996,924,0,0,0,1,0,0,1,0,0,0,0,0,0,0,0,1,0,0,0,0,0,0,1,0,0,1,0,0,0,1,1,1,0,0,51,207,156,0.7536231884057971,3.0588235294117645,0.00966183574879227,0,0,1.0,0, 0, 0, 0, 0, 0,27,9,9,0,2,5,9,18,3,7,21,0,5,2,10,6,10,2,2,9,6,18,9,27,87,16,27,9,9,0,2,5,9,18,3,7,21,0,5,2,10,6,10,2,2,9,6,18,9,27,87,16,27,9,9,0,2,5,9,18,3,7,21,0,5,2,10,6,10,2,2,9,6,18,9,27,87,16,0,1,0,0,0,0,0,1,0,0,0,0,1,1,1,156
129,0,31558.783692999998,7863.7296529999985,23713.06460500001,1525,0,0,1,0,1,1,1,0,0,0,0,0,0,0,1,1,0,0,0,0,0,0,1,0,0,1,0,0,0,1,1,1,0,0,74,297,223,0.7508417508417509,3.0135135135135136,0.020202020202020204,6,55.4,1.0,0, 0, 0, 0, 0, 0,28,17,10,6,4,3,9,19,9,7,18,4,3,9,17,19,14,2,5,20,16,19,21,40,95,33,28,17,10,6,4,3,9,19,9,7,18,4,3,9,17,19,14,2,5,20,16,19,21,40,95,33,28,17,10,6,4,3,9,19,9,7,18,4,3,9,17,19,14,2,5,20,16,19,21,40,95,33,0,1,0,0,0,0,0,1,0,0,0,0,1,1,1,223
131,0,11810.796113999997,2811.349279999999,9017.457398999997,5432,0,0,1,1,0,1,1,0,0,1,0,1,0,0,0,1,0,0,0,0,0,0,1,0,0,1,0,0,0,1,1,1,0,1,26,105,79,0.7523809523809524,3.0384615384615383,0.06666666666666667,2,29.0,0.23809523809523808,1, 0, 1, 0, 0, 0,6,13,3,1,7,0,5,4,4,2,7,1,1,1,6,6,5,1,2,4,4,8,14,22,24,11,6,13,3,1,7,0,5,4,4,2,7,1,1,1,6,6,5,1,2,4,4,8,14,22,24,11,6,13,3,1,7,0,5,4,4,2,7,1,1,1,6,6,5,1,2,4,4,8,14,22,24,11,0,1,0,0,0,0,0,1,0,0,0,0,1,1,1,79
133,0,21414.175597999983,5749.8840869999985,15682.302075999993,2011,0,0,1,0,1,1,1,0,0,0,0,0,0,0,0,1,0,0,0,0,0,0,0,0,0,1,0,0,1,1,1,1,0,0,52,208,156,0.75,3.0,0.014423076923076924,2,1.0,1.0,0, 0, 0, 0, 0, 0,36,9,4,5,2,0,12,13,0,6,16,5,4,3,9,10,4,1,1,16,5,16,14,30,91,14,36,9,4,5,2,0,12,13,0,6,16,5,4,3,9,10,4,1,1,16,5,16,14,30,91,14,36,9,4,5,2,0,12,13,0,6,16,5,4,3,9,10,4,1,1,16,5,16,14,30,91,14,0,0,0,0,0,0,0,1,0,0,1,0,1,1,1,156
134,1,3965.6409780000004,1103.532131,2880.1194120000005,122,1,1,0,1,0,1,1,0,0,1,0,1,0,0,1,1,0,0,0,0,0,0,0,0,0,1,0,0,1,1,1,1,0,1,9,39,30,0.7692307692307693,3.3333333333333335,0.07692307692307693,3,1.5,0.358974358974359,1, 0, 1, 0, 0, 0,4,0,1,0,3,1,5,6,0,1,1,0,1,1,0,5,0,0,0,1,1,6,0,6,14,5,4,0,1,0,3,1,5,6,0,1,1,0,1,1,0,5,0,0,0,1,1,6,0,6,14,5,4,0,1,0,3,1,5,6,0,1,1,0,1,1,0,5,0,0,0,1,1,6,0,6,14,5,0,0,0,0,0,0,0,1,0,0,1,0,1,1,1,30
135,0,23387.60191200001,5873.232167999998,17532.380309000004,314,1,0,0,1,0,0,0,1,0,0,0,0,0,0,0,1,0,0,0,0,0,0,0,0,0,1,0,0,1,1,1,1,0,0,57,229,172,0.7510917030567685,3.017543859649123,0.004366812227074236,0,0,1.0,0, 0, 0, 0, 0, 0,26,15,8,1,1,1,6,23,4,4,21,0,1,4,22,5,9,0,5,16,9,14,15,29,91,14,26,15,8,1,1,1,6,23,4,4,21,0,1,4,22,5,9,0,5,16,9,14,15,29,91,14,26,15,8,1,1,1,6,23,4,4,21,0,1,4,22,5,9,0,5,16,9,14,15,29,91,14,0,0,0,0,0,0,0,1,0,0,1,0,1,1,1,172
136,0,31149.608537999997,7578.983796,23588.635307,1931,0,0,1,1,0,1,1,0,0,0,0,0,0,0,1,1,0,0,0,0,0,0,0,0,0,1,0,0,1,1,1,1,0,0,73,292,219,0.75,3.0,0.010273972602739725,3,30.5,1.0,0, 0, 0, 0, 0, 0,39,11,5,3,3,5,5,12,3,3,43,2,4,14,9,15,13,6,7,17,27,10,13,23,118,28,39,11,5,3,3,5,5,12,3,3,43,2,4,14,9,15,13,6,7,17,27,10,13,23,118,28,39,11,5,3,3,5,5,12,3,3,43,2,4,14,9,15,13,6,7,17,27,10,13,23,118,28,0,0,0,0,0,0,0,1,0,0,1,0,1,1,1,219
141,0,6728.010565,1668.010565,5078.010565,9550,0,0,1,0,1,0,0,1,0,0,0,0,0,0,0,1,0,0,0,0,0,1,0,0,1,1,1,1,0,1,1,1,0,0,15,61,46,0.7540983606557377,3.066666666666667,0.0,0,0,1.0,0, 0, 0, 0, 0, 0,0,0,0,0,0,0,0,0,0,0,0,0,0,0,0,0,0,0,0,0,0,0,0,0,0,0,0,0,0,0,0,0,0,0,0,0,0,0,0,0,0,0,0,0,0,0,0,0,0,0,0,0,0,0,0,0,0,0,0,0,0,0,0,0,0,0,0,0,0,0,0,0,0,0,0,0,0,0,1,0,0,1,0,0,0,1,1,1,0,1,1,1,1,46
142,0,7450.094803000002,1814.8985149999996,5653.2068530000015,9362,0,0,1,0,1,0,0,1,0,0,0,0,0,0,0,1,0,0,0,0,0,1,0,0,1,1,1,1,0,1,1,1,0,0,15,63,48,0.7619047619047619,3.2,0.0,0,0,1.0,0, 0, 0, 0, 0, 0,4,2,2,3,0,1,1,1,1,2,10,7,0,4,0,3,2,1,2,2,7,3,9,12,19,5,4,2,2,3,0,1,1,1,1,2,10,7,0,4,0,3,2,1,2,2,7,3,9,12,19,5,4,2,2,3,0,1,1,1,1,2,10,7,0,4,0,3,2,1,2,2,7,3,9,12,19,5,1,0,0,1,0,0,0,1,1,1,0,1,1,1,1,48
143,0,8570.752743999996,2219.1999069999997,6369.563402000001,9335,0,0,1,0,1,0,0,1,0,0,0,0,0,0,0,1,0,0,0,0,0,1,0,0,1,1,1,1,0,1,1,1,0,0,18,72,54,0.75,3.0,0.0,0,0,1.0,0, 0, 0, 0, 0, 0,4,4,2,3,0,1,2,1,1,2,10,7,0,4,0,5,3,1,2,2,7,4,11,15,19,8,4,4,2,3,0,1,2,1,1,2,10,7,0,4,0,5,3,1,2,2,7,4,11,15,19,8,4,4,2,3,0,1,2,1,1,2,10,7,0,4,0,5,3,1,2,2,7,4,11,15,19,8,1,0,0,1,0,0,0,1,1,1,0,1,1,1,1,54
144,0,32554.586354999985,8148.277166999998,24424.319752999992,6061,0,0,1,0,1,1,1,0,0,0,0,0,0,0,0,1,0,0,0,0,0,1,0,0,1,1,1,1,0,1,1,1,0,0,71,284,213,0.75,3.0,0.014084507042253521,3,14.0,1.0,0, 0, 0, 0, 0, 0,10,6,3,14,2,6,4,11,1,25,29,12,6,18,9,14,9,4,12,18,34,7,18,25,99,23,10,6,3,14,2,6,4,11,1,25,29,12,6,18,9,14,9,4,12,18,34,7,18,25,99,23,10,6,3,14,2,6,4,11,1,25,29,12,6,18,9,14,9,4,12,18,34,7,18,25,99,23,1,0,0,1,0,0,0,1,1,1,0,1,1,1,1,213
145,0,31003.547309999987,7779.015790999997,23242.542083999986,5219,0,0,1,0,1,1,1,0,0,0,0,0,0,0,0,1,0,0,0,0,0,1,0,0,1,1,1,1,0,1,1,1,0,0,68,275,207,0.7527272727272727,3.0441176470588234,0.01818181818181818,2,1.0,1.0,0, 0, 0, 0, 0, 0,11,1,6,7,4,10,8,13,1,28,24,15,9,21,11,12,4,2,4,16,27,14,16,30,101,16,11,1,6,7,4,10,8,13,1,28,24,15,9,21,11,12,4,2,4,16,27,14,16,30,101,16,11,1,6,7,4,10,8,13,1,28,24,15,9,21,11,12,4,2,4,16,27,14,16,30,101,16,1,0,0,1,0,0,0,1,1,1,0,1,1,1,1,207
146,0,7235.069619000002,1717.0171749999997,5536.063009000001,3709,0,0,1,0,1,0,0,1,0,0,0,0,0,0,0,1,0,0,0,0,0,1,0,0,1,1,1,1,0,1,1,1,0,0,15,63,48,0.7619047619047619,3.2,0.0,0,0,1.0,0, 0, 0, 0, 0, 0,1,0,1,6,0,2,4,1,0,8,5,7,1,1,0,4,2,0,2,3,3,5,7,12,19,6,1,0,1,6,0,2,4,1,0,8,5,7,1,1,0,4,2,0,2,3,3,5,7,12,19,6,1,0,1,6,0,2,4,1,0,8,5,7,1,1,0,4,2,0,2,3,3,5,7,12,19,6,1,0,0,1,0,0,0,1,1,1,0,1,1,1,1,48
147,0,18077.35264,4528.357211999999,13567.005992999992,479,1,0,0,0,1,0,0,1,0,0,0,0,0,0,0,1,0,0,0,0,0,1,0,0,1,1,1,1,0,1,1,1,0,0,40,160,120,0.75,3.0,0.00625,0,0,1.0,0, 0, 0, 0, 0, 0,2,2,12,7,0,2,11,9,1,11,3,20,3,2,1,6,11,1,4,12,7,23,22,45,40,17,2,2,12,7,0,2,11,9,1,11,3,20,3,2,1,6,11,1,4,12,7,23,22,45,40,17,2,2,12,7,0,2,11,9,1,11,3,20,3,2,1,6,11,1,4,12,7,23,22,45,40,17,1,0,0,1,0,0,0,1,1,1,0,1,1,1,1,120
148,1,6850.862858000001,1805.934567,5062.938856000002,1368,0,0,1,1,0,1,1,0,0,1,0,1,0,0,0,1,0,0,0,0,0,1,0,0,1,1,1,1,0,1,1,1,0,1,16,65,49,0.7538461538461538,3.0625,0.09230769230769231,2,1.0,0.27692307692307694,2, 0, 2, 0, 0, 0,3,0,2,9,6,0,1,5,1,0,1,2,0,1,0,13,1,3,0,1,4,3,2,5,10,14,3,0,2,9,6,0,1,5,1,0,1,2,0,1,0,13,1,3,0,1,4,3,2,5,10,14,3,0,2,9,6,0,1,5,1,0,1,2,0,1,0,13,1,3,0,1,4,3,2,5,10,14,1,0,0,1,0,0,0,1,1,1,0,1,1,1,1,49
149,0,27404.622355999985,6737.505001999999,20685.127919,5412,0,0,1,0,1,0,1,0,0,0,0,0,0,0,0,1,0,0,0,0,0,1,0,0,1,1,1,1,0,1,1,1,0,0,60,240,180,0.75,3.0,0.008333333333333333,0,0,1.0,0, 0, 0, 0, 0, 0,9,10,9,10,2,4,13,9,5,17,19,18,4,8,5,7,12,2,4,13,14,22,28,50,71,19,9,10,9,10,2,4,13,9,5,17,19,18,4,8,5,7,12,2,4,13,14,22,28,50,71,19,9,10,9,10,2,4,13,9,5,17,19,18,4,8,5,7,12,2,4,13,14,22,28,50,71,19,1,0,0,1,0,0,0,1,1,1,0,1,1,1,1,180
150,0,17902.545029999987,4572.360777000002,13348.194817999993,6335,0,0,1,0,1,1,1,0,1,1,1,0,0,0,0,1,0,0,0,0,0,1,0,0,1,1,1,1,0,1,1,1,0,1,39,157,118,0.7515923566878981,3.0256410256410255,0.05732484076433121,3,43.0,0.3184713375796178,0, 1, 1, 0, 1, 1,4,2,7,8,8,0,15,9,3,9,11,9,2,6,1,10,6,1,5,2,12,22,11,33,37,16,4,2,7,8,8,0,15,9,3,9,11,9,2,6,1,10,6,1,5,2,12,22,11,33,37,16,4,2,7,8,8,0,15,9,3,9,11,9,2,6,1,10,6,1,5,2,12,22,11,33,37,16,1,0,0,1,0,0,0,1,1,1,0,1,1,1,1,118
151,1,6878.970298000002,1805.934567,5091.046296000001,6993,0,0,1,1,0,1,1,0,0,1,0,1,0,0,0,1,0,0,0,0,0,1,0,0,1,1,1,1,0,1,1,1,0,1,16,66,50,0.7575757575757576,3.125,0.09090909090909091,2,1.0,0.2727272727272727,2, 0, 2, 0, 0, 0,5,0,1,8,6,0,1,5,1,0,1,3,1,0,0,11,2,2,1,2,3,2,3,5,14,13,5,0,1,8,6,0,1,5,1,0,1,3,1,0,0,11,2,2,1,2,3,2,3,5,14,13,5,0,1,8,6,0,1,5,1,0,1,3,1,0,0,11,2,2,1,2,3,2,3,5,14,13,1,0,0,1,0,0,0,1,1,1,0,1,1,1,1,50
152,0,13062.674701,3009.5449580000013,10071.140308000002,7830,0,0,1,0,1,0,0,1,0,0,0,0,0,0,0,1,0,0,0,0,0,1,0,0,1,1,1,1,0,1,1,1,0,0,29,118,89,0.7542372881355932,3.0689655172413794,0.00847457627118644,2,1.0,1.0,0, 0, 0, 0, 0, 0,4,1,7,8,0,4,2,5,2,7,7,8,4,4,1,5,6,0,5,9,9,9,9,18,36,11,4,1,7,8,0,4,2,5,2,7,7,8,4,4,1,5,6,0,5,9,9,9,9,18,36,11,4,1,7,8,0,4,2,5,2,7,7,8,4,4,1,5,6,0,5,9,9,9,9,18,36,11,1,0,0,1,0,0,0,1,1,1,0,1,1,1,1,89
154,0,30534.25690800001,7578.618314,22973.649159000015,5611,0,0,1,0,1,1,1,0,0,0,0,0,0,0,1,1,0,0,0,0,0,0,1,0,0,0,0,0,0,0,1,1,0,0,72,289,217,0.7508650519031141,3.013888888888889,0.01730103806228374,3,86.5,1.0,0, 0, 0, 0, 0, 0,29,17,6,6,4,2,13,21,7,9,14,3,4,10,14,21,8,3,4,22,17,19,20,39,99,29,29,17,6,6,4,2,13,21,7,9,14,3,4,10,14,21,8,3,4,22,17,19,20,39,99,29,29,17,6,6,4,2,13,21,7,9,14,3,4,10,14,21,8,3,4,22,17,19,20,39,99,29,0,1,0,0,0,0,1,0,0,0,0,0,0,1,1,217
155,0,30320.16155100001,7421.544419999998,22916.627696000014,5611,0,0,1,0,1,1,1,0,0,0,0,0,0,0,1,1,0,0,0,0,0,0,1,0,0,0,0,0,0,0,1,1,0,0,71,287,216,0.7526132404181185,3.0422535211267605,0.017421602787456445,3,86.5,1.0,0, 0, 0, 0, 0, 0,29,17,6,6,4,2,13,20,7,9,14,3,4,10,14,21,8,3,4,22,17,19,20,39,98,29,29,17,6,6,4,2,13,20,7,9,14,3,4,10,14,21,8,3,4,22,17,19,20,39,98,29,29,17,6,6,4,2,13,20,7,9,14,3,4,10,14,21,8,3,4,22,17,19,20,39,98,29,0,1,0,0,0,0,1,0,0,0,0,0,0,1,1,216
157,1,9238.517442000004,2177.097286,7079.430721000001,71,1,1,0,1,0,0,1,0,0,0,0,1,0,0,1,1,0,0,0,0,0,0,1,0,0,0,0,0,0,0,1,1,0,0,22,88,66,0.75,3.0,0.022727272727272728,3,1.5,1.0,1, 0, 0, 0, 0, 0,10,1,3,2,2,2,7,4,1,2,7,3,1,2,3,5,5,2,1,3,5,10,4,14,27,10,10,1,3,2,2,2,7,4,1,2,7,3,1,2,3,5,5,2,1,3,5,10,4,14,27,10,10,1,3,2,2,2,7,4,1,2,7,3,1,2,3,5,5,2,1,3,5,10,4,14,27,10,0,1,0,0,0,0,1,0,0,0,0,0,0,1,1,66
158,0,30656.856463000004,8210.093265000001,22464.77376300002,1481,0,0,1,1,0,0,1,0,0,0,0,0,0,0,0,1,0,0,0,0,0,0,1,0,0,0,0,0,0,0,1,1,0,0,72,288,216,0.75,3.0,0.006944444444444444,3,30.0,1.0,0, 0, 0, 0, 0, 0,34,20,13,2,2,3,10,28,8,4,31,0,1,4,15,8,10,2,5,16,11,23,20,43,114,18,34,20,13,2,2,3,10,28,8,4,31,0,1,4,15,8,10,2,5,16,11,23,20,43,114,18,34,20,13,2,2,3,10,28,8,4,31,0,1,4,15,8,10,2,5,16,11,23,20,43,114,18,0,1,0,0,0,0,1,0,0,0,0,0,0,1,1,216
163,0,16542.255874999995,3971.7869759999994,12588.479464000002,3847,0,0,1,0,1,0,1,0,0,0,0,0,0,0,0,1,0,0,0,0,0,0,0,0,0,1,0,0,0,1,1,1,0,0,38,153,115,0.7516339869281046,3.026315789473684,0.013071895424836602,1,0,1.0,0, 0, 0, 0, 0, 0,13,4,11,0,1,3,10,6,2,6,16,5,2,1,4,8,5,3,3,12,7,21,9,30,55,13,13,4,11,0,1,3,10,6,2,6,16,5,2,1,4,8,5,3,3,12,7,21,9,30,55,13,13,4,11,0,1,3,10,6,2,6,16,5,2,1,4,8,5,3,3,12,7,21,9,30,55,13,0,0,0,0,0,0,1,1,0,0,0,0,1,1,1,115
164,0,18307.443206000007,4633.394902,13692.058869000004,3138,0,0,1,1,0,0,0,1,0,0,0,0,0,0,0,1,0,0,0,0,0,0,0,0,0,1,0,0,0,1,1,1,0,0,41,165,124,0.7515151515151515,3.024390243902439,0.006060606060606061,1,0,1.0,0, 0, 0, 0, 0, 0,16,19,13,0,1,3,10,8,1,4,9,1,3,1,7,6,6,2,0,14,3,23,20,43,54,12,16,19,13,0,1,3,10,8,1,4,9,1,3,1,7,6,6,2,0,14,3,23,20,43,54,12,16,19,13,0,1,3,10,8,1,4,9,1,3,1,7,6,6,2,0,14,3,23,20,43,54,12,0,0,0,0,0,0,1,1,0,0,0,0,1,1,1,124
165,0,11965.057678999998,3222.733568999999,8760.334674999996,2659,0,0,1,1,0,0,0,1,0,0,0,0,0,0,0,1,0,0,0,0,0,0,0,0,0,1,0,0,0,1,1,1,0,0,27,109,82,0.7522935779816514,3.037037037037037,0.009174311926605505,0,0,1.0,0, 0, 0, 0, 0, 0,9,6,8,1,1,0,5,10,2,1,7,0,1,3,5,3,5,3,1,11,7,13,6,19,39,8,9,6,8,1,1,0,5,10,2,1,7,0,1,3,5,3,5,3,1,11,7,13,6,19,39,8,9,6,8,1,1,0,5,10,2,1,7,0,1,3,5,3,5,3,1,11,7,13,6,19,39,8,0,0,0,0,0,0,1,1,0,0,0,0,1,1,1,82
166,1,5387.728621999999,1457.7952209999999,3947.9439660000003,1706,0,0,1,0,1,1,1,0,1,1,1,0,0,0,0,1,1,0,0,0,0,0,0,0,0,1,0,0,0,1,1,1,0,1,13,53,40,0.7547169811320755,3.076923076923077,0.09433962264150944,4,10.0,0.09433962264150944,0, 1, 1, 0, 1, 0,7,2,2,0,5,0,2,4,0,2,5,0,0,1,2,3,0,0,0,5,1,4,2,6,23,3,7,2,2,0,5,0,2,4,0,2,5,0,0,1,2,3,0,0,0,5,1,4,2,6,23,3,7,2,2,0,5,0,2,4,0,2,5,0,0,1,2,3,0,0,0,5,1,4,2,6,23,3,0,0,0,0,0,0,1,1,0,0,0,0,1,1,1,40
167,0,25955.45536999996,6078.288267999999,19895.177666999978,236,1,0,0,1,0,1,1,0,0,1,0,0,0,0,0,1,0,0,0,0,0,0,0,0,0,1,0,0,0,1,1,1,0,0,59,238,179,0.7521008403361344,3.0338983050847457,0.01680672268907563,1,0,0.31512605042016806,0, 0, 1, 0, 0, 0,14,10,0,0,4,6,7,6,5,15,40,6,7,8,5,18,12,1,3,12,12,7,16,23,94,30,14,10,0,0,4,6,7,6,5,15,40,6,7,8,5,18,12,1,3,12,12,7,16,23,94,30,14,10,0,0,4,6,7,6,5,15,40,6,7,8,5,18,12,1,3,12,12,7,16,23,94,30,0,0,0,0,0,0,1,1,0,0,0,0,1,1,1,179
172,0,32835.464640999984,8609.077252,24244.397953999993,3370,0,0,1,0,1,1,1,0,0,0,0,0,0,0,0,1,0,0,0,0,0,1,0,0,1,1,0,0,0,1,1,1,0,0,70,283,213,0.7526501766784452,3.0428571428571427,0.014134275618374558,1,0,1.0,0, 0, 0, 0, 0, 0,20,17,14,4,3,12,18,12,10,14,25,8,3,8,8,13,7,2,6,9,16,32,25,57,83,20,20,17,14,4,3,12,18,12,10,14,25,8,3,8,8,13,7,2,6,9,16,32,25,57,83,20,20,17,14,4,3,12,18,12,10,14,25,8,3,8,8,13,7,2,6,9,16,32,25,57,83,20,1,0,0,1,0,0,0,1,0,0,0,0,1,1,1,213
174,0,15086.462084999996,3679.9317319999996,11424.540918000006,1863,0,0,1,1,0,0,1,0,0,0,0,0,0,0,0,1,0,0,0,0,0,1,0,0,1,1,0,0,0,1,1,1,0,0,33,133,100,0.7518796992481203,3.0303030303030303,0.015037593984962405,1,0,1.0,0, 0, 0, 0, 0, 0,11,3,3,6,2,11,8,4,2,4,8,4,3,9,2,6,5,1,3,5,13,11,7,18,35,11,11,3,3,6,2,11,8,4,2,4,8,4,3,9,2,6,5,1,3,5,13,11,7,18,35,11,11,3,3,6,2,11,8,4,2,4,8,4,3,9,2,6,5,1,3,5,13,11,7,18,35,11,1,0,0,1,0,0,0,1,0,0,0,0,1,1,1,100
176,1,7130.246851999999,1926.0179179999993,5222.239498999999,98,1,1,0,1,0,1,1,0,0,1,0,1,0,0,0,1,0,0,0,0,0,1,0,0,1,1,0,0,0,1,1,1,0,1,17,68,51,0.75,3.0,0.07352941176470588,4,9.0,0.2647058823529412,2, 0, 1, 0, 0, 0,8,0,3,3,5,3,0,6,1,2,0,3,1,0,2,6,0,0,5,3,5,3,3,6,20,6,8,0,3,3,5,3,0,6,1,2,0,3,1,0,2,6,0,0,5,3,5,3,3,6,20,6,8,0,3,3,5,3,0,6,1,2,0,3,1,0,2,6,0,0,5,3,5,3,3,6,20,6,1,0,0,1,0,0,0,1,0,0,0,0,1,1,1,51
178,0,16735.392677,4164.175148000001,12589.228093999998,7417,0,0,1,1,0,0,0,1,0,0,0,0,0,0,0,1,0,0,0,0,0,1,0,0,1,1,0,0,0,1,1,1,0,0,37,149,112,0.7516778523489933,3.027027027027027,0.006711409395973154,0,0,1.0,0, 0, 0, 0, 0, 0,5,6,9,4,1,4,11,7,2,8,9,5,4,4,5,10,5,0,4,9,8,20,11,31,42,15,5,6,9,4,1,4,11,7,2,8,9,5,4,4,5,10,5,0,4,9,8,20,11,31,42,15,5,6,9,4,1,4,11,7,2,8,9,5,4,4,5,10,5,0,4,9,8,20,11,31,42,15,1,0,0,1,0,0,0,1,0,0,0,0,1,1,1,112
179,0,8966.792670000003,2507.2802180000003,6477.523016999998,8774,0,0,1,0,1,0,1,0,0,0,0,0,1,0,0,1,0,0,0,0,0,1,0,0,1,1,0,0,0,1,1,1,0,0,21,84,63,0.75,3.0,0.023809523809523808,0,0,1.0,0, 0, 0, 0, 0, 0,10,6,0,2,2,3,1,8,0,3,3,4,0,1,5,3,4,0,2,6,3,1,10,11,30,7,10,6,0,2,2,3,1,8,0,3,3,4,0,1,5,3,4,0,2,6,3,1,10,11,30,7,10,6,0,2,2,3,1,8,0,3,3,4,0,1,5,3,4,0,2,6,3,1,10,11,30,7,1,0,0,1,0,0,0,1,0,0,0,0,1,1,1,63
181,0,6717.734827000001,1541.830954,5193.914438000001,11797,0,0,1,0,1,0,1,0,0,0,0,0,0,0,0,1,0,0,0,0,0,0,0,1,0,1,0,1,0,1,1,1,0,0,14,59,45,0.7627118644067796,3.2142857142857144,0.03389830508474576,1,0,1.0,0, 0, 0, 0, 0, 0,3,2,3,1,1,1,3,2,1,9,4,6,0,3,3,1,1,0,1,0,4,6,8,14,18,2,3,2,3,1,1,1,3,2,1,9,4,6,0,3,3,1,1,0,1,0,4,6,8,14,18,2,3,2,3,1,1,1,3,2,1,9,4,6,0,3,3,1,1,0,1,0,4,6,8,14,18,2,0,0,1,0,0,0,0,1,0,1,0,1,1,1,1,45
182,0,16457.58893199999,4127.2414420000005,12348.35805499999,11364,0,0,1,1,0,0,0,1,0,0,0,0,0,0,0,1,0,0,0,0,0,0,0,1,0,1,0,1,0,1,1,1,0,0,34,137,103,0.7518248175182481,3.0294117647058822,0.0072992700729927005,0,0,1.0,0, 0, 0, 0, 0, 0,5,5,7,11,1,1,9,2,3,15,8,8,2,10,1,4,2,0,5,4,15,16,13,29,36,6,5,5,7,11,1,1,9,2,3,15,8,8,2,10,1,4,2,0,5,4,15,16,13,29,36,6,5,5,7,11,1,1,9,2,3,15,8,8,2,10,1,4,2,0,5,4,15,16,13,29,36,6,0,0,1,0,0,0,0,1,0,1,0,1,1,1,1,103
184,0,33241.041058,8764.619664999998,24494.43195800001,4989,0,0,1,0,1,0,1,0,0,0,0,0,0,0,0,1,0,0,0,0,0,0,0,1,0,1,0,1,0,1,1,1,0,0,73,294,221,0.7517006802721088,3.0273972602739727,0.006802721088435374,0,0,1.0,0, 0, 0, 0, 0, 0,13,7,6,5,2,6,5,19,2,30,31,10,11,11,8,15,8,4,9,19,24,11,17,28,123,23,13,7,6,5,2,6,5,19,2,30,31,10,11,11,8,15,8,4,9,19,24,11,17,28,123,23,13,7,6,5,2,6,5,19,2,30,31,10,11,11,8,15,8,4,9,19,24,11,17,28,123,23,0,0,1,0,0,0,0,1,0,1,0,1,1,1,1,221
185,0,31256.440707999987,7704.344065,23570.10720799998,4153,0,0,1,1,0,0,0,1,0,0,0,0,0,0,0,1,0,0,0,0,0,0,0,1,0,1,0,1,0,1,1,1,0,0,69,279,210,0.7526881720430108,3.0434782608695654,0.0035842293906810036,0,0,1.0,0, 0, 0, 0, 0, 0,16,6,4,5,1,6,5,11,3,28,29,9,5,20,9,10,16,1,9,17,30,9,15,24,106,26,16,6,4,5,1,6,5,11,3,28,29,9,5,20,9,10,16,1,9,17,30,9,15,24,106,26,16,6,4,5,1,6,5,11,3,28,29,9,5,20,9,10,16,1,9,17,30,9,15,24,106,26,0,0,1,0,0,0,0,1,0,1,0,1,1,1,1,210
187,0,7609.871623999997,1823.938606,5803.943583,1,1,1,0,0,1,1,1,0,0,0,0,0,0,0,0,1,0,0,0,0,0,0,0,1,0,1,0,1,0,1,1,1,0,0,15,62,47,0.7580645161290323,3.1333333333333333,0.04838709677419355,1,0,1.0,0, 0, 0, 0, 0, 0,1,4,5,3,2,0,3,1,1,5,5,3,0,3,1,2,0,2,3,3,8,8,7,15,15,2,1,4,5,3,2,0,3,1,1,5,5,3,0,3,1,2,0,2,3,3,8,8,7,15,15,2,1,4,5,3,2,0,3,1,1,5,5,3,0,3,1,2,0,2,3,3,8,8,7,15,15,2,0,0,1,0,0,0,0,1,0,1,0,1,1,1,1,47
188,0,9525.516579000001,2516.4592929999994,7027.067851000001,2339,0,0,1,0,1,1,1,0,0,0,0,0,0,0,0,1,0,0,0,0,0,0,0,1,0,1,0,1,0,1,1,1,0,0,20,80,60,0.75,3.0,0.0375,1,0,1.0,0, 0, 0, 0, 0, 0,1,1,1,4,3,1,1,2,1,9,10,11,1,3,0,2,3,0,3,3,6,2,12,14,26,5,1,1,1,4,3,1,1,2,1,9,10,11,1,3,0,2,3,0,3,3,6,2,12,14,26,5,1,1,1,4,3,1,1,2,1,9,10,11,1,3,0,2,3,0,3,3,6,2,12,14,26,5,0,0,1,0,0,0,0,1,0,1,0,1,1,1,1,60
189,0,24229.08891599998,5885.196807,18361.902673999994,3439,0,0,1,0,1,1,1,0,0,0,0,0,0,0,0,1,0,0,0,0,0,0,0,1,0,1,0,1,0,1,1,1,0,0,51,207,156,0.7536231884057971,3.0588235294117645,0.01932367149758454,1,0,1.0,0, 0, 0, 0, 0, 0,5,2,1,7,3,8,5,4,1,28,18,13,4,10,3,16,6,0,17,5,27,6,15,21,64,22,5,2,1,7,3,8,5,4,1,28,18,13,4,10,3,16,6,0,17,5,27,6,15,21,64,22,5,2,1,7,3,8,5,4,1,28,18,13,4,10,3,16,6,0,17,5,27,6,15,21,64,22,0,0,1,0,0,0,0,1,0,1,0,1,1,1,1,156
190,0,7343.254372000001,1816.0651119999995,5545.199825000001,7942,0,0,1,1,0,0,0,1,0,0,0,0,0,0,0,1,0,0,0,0,0,0,0,1,0,1,0,1,0,1,1,1,0,0,15,63,48,0.7619047619047619,3.2,0.015873015873015872,0,0,1.0,0, 0, 0, 0, 0, 0,3,1,0,2,1,2,2,3,0,9,9,3,0,4,1,1,0,0,4,3,8,2,4,6,27,1,3,1,0,2,1,2,2,3,0,9,9,3,0,4,1,1,0,0,4,3,8,2,4,6,27,1,3,1,0,2,1,2,2,3,0,9,9,3,0,4,1,1,0,0,4,3,8,2,4,6,27,1,0,0,1,0,0,0,0,1,0,1,0,1,1,1,1,48
193,0,31997.539119999972,8038.470917000004,23977.07876799997,1326,0,0,1,1,0,0,1,0,0,0,0,0,0,0,0,1,0,0,0,0,0,0,0,0,0,0,0,0,0,0,1,1,0,0,71,286,215,0.7517482517482518,3.028169014084507,0.006993006993006993,0,0,1.0,0, 0, 0, 0, 0, 0,13,8,8,11,2,3,10,9,2,37,21,12,3,12,5,22,13,1,8,15,21,18,20,38,98,35,13,8,8,11,2,3,10,9,2,37,21,12,3,12,5,22,13,1,8,15,21,18,20,38,98,35,13,8,8,11,2,3,10,9,2,37,21,12,3,12,5,22,13,1,8,15,21,18,20,38,98,35,0,0,0,0,0,0,0,0,0,0,0,0,0,1,1,215
194,1,4956.449565000001,1323.8060609999998,3650.654069,96,1,1,0,1,0,1,1,0,0,1,1,0,0,0,0,1,0,0,1,0,0,0,0,0,0,0,0,0,0,0,1,1,0,1,11,45,34,0.7555555555555555,3.090909090909091,0.13333333333333333,2,1.0,0.2222222222222222,0, 0, 3, 0, 0, 2,3,0,2,3,6,1,2,0,0,2,1,5,0,0,0,3,4,0,0,2,0,4,5,9,8,7,3,0,2,3,6,1,2,0,0,2,1,5,0,0,0,3,4,0,0,2,0,4,5,9,8,7,3,0,2,3,6,1,2,0,0,2,1,5,0,0,0,3,4,0,0,2,0,4,5,9,8,7,0,0,0,0,0,0,0,0,0,0,0,0,0,1,1,34
199,0,31303.959675000006,8060.132067000003,23261.83817299999,8364,0,0,1,0,1,1,1,0,0,0,0,0,0,0,0,1,0,0,0,0,0,0,0,0,1,1,0,0,0,1,1,1,0,0,72,288,216,0.75,3.0,0.010416666666666666,0,0,0.8159722222222222,0, 0, 0, 0, 1, 0,20,4,13,14,1,4,18,27,2,21,19,21,8,5,3,10,11,1,8,6,14,31,25,56,101,21,20,4,13,14,1,4,18,27,2,21,19,21,8,5,3,10,11,1,8,6,14,31,25,56,101,21,20,4,13,14,1,4,18,27,2,21,19,21,8,5,3,10,11,1,8,6,14,31,25,56,101,21,0,0,0,1,0,0,0,1,0,0,0,0,1,1,1,216
201,1,7310.100445,1951.98258,5376.128430000001,125,1,1,0,1,0,1,1,0,0,1,0,1,0,0,0,1,0,0,0,0,0,0,0,0,1,1,0,0,0,1,1,1,0,1,16,66,50,0.7575757575757576,3.125,0.07575757575757576,0,0,0.6060606060606061,2, 0, 1, 0, 0, 0,4,1,1,4,5,0,2,4,3,0,1,0,0,0,1,11,4,1,6,2,7,3,1,4,11,15,4,1,1,4,5,0,2,4,3,0,1,0,0,0,1,11,4,1,6,2,7,3,1,4,11,15,4,1,1,4,5,0,2,4,3,0,1,0,0,0,1,11,4,1,6,2,7,3,1,4,11,15,0,0,0,1,0,0,0,1,0,0,0,0,1,1,1,50
204,0,14739.819011000003,3712.0005590000014,11045.829016999996,2819,0,0,1,0,1,1,1,0,0,0,0,0,0,0,0,1,0,0,0,0,0,0,0,0,0,1,0,1,0,1,1,1,0,0,33,133,100,0.7518796992481203,3.0303030303030303,0.03007518796992481,0,0,1.0,0, 0, 0, 0, 0, 0,9,4,3,2,3,1,5,11,4,5,17,5,1,6,3,3,4,0,7,7,13,8,9,17,50,7,9,4,3,2,3,1,5,11,4,5,17,5,1,6,3,3,4,0,7,7,13,8,9,17,50,7,9,4,3,2,3,1,5,11,4,5,17,5,1,6,3,3,4,0,7,7,13,8,9,17,50,7,0,0,0,0,0,0,0,1,0,1,0,0,1,1,1,100
205,0,13442.887192000002,3135.602272,10325.29548500001,2304,0,0,1,1,0,1,1,0,0,0,0,0,0,0,0,1,0,0,0,0,0,0,0,0,0,1,0,1,0,1,1,1,0,0,31,126,95,0.753968253968254,3.064516129032258,0.023809523809523808,1,0,1.0,0, 0, 0, 0, 0, 0,14,2,5,4,3,4,9,5,0,7,8,7,2,5,5,0,6,0,2,7,7,14,9,23,43,6,14,2,5,4,3,4,9,5,0,7,8,7,2,5,5,0,6,0,2,7,7,14,9,23,43,6,14,2,5,4,3,4,9,5,0,7,8,7,2,5,5,0,6,0,2,7,7,14,9,23,43,6,0,0,0,0,0,0,0,1,0,1,0,0,1,1,1,95
206,0,30067.817118000035,7748.915849000004,22336.911834000024,1144,0,0,1,1,0,1,1,0,0,0,0,0,0,0,0,1,0,0,0,0,0,0,0,0,0,1,0,1,0,1,1,1,0,0,68,272,204,0.75,3.0,0.014705882352941176,0,0,1.0,0, 0, 0, 0, 0, 0,19,10,17,4,4,3,20,17,4,10,15,7,10,9,7,8,11,0,6,23,15,37,17,54,94,19,19,10,17,4,4,3,20,17,4,10,15,7,10,9,7,8,11,0,6,23,15,37,17,54,94,19,19,10,17,4,4,3,20,17,4,10,15,7,10,9,7,8,11,0,6,23,15,37,17,54,94,19,0,0,0,0,0,0,0,1,0,1,0,0,1,1,1,204
207,0,9824.814550999996,2516.3515070000003,7326.473609000001,884,0,0,0,0,1,1,1,0,0,0,0,0,0,0,0,1,0,0,0,0,0,0,0,0,0,1,0,1,0,1,1,1,0,0,21,87,66,0.7586206896551724,3.142857142857143,0.04597701149425287,0,0,1.0,1, 0, 0, 0, 0, 0,5,4,7,1,2,2,4,7,2,5,4,1,2,4,4,3,3,1,2,3,7,11,5,16,26,6,5,4,7,1,2,2,4,7,2,5,4,1,2,4,4,3,3,1,2,3,7,11,5,16,26,6,5,4,7,1,2,2,4,7,2,5,4,1,2,4,4,3,3,1,2,3,7,11,5,16,26,6,0,0,0,0,0,0,0,1,0,1,0,0,1,1,1,66
208,0,14214.778724999995,3661.9766770000006,10570.812612999995,415,1,0,0,0,1,0,0,1,0,0,0,0,0,0,1,1,0,0,0,0,0,0,0,0,0,1,0,1,0,1,1,1,0,0,34,137,103,0.7518248175182481,3.0294117647058822,0.0,0,0,1.0,0, 0, 0, 0, 0, 0,15,3,2,2,0,4,2,15,0,9,14,3,3,2,2,4,6,2,4,11,8,4,6,10,67,10,15,3,2,2,0,4,2,15,0,9,14,3,3,2,2,4,6,2,4,11,8,4,6,10,67,10,15,3,2,2,0,4,2,15,0,9,14,3,3,2,2,4,6,2,4,11,8,4,6,10,67,10,0,0,0,0,0,0,0,1,0,1,0,0,1,1,1,103
209,1,7081.338799000001,1882.0168569999998,5217.332506999998,146,1,1,0,0,1,1,1,0,0,1,1,0,0,0,0,1,0,0,1,0,0,0,0,0,0,1,0,1,0,1,1,1,0,1,16,66,50,0.7575757575757576,3.125,0.10606060606060606,4,11.666666666666666,0.4696969696969697,0, 0, 3, 0, 0, 2,6,2,1,6,6,3,3,5,1,0,3,4,0,0,0,5,2,0,1,2,1,4,6,10,16,7,6,2,1,6,6,3,3,5,1,0,3,4,0,0,0,5,2,0,1,2,1,4,6,10,16,7,6,2,1,6,6,3,3,5,1,0,3,4,0,0,0,5,2,0,1,2,1,4,6,10,16,7,0,0,0,0,0,0,0,1,0,1,0,0,1,1,1,50
210,0,31482.766270000036,7646.173111000002,23854.603723999993,260,1,0,0,0,1,1,1,0,0,0,0,0,0,0,0,1,0,0,0,0,0,0,0,0,0,1,0,1,0,1,1,1,0,0,70,282,212,0.75177304964539,3.0285714285714285,0.02127659574468085,3,38.5,1.0,0, 0, 0, 0, 0, 1,12,6,11,13,5,4,19,18,4,6,13,18,8,5,7,10,14,4,13,22,22,30,24,54,79,24,12,6,11,13,5,4,19,18,4,6,13,18,8,5,7,10,14,4,13,22,22,30,24,54,79,24,12,6,11,13,5,4,19,18,4,6,13,18,8,5,7,10,14,4,13,22,22,30,24,54,79,24,0,0,0,0,0,0,0,1,0,1,0,0,1,1,1,212
211,0,29824.93175100001,7316.052191999999,22526.89012399999,302,1,0,0,0,1,1,1,0,0,0,0,0,0,0,0,1,0,0,0,0,0,0,0,0,0,1,0,1,0,1,1,1,0,0,67,268,201,0.75,3.0,0.022388059701492536,3,38.5,1.0,0, 0, 0, 0, 0, 1,12,6,10,13,5,4,17,17,4,6,11,15,8,5,7,10,13,3,13,22,21,27,21,48,76,23,12,6,10,13,5,4,17,17,4,6,11,15,8,5,7,10,13,3,13,22,21,27,21,48,76,23,12,6,10,13,5,4,17,17,4,6,11,15,8,5,7,10,13,3,13,22,21,27,21,48,76,23,0,0,0,0,0,0,0,1,0,1,0,0,1,1,1,201
213,0,7939.707537000003,2070.030317,5887.687784999997,3838,0,0,1,1,0,1,1,0,0,0,1,1,0,0,0,1,0,0,0,0,0,0,0,0,0,1,0,1,0,1,1,1,0,1,18,72,54,0.75,3.0,0.08333333333333333,4,5.666666666666667,0.375,1, 1, 0, 1, 0, 0,9,4,2,2,6,1,6,4,1,1,3,3,1,0,2,1,3,1,2,2,3,8,7,15,20,4,9,4,2,2,6,1,6,4,1,1,3,3,1,0,2,1,3,1,2,2,3,8,7,15,20,4,9,4,2,2,6,1,6,4,1,1,3,3,1,0,2,1,3,1,2,2,3,8,7,15,20,4,0,0,0,0,0,0,0,1,0,1,0,0,1,1,1,54
214,0,13268.558545999997,3329.6053560000005,9956.963755,4125,0,0,1,0,1,1,1,0,0,0,1,0,0,0,0,1,0,0,0,0,0,0,0,0,0,1,0,1,0,1,1,1,0,0,30,120,90,0.75,3.0,0.025,2,4.0,0.6916666666666667,0, 1, 0, 0, 0, 0,10,5,4,4,3,2,8,6,3,3,13,4,2,1,4,6,4,1,4,3,6,12,9,21,37,10,10,5,4,4,3,2,8,6,3,3,13,4,2,1,4,6,4,1,4,3,6,12,9,21,37,10,10,5,4,4,3,2,8,6,3,3,13,4,2,1,4,6,4,1,4,3,6,12,9,21,37,10,0,0,0,0,0,0,0,1,0,1,0,0,1,1,1,90
215,0,5893.971935999999,1355.592831,4556.38967,4474,0,0,1,1,0,0,0,1,0,0,0,0,0,0,0,1,0,0,0,0,0,0,0,0,0,1,0,1,0,1,1,1,0,0,12,51,39,0.7647058823529411,3.25,0.0196078431372549,1,0,1.0,0, 0, 0, 0, 0, 0,2,3,0,3,1,1,5,1,2,4,0,4,1,1,4,1,1,0,1,4,2,5,7,12,12,2,2,3,0,3,1,1,5,1,2,4,0,4,1,1,4,1,1,0,1,4,2,5,7,12,12,2,2,3,0,3,1,1,5,1,2,4,0,4,1,1,4,1,1,0,1,4,2,5,7,12,12,2,0,0,0,0,0,0,0,1,0,1,0,0,1,1,1,39
216,0,13738.688816000003,3389.6305399999997,10367.068840999998,8149,0,0,1,0,1,1,1,0,0,1,0,0,0,0,0,1,0,0,0,0,0,0,0,0,0,1,0,1,0,1,1,1,0,0,31,126,95,0.753968253968254,3.064516129032258,0.031746031746031744,1,0,0.6825396825396826,0, 0, 1, 0, 0, 0,16,7,7,5,3,2,4,6,1,5,6,3,6,2,4,2,4,0,5,7,7,11,10,21,46,6,16,7,7,5,3,2,4,6,1,5,6,3,6,2,4,2,4,0,5,7,7,11,10,21,46,6,16,7,7,5,3,2,4,6,1,5,6,3,6,2,4,2,4,0,5,7,7,11,10,21,46,6,0,0,0,0,0,0,0,1,0,1,0,0,1,1,1,95
217,0,8328.356158999999,2142.282332,6204.084392000001,8821,0,0,1,1,0,0,1,0,0,0,0,0,1,0,0,1,0,0,0,0,0,0,0,0,0,1,0,1,0,1,1,1,0,0,18,75,57,0.76,3.1666666666666665,0.02666666666666667,0,0,1.0,0, 0, 0, 0, 0, 0,8,3,4,2,2,1,1,4,1,2,0,8,1,2,1,6,5,2,1,3,5,5,11,16,18,11,8,3,4,2,2,1,1,4,1,2,0,8,1,2,1,6,5,2,1,3,5,5,11,16,18,11,8,3,4,2,2,1,1,4,1,2,0,8,1,2,1,6,5,2,1,3,5,5,11,16,18,11,0,0,0,0,0,0,0,1,0,1,0,0,1,1,1,57
219,0,32365.37460699999,7942.198304,24441.186867999997,4254,0,0,1,0,1,1,1,0,0,0,0,0,0,0,0,1,0,0,0,0,0,0,0,0,0,0,0,0,0,0,1,1,0,0,74,298,224,0.7516778523489933,3.027027027027027,0.03355704697986577,4,46.333333333333336,1.0,0, 0, 0, 0, 0, 1,21,13,16,8,8,7,14,23,5,27,14,10,6,3,4,10,14,1,10,10,14,30,23,53,101,24,21,13,16,8,8,7,14,23,5,27,14,10,6,3,4,10,14,1,10,10,14,30,23,53,101,24,21,13,16,8,8,7,14,23,5,27,14,10,6,3,4,10,14,1,10,10,14,30,23,53,101,24,0,0,0,0,0,0,0,0,0,0,0,0,0,1,1,224
220,0,29272.603609999987,6984.637573999999,22305.976601000002,4254,0,0,1,0,1,1,1,0,0,0,0,0,0,0,0,1,0,0,0,0,0,0,0,0,0,0,0,0,0,0,1,1,0,0,67,269,202,0.7509293680297398,3.014925373134328,0.03717472118959108,4,46.333333333333336,1.0,0, 0, 0, 0, 0, 1,18,13,15,7,8,5,14,18,5,24,11,9,6,2,4,10,14,1,10,8,13,29,22,51,85,24,18,13,15,7,8,5,14,18,5,24,11,9,6,2,4,10,14,1,10,8,13,29,22,51,85,24,18,13,15,7,8,5,14,18,5,24,11,9,6,2,4,10,14,1,10,8,13,29,22,51,85,24,0,0,0,0,0,0,0,0,0,0,0,0,0,1,1,202
221,0,28864.590937,7505.945177999997,21376.65632399998,3383,0,0,1,0,1,0,1,0,0,0,0,0,0,0,0,1,0,0,0,0,0,0,0,0,0,0,0,0,0,0,1,1,0,0,65,260,195,0.75,3.0,0.007692307692307693,1,0,1.0,0, 0, 0, 0, 0, 0,16,12,11,6,1,5,16,19,2,10,17,8,6,8,6,17,12,0,10,13,18,27,20,47,81,29,16,12,11,6,1,5,16,19,2,10,17,8,6,8,6,17,12,0,10,13,18,27,20,47,81,29,16,12,11,6,1,5,16,19,2,10,17,8,6,8,6,17,12,0,10,13,18,27,20,47,81,29,0,0,0,0,0,0,0,0,0,0,0,0,0,1,1,195
222,0,10875.217474000001,2784.312068,8108.9159709999985,3087,0,0,1,0,1,0,1,0,0,0,0,0,0,0,0,1,0,0,0,0,0,0,0,0,0,0,0,0,0,0,1,1,0,0,22,88,66,0.75,3.0,0.022727272727272728,0,0,1.0,0, 0, 0, 0, 0, 0,3,4,7,1,1,1,12,1,3,4,5,4,0,6,1,0,5,1,3,4,10,19,8,27,17,5,3,4,7,1,1,1,12,1,3,4,5,4,0,6,1,0,5,1,3,4,10,19,8,27,17,5,3,4,7,1,1,1,12,1,3,4,5,4,0,6,1,0,5,1,3,4,10,19,8,27,17,5,0,0,0,0,0,0,0,0,0,0,0,0,0,1,1,66
223,0,25675.967198999995,6483.118459000001,19210.859304999984,2380,0,0,1,1,0,0,1,0,0,0,0,0,0,0,0,1,0,0,0,0,0,0,0,0,0,0,0,0,0,0,1,1,0,0,55,221,166,0.751131221719457,3.018181818181818,0.00904977375565611,1,0,1.0,0, 0, 0, 0, 0, 0,10,7,14,8,2,3,10,5,2,18,10,17,7,5,4,12,7,2,10,13,17,24,24,48,63,19,10,7,14,8,2,3,10,5,2,18,10,17,7,5,4,12,7,2,10,13,17,24,24,48,63,19,10,7,14,8,2,3,10,5,2,18,10,17,7,5,4,12,7,2,10,13,17,24,24,48,63,19,0,0,0,0,0,0,0,0,0,0,0,0,0,1,1,166
224,0,24718.52215399999,6259.074454,18477.45826499999,2380,0,0,1,1,0,0,1,0,0,0,0,0,0,0,0,1,0,0,0,0,0,0,0,0,0,0,0,0,0,0,1,1,0,0,53,213,160,0.7511737089201878,3.018867924528302,0.009389671361502348,1,0,1.0,0, 0, 0, 0, 0, 0,10,7,14,8,2,3,9,5,2,16,10,16,7,5,4,11,7,2,9,13,16,23,23,46,61,18,10,7,14,8,2,3,9,5,2,16,10,16,7,5,4,11,7,2,9,13,16,23,23,46,61,18,10,7,14,8,2,3,9,5,2,16,10,16,7,5,4,11,7,2,9,13,16,23,23,46,61,18,0,0,0,0,0,0,0,0,0,0,0,0,0,1,1,160
226,0,18372.813155000003,4786.085934,13604.737786000003,741,0,0,0,1,0,0,1,0,0,0,0,0,0,0,0,1,0,0,0,0,0,0,0,0,0,0,0,0,0,0,1,1,0,0,39,158,119,0.7531645569620253,3.051282051282051,0.012658227848101266,0,0,1.0,0, 0, 0, 0, 0, 0,12,7,5,4,2,4,11,12,3,7,12,4,4,5,1,3,3,2,10,8,17,16,11,27,55,6,12,7,5,4,2,4,11,12,3,7,12,4,4,5,1,3,3,2,10,8,17,16,11,27,55,6,12,7,5,4,2,4,11,12,3,7,12,4,4,5,1,3,3,2,10,8,17,16,11,27,55,6,0,0,0,0,0,0,0,0,0,0,0,0,0,1,1,119
227,0,12957.188154999985,3367.0042180000005,9608.194501999991,333,1,0,0,1,0,0,0,1,0,0,0,0,0,0,0,1,0,0,0,0,0,0,0,0,0,0,0,0,0,0,1,1,0,0,30,120,90,0.75,3.0,0.008333333333333333,0,0,1.0,0, 0, 0, 0, 0, 0,6,1,2,3,1,0,2,16,1,8,12,6,3,10,0,3,3,1,3,9,14,4,7,11,54,6,6,1,2,3,1,0,2,16,1,8,12,6,3,10,0,3,3,1,3,9,14,4,7,11,54,6,6,1,2,3,1,0,2,16,1,8,12,6,3,10,0,3,3,1,3,9,14,4,7,11,54,6,0,0,0,0,0,0,0,0,0,0,0,0,0,1,1,90
228,0,10789.911066999995,2576.483789000001,8231.437842999998,2246,0,0,1,1,0,0,0,1,0,0,0,0,0,0,1,1,0,0,0,0,0,0,0,0,0,0,0,0,0,0,1,1,0,0,24,97,73,0.7525773195876289,3.0416666666666665,0.010309278350515464,1,0,1.0,0, 0, 0, 0, 0, 0,10,6,1,1,1,2,1,8,2,3,8,5,2,5,2,2,3,4,2,5,11,2,11,13,36,5,10,6,1,1,1,2,1,8,2,3,8,5,2,5,2,2,3,4,2,5,11,2,11,13,36,5,10,6,1,1,1,2,1,8,2,3,8,5,2,5,2,2,3,4,2,5,11,2,11,13,36,5,0,0,0,0,0,0,0,0,0,0,0,0,0,1,1,73
229,0,31509.572727000013,7697.814634999997,23829.768656999997,2562,0,0,1,0,1,1,1,0,0,0,0,0,0,0,0,1,0,0,0,0,0,0,0,0,0,0,0,0,0,0,1,1,0,0,70,282,212,0.75177304964539,3.0285714285714285,0.024822695035460994,2,1.0,0.9397163120567376,0, 0, 0, 0, 1, 1,24,9,8,8,3,8,24,12,6,9,19,10,3,14,6,13,13,1,10,12,25,32,19,51,79,26,24,9,8,8,3,8,24,12,6,9,19,10,3,14,6,13,13,1,10,12,25,32,19,51,79,26,24,9,8,8,3,8,24,12,6,9,19,10,3,14,6,13,13,1,10,12,25,32,19,51,79,26,0,0,0,0,0,0,0,0,0,0,0,0,0,1,1,212
230,0,29529.590996,7281.662594,22265.938967,2619,0,0,1,0,1,1,1,0,0,0,0,0,0,0,0,1,0,0,0,0,0,0,0,0,0,0,0,0,0,0,1,1,0,0,65,263,198,0.752851711026616,3.046153846153846,0.015209125475285171,1,0,1.0,0, 0, 0, 0, 0, 0,22,9,8,8,3,7,22,11,6,9,17,8,3,13,6,12,13,1,9,11,23,30,17,47,73,25,22,9,8,8,3,7,22,11,6,9,17,8,3,13,6,12,13,1,9,11,23,30,17,47,73,25,22,9,8,8,3,7,22,11,6,9,17,8,3,13,6,12,13,1,9,11,23,30,17,47,73,25,0,0,0,0,0,0,0,0,0,0,0,0,0,1,1,198
231,0,29682.667824000004,7166.553497000001,22534.124892000007,3407,0,0,1,0,1,1,1,0,0,0,0,0,0,0,0,1,0,0,0,0,0,0,0,0,0,0,0,0,0,0,1,1,0,0,66,265,199,0.7509433962264151,3.015151515151515,0.018867924528301886,1,0,1.0,0, 0, 0, 0, 0, 0,14,15,10,8,1,5,9,17,3,11,22,18,2,10,5,8,14,1,11,15,22,19,33,52,81,22,14,15,10,8,1,5,9,17,3,11,22,18,2,10,5,8,14,1,11,15,22,19,33,52,81,22,14,15,10,8,1,5,9,17,3,11,22,18,2,10,5,8,14,1,11,15,22,19,33,52,81,22,0,0,0,0,0,0,0,0,0,0,0,0,0,1,1,199
233,0,6970.873443000001,1751.9141050000003,5236.969903000001,9025,0,0,1,1,0,0,1,0,0,0,0,0,0,0,0,1,0,0,0,0,0,0,0,0,0,0,0,0,0,0,1,1,0,0,15,63,48,0.7619047619047619,3.2,0.031746031746031744,0,0,1.0,0, 0, 0, 0, 0, 0,3,3,2,3,2,0,4,3,0,4,14,0,0,1,3,0,2,0,0,4,1,6,3,9,28,2,3,3,2,3,2,0,4,3,0,4,14,0,0,1,3,0,2,0,0,4,1,6,3,9,28,2,3,3,2,3,2,0,4,3,0,4,14,0,0,1,3,0,2,0,0,4,1,6,3,9,28,2,0,0,0,0,0,0,0,0,0,0,0,0,0,1,1,48
236,0,8845.818261000004,2282.203445,6581.625380999999,9694,0,0,1,0,1,1,1,0,0,0,0,0,0,0,0,1,0,0,0,0,0,0,0,0,0,0,0,0,0,0,1,1,0,0,18,74,56,0.7567567567567568,3.111111111111111,0.04054054054054054,2,34.0,0.8108108108108109,0, 1, 0, 0, 0, 0,5,8,2,1,1,3,3,2,1,5,5,4,2,0,2,0,5,0,3,4,3,5,12,17,23,5,5,8,2,1,1,3,3,2,1,5,5,4,2,0,2,0,5,0,3,4,3,5,12,17,23,5,5,8,2,1,1,3,3,2,1,5,5,4,2,0,2,0,5,0,3,4,3,5,12,17,23,5,0,0,0,0,0,0,0,0,0,0,0,0,0,1,1,56
238,0,32965.26220600002,8107.406375000002,24875.866396,2482,0,0,1,1,0,0,1,0,0,0,0,0,0,0,0,1,0,0,0,0,0,0,0,0,0,0,0,0,0,0,1,1,0,0,70,283,213,0.7526501766784452,3.0428571428571427,0.007067137809187279,1,0,1.0,0, 0, 0, 0, 0, 0,16,6,14,7,2,12,20,14,3,8,13,17,9,8,5,10,14,7,17,11,32,34,23,57,71,24,16,6,14,7,2,12,20,14,3,8,13,17,9,8,5,10,14,7,17,11,32,34,23,57,71,24,16,6,14,7,2,12,20,14,3,8,13,17,9,8,5,10,14,7,17,11,32,34,23,57,71,24,0,0,0,0,0,0,0,0,0,0,0,0,0,1,1,213
240,0,32402.515680999986,8289.179253999997,24131.34699200001,6431,0,0,1,0,1,1,1,0,0,0,0,0,0,0,0,1,0,0,0,0,0,0,0,0,0,0,0,0,0,0,1,1,0,0,71,285,214,0.7508771929824561,3.0140845070422535,0.021052631578947368,2,1.0,1.0,0, 0, 0, 0, 0, 1,12,8,15,5,6,11,11,12,10,19,19,12,4,12,14,14,4,1,7,18,20,26,20,46,84,18,12,8,15,5,6,11,11,12,10,19,19,12,4,12,14,14,4,1,7,18,20,26,20,46,84,18,12,8,15,5,6,11,11,12,10,19,19,12,4,12,14,14,4,1,7,18,20,26,20,46,84,18,0,0,0,0,0,0,0,0,0,0,0,0,0,1,1,214
242,0,19988.32859099999,5201.625284,14804.713872000002,4786,0,0,1,1,0,0,0,1,0,0,0,0,0,0,0,1,0,0,0,0,0,0,0,0,1,1,1,1,0,0,1,1,0,0,42,170,128,0.7529411764705882,3.0476190476190474,0.0058823529411764705,0,0,1.0,0, 0, 0, 0, 0, 0,11,9,7,7,1,1,11,5,1,5,20,10,2,3,4,9,6,2,9,5,14,18,19,37,48,15,11,9,7,7,1,1,11,5,1,5,20,10,2,3,4,9,6,2,9,5,14,18,19,37,48,15,11,9,7,7,1,1,11,5,1,5,20,10,2,3,4,9,6,2,9,5,14,18,19,37,48,15,0,0,0,1,0,0,0,1,1,1,0,1,0,1,1,128
243,0,13639.995246999999,3001.5252690000007,10656.480542999994,3145,0,0,1,0,1,1,1,0,0,0,0,0,0,0,0,1,0,0,0,0,0,0,0,0,1,1,1,1,0,0,1,1,0,0,29,117,88,0.7521367521367521,3.0344827586206895,0.03418803418803419,1,0,0.6068376068376068,0, 0, 0, 1, 0, 0,3,8,7,3,3,2,4,3,5,7,11,6,2,6,5,4,3,4,1,1,11,11,14,25,27,7,3,8,7,3,3,2,4,3,5,7,11,6,2,6,5,4,3,4,1,1,11,11,14,25,27,7,3,8,7,3,3,2,4,3,5,7,11,6,2,6,5,4,3,4,1,1,11,11,14,25,27,7,0,0,0,1,0,0,0,1,1,1,0,1,0,1,1,88
244,0,13159.448304999998,3416.6063909999993,9760.852479000001,2811,0,0,1,0,1,1,1,0,0,0,0,0,0,0,0,1,0,0,0,0,0,0,0,0,1,1,1,1,0,0,1,1,0,0,28,113,85,0.7522123893805309,3.0357142857142856,0.02654867256637168,0,0,0.7610619469026548,0, 0, 1, 0, 0, 0,5,8,3,1,1,3,12,3,1,8,7,2,4,4,3,13,2,1,1,3,6,15,10,25,30,15,5,8,3,1,1,3,12,3,1,8,7,2,4,4,3,13,2,1,1,3,6,15,10,25,30,15,5,8,3,1,1,3,12,3,1,8,7,2,4,4,3,13,2,1,1,3,6,15,10,25,30,15,0,0,0,1,0,0,0,1,1,1,0,1,0,1,1,85
245,0,8363.298692,2221.2670170000006,6160.042240000002,2519,0,0,1,1,0,0,0,1,0,0,0,0,0,0,0,1,0,0,0,0,0,0,0,0,1,1,1,1,0,0,1,1,0,0,18,72,54,0.75,3.0,0.013888888888888888,0,0,1.0,0, 0, 0, 0, 0, 0,0,2,2,4,1,2,3,3,1,3,3,6,1,4,0,10,5,1,1,2,6,5,8,13,12,15,0,2,2,4,1,2,3,3,1,3,3,6,1,4,0,10,5,1,1,2,6,5,8,13,12,15,0,2,2,4,1,2,3,3,1,3,3,6,1,4,0,10,5,1,1,2,6,5,8,13,12,15,0,0,0,1,0,0,0,1,1,1,0,1,0,1,1,54
246,1,7085.304504999999,1900.0451799999994,5203.2698900000005,48,1,1,0,1,0,1,1,0,0,1,0,1,0,0,0,1,0,0,0,0,0,0,0,0,1,1,1,1,0,0,1,1,0,1,17,68,51,0.75,3.0,0.058823529411764705,2,24.0,0.27941176470588236,1, 0, 1, 0, 0, 0,5,2,1,3,4,0,3,8,2,0,1,2,1,0,2,6,5,1,2,3,3,4,4,8,18,11,5,2,1,3,4,0,3,8,2,0,1,2,1,0,2,6,5,1,2,3,3,4,4,8,18,11,5,2,1,3,4,0,3,8,2,0,1,2,1,0,2,6,5,1,2,3,3,4,4,8,18,11,0,0,0,1,0,0,0,1,1,1,0,1,0,1,1,51
249,1,7379.6677279999985,1863.032172,5534.646121000001,22,1,1,0,0,1,1,1,0,0,1,1,0,0,0,0,1,0,0,1,0,0,0,1,0,0,0,0,0,0,0,1,1,0,1,16,66,50,0.7575757575757576,3.125,0.10606060606060606,5,7.0,0.4696969696969697,0, 0, 3, 0, 0, 2,3,3,0,4,6,4,1,4,1,3,2,4,0,2,1,5,3,1,1,2,4,1,7,8,14,8,3,3,0,4,6,4,1,4,1,3,2,4,0,2,1,5,3,1,1,2,4,1,7,8,14,8,3,3,0,4,6,4,1,4,1,3,2,4,0,2,1,5,3,1,1,2,4,1,7,8,14,8,0,1,0,0,0,0,0,0,0,0,0,0,0,1,1,50
252,0,17942.127140000008,4377.177334000001,13582.960371000001,1820,0,0,1,0,1,1,1,0,0,0,0,0,0,0,0,1,0,0,0,0,0,0,1,0,0,0,0,0,0,0,1,1,0,0,38,155,117,0.7548387096774194,3.0789473684210527,0.01935483870967742,0,0,1.0,0, 0, 0, 0, 0, 0,7,7,3,6,2,6,8,5,5,6,8,12,5,5,1,9,7,0,6,9,11,11,19,30,40,16,7,7,3,6,2,6,8,5,5,6,8,12,5,5,1,9,7,0,6,9,11,11,19,30,40,16,7,7,3,6,2,6,8,5,5,6,8,12,5,5,1,9,7,0,6,9,11,11,19,30,40,16,0,1,0,0,0,0,0,0,0,0,0,0,0,1,1,117
253,0,18473.37128600001,4566.231161000001,13925.150689999999,1820,0,0,1,0,1,1,1,0,0,0,0,0,0,0,0,1,0,0,0,0,0,0,1,0,0,0,0,0,0,0,1,1,0,0,39,159,120,0.7547169811320755,3.076923076923077,0.018867924528301886,0,0,1.0,0, 0, 0, 0, 0, 0,7,7,3,6,2,7,8,5,5,6,9,12,5,5,1,9,8,0,6,9,11,11,19,30,41,17,7,7,3,6,2,7,8,5,5,6,9,12,5,5,1,9,8,0,6,9,11,11,19,30,41,17,7,7,3,6,2,7,8,5,5,6,9,12,5,5,1,9,8,0,6,9,11,11,19,30,41,17,0,1,0,0,0,0,0,0,0,0,0,0,0,1,1,120
256,0,26537.37029800005,6702.7232410000015,19852.657622000006,5090,0,0,1,0,1,1,1,0,0,0,0,0,0,0,0,1,0,0,0,0,0,0,0,0,0,0,0,0,0,0,1,1,0,0,58,235,177,0.7531914893617021,3.0517241379310347,0.02127659574468085,3,13.5,1.0,0, 0, 0, 0, 0, 0,6,8,8,9,5,4,7,24,4,11,9,12,7,8,8,11,8,3,14,11,25,15,20,35,68,19,6,8,8,9,5,4,7,24,4,11,9,12,7,8,8,11,8,3,14,11,25,15,20,35,68,19,6,8,8,9,5,4,7,24,4,11,9,12,7,8,8,11,8,3,14,11,25,15,20,35,68,19,0,0,0,0,0,0,0,0,0,0,0,0,0,1,1,177
257,0,18459.681946000004,4830.4110980000005,13647.281412999993,4593,0,0,1,0,1,1,1,0,1,0,1,0,0,0,0,1,0,0,0,0,0,0,0,0,0,0,0,0,0,0,1,1,0,1,41,166,125,0.7530120481927711,3.048780487804878,0.03614457831325301,3,49.5,0.6626506024096386,0, 1, 0, 0, 1, 0,9,7,1,6,5,4,6,13,1,13,11,10,2,4,5,7,7,0,6,8,10,7,17,24,56,14,9,7,1,6,5,4,6,13,1,13,11,10,2,4,5,7,7,0,6,8,10,7,17,24,56,14,9,7,1,6,5,4,6,13,1,13,11,10,2,4,5,7,7,0,6,8,10,7,17,24,56,14,0,0,0,0,0,0,0,0,0,0,0,0,0,1,1,125
258,0,32139.836164000022,8154.287223,24003.55950600001,2708,0,0,1,0,1,0,1,0,0,0,0,0,0,0,0,1,0,0,0,0,0,0,0,0,0,0,0,0,0,0,1,1,0,0,68,272,204,0.75,3.0,0.007352941176470588,1,0,1.0,0, 0, 0, 0, 0, 0,8,6,11,10,1,5,5,8,1,30,19,7,7,29,7,12,10,3,11,14,43,16,13,29,86,22,8,6,11,10,1,5,5,8,1,30,19,7,7,29,7,12,10,3,11,14,43,16,13,29,86,22,8,6,11,10,1,5,5,8,1,30,19,7,7,29,7,12,10,3,11,14,43,16,13,29,86,22,0,0,0,0,0,0,0,0,0,0,0,0,0,1,1,204
259,0,33153.28997199999,8310.337529000002,24860.963007999988,1778,0,0,1,0,1,1,1,0,1,0,0,0,0,0,0,1,0,0,0,0,0,0,0,0,0,0,0,0,0,0,1,1,0,0,73,293,220,0.7508532423208191,3.0136986301369864,0.020477815699658702,2,1.0,0.5563139931740614,0, 0, 0, 0, 2, 0,17,12,9,12,5,8,14,13,9,17,28,15,3,6,6,16,7,1,11,11,18,23,27,50,89,23,17,12,9,12,5,8,14,13,9,17,28,15,3,6,6,16,7,1,11,11,18,23,27,50,89,23,17,12,9,12,5,8,14,13,9,17,28,15,3,6,6,16,7,1,11,11,18,23,27,50,89,23,0,0,0,0,0,0,0,0,0,0,0,0,0,1,1,220
260,0,23997.060130999987,6199.446671,17815.62402499998,1036,0,0,1,1,0,1,1,0,1,0,0,0,0,0,0,1,0,0,0,0,0,0,0,0,0,0,0,0,0,0,1,1,0,0,54,218,164,0.7522935779816514,3.037037037037037,0.027522935779816515,1,0,0.11467889908256881,0, 0, 0, 0, 1, 0,18,4,1,1,6,5,4,11,1,21,21,8,4,18,4,17,6,0,5,9,23,5,12,17,84,23,18,4,1,1,6,5,4,11,1,21,21,8,4,18,4,17,6,0,5,9,23,5,12,17,84,23,18,4,1,1,6,5,4,11,1,21,21,8,4,18,4,17,6,0,5,9,23,5,12,17,84,23,0,0,0,0,0,0,0,0,0,0,0,0,0,1,1,164
262,0,31314.32245500003,7885.203698,23447.129321999993,84,1,1,0,0,1,1,1,0,1,0,0,0,0,0,0,1,0,0,0,0,0,0,0,0,0,0,0,0,0,0,1,1,0,0,72,291,219,0.7525773195876289,3.0416666666666665,0.020618556701030927,2,1.0,0.4639175257731959,0, 0, 0, 0, 1, 0,24,6,16,6,3,5,11,18,2,18,18,19,6,6,8,17,11,0,9,16,15,27,25,52,100,28,24,6,16,6,3,5,11,18,2,18,18,19,6,6,8,17,11,0,9,16,15,27,25,52,100,28,24,6,16,6,3,5,11,18,2,18,18,19,6,6,8,17,11,0,9,16,15,27,25,52,100,28,0,0,0,0,0,0,0,0,0,0,0,0,0,1,1,219
263,1,4756.258011000001,1367.745585,3406.522991,93,1,1,0,1,0,1,1,0,0,1,1,0,0,0,0,1,0,0,1,0,0,0,0,0,0,0,0,0,0,0,1,1,0,1,11,45,34,0.7555555555555555,3.090909090909091,0.13333333333333333,3,6.5,0.2222222222222222,0, 0, 3, 0, 0, 2,6,0,0,1,6,3,2,3,0,0,1,5,0,0,0,3,3,0,0,1,0,2,5,7,11,6,6,0,0,1,6,3,2,3,0,0,1,5,0,0,0,3,3,0,0,1,0,2,5,7,11,6,6,0,0,1,6,3,2,3,0,0,1,5,0,0,0,3,3,0,0,1,0,2,5,7,11,6,0,0,0,0,0,0,0,0,0,0,0,0,0,1,1,34
266,0,32128.47569199998,8000.032586000003,24146.453670999985,5231,0,0,1,0,1,1,1,0,0,0,0,0,0,0,0,1,0,0,0,0,0,0,0,0,0,0,0,0,0,0,1,1,0,0,74,296,222,0.75,3.0,0.02364864864864865,3,88.0,0.07432432432432433,0, 0, 0, 1, 0, 0,16,7,9,14,6,4,15,16,4,16,25,15,6,5,11,16,12,0,8,17,13,24,22,46,96,28,16,7,9,14,6,4,15,16,4,16,25,15,6,5,11,16,12,0,8,17,13,24,22,46,96,28,16,7,9,14,6,4,15,16,4,16,25,15,6,5,11,16,12,0,8,17,13,24,22,46,96,28,0,0,0,0,0,0,0,0,0,0,0,0,0,1,1,222
267,0,27582.294998999998,6846.307778000001,20753.997786,6176,0,0,1,0,1,0,1,0,0,0,0,0,0,0,0,1,0,0,0,0,0,0,0,0,0,0,0,0,0,0,1,1,0,0,63,254,191,0.7519685039370079,3.0317460317460316,0.007874015748031496,1,0,1.0,0, 0, 0, 0, 0, 0,20,4,10,7,0,3,13,12,8,24,14,18,5,10,7,18,7,0,2,9,12,23,22,45,84,25,20,4,10,7,0,3,13,12,8,24,14,18,5,10,7,18,7,0,2,9,12,23,22,45,84,25,20,4,10,7,0,3,13,12,8,24,14,18,5,10,7,18,7,0,2,9,12,23,22,45,84,25,0,0,0,0,0,0,0,0,0,0,0,0,0,1,1,191
269,0,5517.970859,1385.781301,4150.200123,6249,0,0,1,1,0,0,1,0,0,0,0,0,1,0,0,1,0,0,0,0,0,0,0,0,0,1,1,1,0,1,1,1,0,0,12,49,37,0.7551020408163265,3.0833333333333335,0.04081632653061224,1,0,1.0,0, 0, 0, 0, 0, 0,4,0,1,1,2,1,1,1,1,1,6,7,3,0,2,3,0,0,2,1,2,2,7,9,16,3,4,0,1,1,2,1,1,1,1,1,6,7,3,0,2,3,0,0,2,1,2,2,7,9,16,3,4,0,1,1,2,1,1,1,1,1,6,7,3,0,2,3,0,0,2,1,2,2,7,9,16,3,0,0,0,0,0,0,0,1,1,1,0,1,1,1,1,37
270,0,21596.396574999977,5377.722457,16236.684682999992,5663,0,0,1,0,1,1,1,0,0,0,1,0,1,0,0,1,0,0,0,0,0,0,0,0,0,1,1,1,0,1,1,1,0,0,48,193,145,0.7512953367875648,3.0208333333333335,0.046632124352331605,2,73.0,0.5699481865284974,0, 1, 1, 0, 0, 0,9,2,0,6,7,3,9,9,4,16,16,14,3,8,3,8,9,2,5,12,15,9,16,25,65,17,9,2,0,6,7,3,9,9,4,16,16,14,3,8,3,8,9,2,5,12,15,9,16,25,65,17,9,2,0,6,7,3,9,9,4,16,16,14,3,8,3,8,9,2,5,12,15,9,16,25,65,17,0,0,0,0,0,0,0,1,1,1,0,1,1,1,1,145
271,0,9467.866909999999,2415.248345,7070.62913,5197,0,0,1,0,1,1,1,0,0,0,0,0,0,0,0,1,0,0,0,0,0,0,0,0,0,1,1,1,0,1,1,1,0,0,20,80,60,0.75,3.0,0.0375,1,0,0.7875,0, 1, 0, 0, 0, 0,5,4,3,2,1,2,5,1,2,6,4,5,5,3,1,2,3,0,2,4,5,8,9,17,25,5,5,4,3,2,1,2,5,1,2,6,4,5,5,3,1,2,3,0,2,4,5,8,9,17,25,5,5,4,3,2,1,2,5,1,2,6,4,5,5,3,1,2,3,0,2,4,5,8,9,17,25,5,0,0,0,0,0,0,0,1,1,1,0,1,1,1,1,60
273,0,33429.44008800001,7914.1308020000015,25533.319850999986,1383,0,0,1,1,0,0,0,1,0,0,0,0,0,0,1,1,0,0,0,0,0,0,0,0,0,1,1,1,0,1,1,1,0,0,73,295,222,0.752542372881356,3.041095890410959,0.003389830508474576,1,0,1.0,0, 0, 0, 0, 0, 0,13,16,17,8,1,7,18,12,4,22,21,15,7,8,8,12,9,2,8,14,18,35,31,66,89,21,13,16,17,8,1,7,18,12,4,22,21,15,7,8,8,12,9,2,8,14,18,35,31,66,89,21,13,16,17,8,1,7,18,12,4,22,21,15,7,8,8,12,9,2,8,14,18,35,31,66,89,21,0,0,0,0,0,0,0,1,1,1,0,1,1,1,1,222
274,1,6875.060724999999,1686.8875560000001,5206.183734000003,63,1,1,0,0,1,1,1,0,0,1,1,1,0,0,0,1,0,0,0,0,0,0,0,0,0,1,1,1,0,1,1,1,0,1,16,66,50,0.7575757575757576,3.125,0.09090909090909091,7,4.666666666666667,0.3939393939393939,2, 0, 1, 0, 0, 1,4,5,3,3,6,0,2,10,1,0,1,0,1,1,1,2,4,0,3,3,4,5,5,10,19,6,4,5,3,3,6,0,2,10,1,0,1,0,1,1,1,2,4,0,3,3,4,5,5,10,19,6,4,5,3,3,6,0,2,10,1,0,1,0,1,1,1,2,4,0,3,3,4,5,5,10,19,6,0,0,0,0,0,0,0,1,1,1,0,1,1,1,1,50
275,0,13124.827313999995,3189.5878730000004,9953.250005999993,2598,0,0,1,1,0,0,0,1,0,0,0,0,0,0,1,1,0,0,0,0,0,0,0,0,0,1,1,1,0,1,1,1,0,0,27,109,82,0.7522935779816514,3.037037037037037,0.009174311926605505,0,0,1.0,0, 0, 0, 0, 0, 0,1,4,4,4,1,2,7,3,2,9,6,9,2,1,4,2,3,3,7,8,11,11,13,24,29,5,1,4,4,4,1,2,7,3,2,9,6,9,2,1,4,2,3,3,7,8,11,11,13,24,29,5,1,4,4,4,1,2,7,3,2,9,6,9,2,1,4,2,3,3,7,8,11,11,13,24,29,5,0,0,0,0,0,0,0,1,1,1,0,1,1,1,1,82
276,0,23248.163181000004,6042.8749499999985,17223.298796000006,3115,0,0,1,0,1,0,1,0,0,0,0,0,0,0,0,1,0,0,0,0,0,0,0,0,0,1,1,1,0,1,1,1,0,0,50,202,152,0.7524752475247525,3.04,0.009900990099009901,0,0,1.0,0, 0, 0, 0, 0, 0,10,4,11,6,1,5,19,10,3,12,12,7,3,10,2,12,10,1,7,7,18,30,11,41,54,22,10,4,11,6,1,5,19,10,3,12,12,7,3,10,2,12,10,1,7,7,18,30,11,41,54,22,10,4,11,6,1,5,19,10,3,12,12,7,3,10,2,12,10,1,7,7,18,30,11,41,54,22,0,0,0,0,0,0,0,1,1,1,0,1,1,1,1,152
277,0,24161.392412,6266.420777,17912.98219999999,4089,0,0,1,1,0,1,1,0,0,0,0,0,0,0,0,1,0,0,0,0,0,0,0,0,0,1,1,1,0,1,1,1,0,0,52,210,158,0.7523809523809524,3.0384615384615383,0.01904761904761905,0,0,1.0,0, 0, 0, 0, 0, 0,11,4,12,7,4,7,8,8,4,8,16,16,4,11,4,9,14,0,6,5,17,20,20,40,52,23,11,4,12,7,4,7,8,8,4,8,16,16,4,11,4,9,14,0,6,5,17,20,20,40,52,23,11,4,12,7,4,7,8,8,4,8,16,16,4,11,4,9,14,0,6,5,17,20,20,40,52,23,0,0,0,0,0,0,0,1,1,1,0,1,1,1,1,158
278,0,6542.375052000002,1520.7643729999995,5039.621244000001,4816,0,0,1,1,0,0,0,1,0,0,0,0,0,0,0,1,0,0,0,0,0,0,0,0,0,1,1,1,0,1,1,1,0,0,14,59,45,0.7627118644067796,3.2142857142857144,0.01694915254237288,0,0,1.0,0, 0, 0, 0, 0, 0,4,3,2,2,1,1,5,0,0,4,3,4,1,2,5,6,0,0,0,2,2,7,7,14,14,6,4,3,2,2,1,1,5,0,0,4,3,4,1,2,5,6,0,0,0,2,2,7,7,14,14,6,4,3,2,2,1,1,5,0,0,4,3,4,1,2,5,6,0,0,0,2,2,7,7,14,14,6,0,0,0,0,0,0,0,1,1,1,0,1,1,1,1,45
279,0,9381.763854999994,2412.0662499999994,6987.708169999999,5053,0,0,1,0,1,1,1,0,0,0,0,0,0,0,0,1,0,0,0,0,0,0,0,0,0,1,1,1,0,1,1,1,0,0,20,81,61,0.7530864197530864,3.05,0.04938271604938271,0,0,1.0,0, 0, 0, 0, 0, 0,1,3,0,6,2,0,7,4,1,6,4,8,1,4,4,4,1,0,1,4,5,7,11,18,20,5,1,3,0,6,2,0,7,4,1,6,4,8,1,4,4,4,1,0,1,4,5,7,11,18,20,5,1,3,0,6,2,0,7,4,1,6,4,8,1,4,4,4,1,0,1,4,5,7,11,18,20,5,0,0,0,0,0,0,0,1,1,1,0,1,1,1,1,61
280,0,13675.024534999999,3240.695858,10452.339242,5274,0,0,1,0,1,0,1,0,0,0,0,0,0,0,0,1,0,0,0,0,0,0,0,0,0,1,1,1,0,1,1,1,0,0,29,118,89,0.7542372881355932,3.0689655172413794,0.01694915254237288,0,0,1.0,0, 0, 0, 0, 0, 0,6,3,5,1,1,3,8,4,4,9,8,11,7,1,1,5,4,2,4,2,7,13,14,27,36,9,6,3,5,1,1,3,8,4,4,9,8,11,7,1,1,5,4,2,4,2,7,13,14,27,36,9,6,3,5,1,1,3,8,4,4,9,8,11,7,1,1,5,4,2,4,2,7,13,14,27,36,9,0,0,0,0,0,0,0,1,1,1,0,1,1,1,1,89
283,0,27658.999194000044,6919.0133070000065,20757.99645200002,10859,0,0,1,1,0,1,1,0,0,0,0,0,0,0,0,1,0,0,0,0,0,0,0,0,0,0,0,0,0,0,1,1,0,0,58,235,177,0.7531914893617021,3.0517241379310347,0.01276595744680851,0,0,1.0,0, 0, 0, 0, 0, 0,8,16,10,7,3,10,6,13,4,15,11,20,7,4,8,4,7,1,12,11,17,16,36,52,65,11,8,16,10,7,3,10,6,13,4,15,11,20,7,4,8,4,7,1,12,11,17,16,36,52,65,11,8,16,10,7,3,10,6,13,4,15,11,20,7,4,8,4,7,1,12,11,17,16,36,52,65,11,0,0,0,0,0,0,0,0,0,0,0,0,0,1,1,177
284,0,32050.84688000002,7990.147680999999,24078.709764000003,10008,0,0,1,1,0,1,1,0,0,0,0,0,0,0,0,1,0,0,0,0,0,0,0,0,0,0,0,0,0,0,1,1,0,0,71,284,213,0.75,3.0,0.01056338028169014,0,0,1.0,0, 0, 0, 0, 0, 0,11,13,11,5,3,4,12,18,11,18,19,18,6,7,6,10,14,1,9,17,17,23,31,54,89,24,11,13,11,5,3,4,12,18,11,18,19,18,6,7,6,10,14,1,9,17,17,23,31,54,89,24,11,13,11,5,3,4,12,18,11,18,19,18,6,7,6,10,14,1,9,17,17,23,31,54,89,24,0,0,0,0,0,0,0,0,0,0,0,0,0,1,1,213
285,0,33941.183340000025,8629.773950000003,25329.419955000005,4008,0,0,1,0,1,1,1,0,0,0,0,0,1,0,0,1,0,0,0,0,0,0,0,0,0,0,0,0,0,0,1,1,0,0,74,298,224,0.7516778523489933,3.027027027027027,0.020134228187919462,3,12.0,1.0,0, 0, 0, 0, 0, 0,13,10,19,13,6,7,22,17,5,17,19,13,7,8,5,7,10,0,10,16,18,41,23,64,89,17,13,10,19,13,6,7,22,17,5,17,19,13,7,8,5,7,10,0,10,16,18,41,23,64,89,17,13,10,19,13,6,7,22,17,5,17,19,13,7,8,5,7,10,0,10,16,18,41,23,64,89,17,0,0,0,0,0,0,0,0,0,0,0,0,0,1,1,224
286,1,7320.366714000001,2051.8968589999995,5286.480420000001,95,1,1,0,1,0,1,1,0,0,1,1,0,0,0,0,1,0,0,1,0,0,0,0,0,0,0,0,0,0,0,1,1,0,1,16,65,49,0.7538461538461538,3.0625,0.09230769230769231,3,6.5,0.18461538461538463,0, 0, 3, 0, 0, 2,1,0,1,3,6,4,2,4,2,1,2,8,1,0,0,4,8,0,0,2,0,3,8,11,11,12,1,0,1,3,6,4,2,4,2,1,2,8,1,0,0,4,8,0,0,2,0,3,8,11,11,12,1,0,1,3,6,4,2,4,2,1,2,8,1,0,0,4,8,0,0,2,0,3,8,11,11,12,0,0,0,0,0,0,0,0,0,0,0,0,0,1,1,49
287,0,13129.080862999988,3322.7605550000007,9824.330872999992,295,1,0,0,0,1,1,1,0,0,0,1,0,0,0,0,1,0,0,0,0,0,0,0,0,0,0,0,0,0,0,1,1,0,0,30,121,91,0.7520661157024794,3.033333333333333,0.024793388429752067,1,0,0.10743801652892562,0, 1, 0, 0, 0, 0,9,1,0,3,2,2,1,12,0,13,12,6,5,7,0,4,6,2,3,3,12,1,7,8,54,10,9,1,0,3,2,2,1,12,0,13,12,6,5,7,0,4,6,2,3,3,12,1,7,8,54,10,9,1,0,3,2,2,1,12,0,13,12,6,5,7,0,4,6,2,3,3,12,1,7,8,54,10,0,0,0,0,0,0,0,0,0,0,0,0,0,1,1,91
288,0,31176.805070000002,7409.726364000001,23785.089271000008,758,0,0,0,0,1,1,1,0,0,0,0,0,0,0,0,1,0,0,0,0,0,0,0,0,0,0,0,0,0,0,1,1,0,0,68,275,207,0.7527272727272727,3.0441176470588234,0.01818181818181818,0,0,1.0,0, 0, 0, 0, 0, 0,7,9,17,8,3,9,11,17,13,16,24,15,4,10,10,8,10,1,9,6,20,28,24,52,74,18,7,9,17,8,3,9,11,17,13,16,24,15,4,10,10,8,10,1,9,6,20,28,24,52,74,18,7,9,17,8,3,9,11,17,13,16,24,15,4,10,10,8,10,1,9,6,20,28,24,52,74,18,0,0,0,0,0,0,0,0,0,0,0,0,0,1,1,207
289,0,10950.409214,2837.442595,8130.977184000007,1666,0,0,1,0,1,0,1,0,0,0,0,0,0,0,0,1,0,0,0,0,0,0,0,0,0,0,0,0,0,0,1,1,0,0,24,97,73,0.7525773195876289,3.0416666666666665,0.020618556701030927,0,0,1.0,0, 0, 0, 0, 0, 0,4,1,4,2,1,3,11,4,1,4,3,8,4,2,2,6,5,0,1,7,3,15,9,24,26,11,4,1,4,2,1,3,11,4,1,4,3,8,4,2,2,6,5,0,1,7,3,15,9,24,26,11,4,1,4,2,1,3,11,4,1,4,3,8,4,2,2,6,5,0,1,7,3,15,9,24,26,11,0,0,0,0,0,0,0,0,0,0,0,0,0,1,1,73
292,0,5885.724730999998,1361.657539,4542.077756999999,5562,0,0,1,1,0,0,0,1,0,0,0,0,0,0,0,1,0,0,0,0,0,0,0,0,0,1,0,0,0,1,1,1,0,0,13,53,40,0.7547169811320755,3.076923076923077,0.018867924528301886,1,0,1.0,0, 0, 0, 0, 0, 0,2,2,3,2,1,2,6,1,1,2,2,0,2,1,5,3,1,0,1,3,2,9,2,11,12,4,2,2,3,2,1,2,6,1,1,2,2,0,2,1,5,3,1,0,1,3,2,9,2,11,12,4,2,2,3,2,1,2,6,1,1,2,2,0,2,1,5,3,1,0,1,3,2,9,2,11,12,4,0,0,0,0,0,1,0,1,0,0,0,0,1,0,1,40
293,0,20768.30888999997,4885.500916000001,15900.818538999987,5004,0,0,1,0,1,1,1,0,0,0,0,0,0,0,0,1,0,0,0,0,0,0,0,0,0,1,0,0,0,1,1,1,0,0,43,173,130,0.7514450867052023,3.0232558139534884,0.03468208092485549,1,0,1.0,0, 0, 0, 0, 0, 0,2,5,9,10,5,6,16,2,3,19,13,8,2,7,1,5,5,2,9,1,18,25,13,38,39,10,2,5,9,10,5,6,16,2,3,19,13,8,2,7,1,5,5,2,9,1,18,25,13,38,39,10,2,5,9,10,5,6,16,2,3,19,13,8,2,7,1,5,5,2,9,1,18,25,13,38,39,10,0,0,0,0,0,1,0,1,0,0,0,0,1,0,1,130
294,0,24728.033697999992,6237.998663,18508.045599999994,4194,0,0,1,1,0,0,1,0,0,0,0,0,0,0,0,1,0,0,0,0,0,0,0,0,0,1,0,0,0,1,1,1,0,0,53,215,162,0.7534883720930232,3.056603773584906,0.009302325581395349,1,0,1.0,0, 0, 0, 0, 0, 0,9,8,6,1,2,5,9,5,2,9,20,18,5,8,13,14,10,4,3,11,15,15,26,41,59,24,9,8,6,1,2,5,9,5,2,9,20,18,5,8,13,14,10,4,3,11,15,15,26,41,59,24,9,8,6,1,2,5,9,5,2,9,20,18,5,8,13,14,10,4,3,11,15,15,26,41,59,24,0,0,0,0,0,1,0,1,0,0,0,0,1,0,1,162
295,0,31940.252258000015,8334.002193000004,23624.260630000004,3310,0,0,1,0,1,1,1,0,0,0,0,0,0,0,0,1,0,0,0,0,0,0,0,0,0,1,0,0,0,1,1,1,0,0,69,277,208,0.7509025270758123,3.0144927536231885,0.010830324909747292,0,0,1.0,0, 0, 0, 0, 0, 0,15,16,15,7,2,5,10,9,4,7,24,15,8,5,13,13,14,1,10,15,16,25,31,56,78,27,15,16,15,7,2,5,10,9,4,7,24,15,8,5,13,13,14,1,10,15,16,25,31,56,78,27,15,16,15,7,2,5,10,9,4,7,24,15,8,5,13,13,14,1,10,15,16,25,31,56,78,27,0,0,0,0,0,1,0,1,0,0,0,0,1,0,1,208
296,0,29099.917299999983,7237.715492000001,21880.212372999977,2544,0,0,1,0,1,1,1,0,0,0,0,0,0,0,0,1,0,0,0,0,0,0,0,0,0,1,0,0,0,1,1,1,0,0,64,257,193,0.7509727626459144,3.015625,0.011673151750972763,2,111.0,1.0,0, 0, 0, 0, 0, 0,8,12,8,12,1,8,14,14,4,15,24,7,4,10,4,18,12,1,8,9,19,22,19,41,74,30,8,12,8,12,1,8,14,14,4,15,24,7,4,10,4,18,12,1,8,9,19,22,19,41,74,30,8,12,8,12,1,8,14,14,4,15,24,7,4,10,4,18,12,1,8,9,19,22,19,41,74,30,0,0,0,0,0,1,0,1,0,0,0,0,1,0,1,193
297,0,10068.856701000006,2503.4056920000003,7583.461573999995,2309,0,0,1,1,0,0,0,1,0,0,0,0,0,0,0,1,0,0,0,0,0,0,0,0,0,1,0,0,0,1,1,1,0,0,20,80,60,0.75,3.0,0.0125,1,0,1.0,0, 0, 0, 0, 0, 0,2,4,7,3,1,0,12,0,4,2,9,1,1,4,2,1,1,0,6,0,10,19,5,24,14,2,2,4,7,3,1,0,12,0,4,2,9,1,1,4,2,1,1,0,6,0,10,19,5,24,14,2,2,4,7,3,1,0,12,0,4,2,9,1,1,4,2,1,1,0,6,0,10,19,5,24,14,2,0,0,0,0,0,1,0,1,0,0,0,0,1,0,1,60
298,0,33126.030096999995,8139.422407,25004.618254999972,1425,0,0,1,0,1,1,1,0,0,0,0,0,1,0,1,1,0,0,0,0,0,0,0,0,0,1,0,0,0,1,1,1,0,0,71,286,215,0.7517482517482518,3.028169014084507,0.027972027972027972,1,0,1.0,0, 0, 0, 0, 0, 0,10,9,4,11,6,7,10,10,2,23,25,24,7,22,5,15,2,3,5,15,30,14,33,47,90,17,10,9,4,11,6,7,10,10,2,23,25,24,7,22,5,15,2,3,5,15,30,14,33,47,90,17,10,9,4,11,6,7,10,10,2,23,25,24,7,22,5,15,2,3,5,15,30,14,33,47,90,17,0,0,0,0,0,1,0,1,0,0,0,0,1,0,1,215
299,0,24700.599174999985,6105.320482000002,18613.289257999975,743,0,0,0,1,0,1,1,0,0,0,0,0,0,0,0,1,0,0,0,0,0,0,0,0,0,1,0,0,0,1,1,1,0,0,54,216,162,0.75,3.0,0.013888888888888888,0,0,1.0,0, 0, 0, 0, 0, 0,9,2,2,10,3,2,3,6,0,27,22,12,6,14,3,13,2,1,12,13,27,5,14,19,83,15,9,2,2,10,3,2,3,6,0,27,22,12,6,14,3,13,2,1,12,13,27,5,14,19,83,15,9,2,2,10,3,2,3,6,0,27,22,12,6,14,3,13,2,1,12,13,27,5,14,19,83,15,0,0,0,0,0,1,0,1,0,0,0,0,1,0,1,162
300,0,26848.819561999997,6536.4888980000005,20330.341228999994,36,1,1,0,0,1,0,1,0,0,0,0,0,0,0,0,1,0,0,0,0,0,0,0,0,0,1,0,0,0,1,1,1,0,0,59,236,177,0.75,3.0,0.00847457627118644,0,0,1.0,0, 0, 0, 0, 0, 0,10,4,11,5,1,7,20,12,5,17,19,18,8,6,3,8,10,1,8,4,15,31,22,53,70,18,10,4,11,5,1,7,20,12,5,17,19,18,8,6,3,8,10,1,8,4,15,31,22,53,70,18,10,4,11,5,1,7,20,12,5,17,19,18,8,6,3,8,10,1,8,4,15,31,22,53,70,18,0,0,0,0,0,1,0,1,0,0,0,0,1,0,1,177
301,0,16775.158972000005,4063.852467,12729.317069999992,314,1,0,0,0,1,1,1,0,0,1,0,0,0,0,0,1,0,0,0,0,0,0,0,0,0,1,0,0,0,1,1,1,0,0,35,141,106,0.75177304964539,3.0285714285714285,0.0425531914893617,1,0,0.46808510638297873,0, 0, 1, 0, 0, 0,3,5,6,7,4,4,7,6,1,9,10,10,5,6,3,3,5,3,7,2,16,13,15,28,35,8,3,5,6,7,4,4,7,6,1,9,10,10,5,6,3,3,5,3,7,2,16,13,15,28,35,8,3,5,6,7,4,4,7,6,1,9,10,10,5,6,3,3,5,3,7,2,16,13,15,28,35,8,0,0,0,0,0,1,0,1,0,0,0,0,1,0,1,106
302,0,21579.10992299999,5397.817711000001,16199.302777000008,4676,0,0,1,1,0,1,1,0,0,0,0,0,0,0,0,1,0,0,0,0,0,0,0,0,0,1,0,0,0,1,1,1,0,0,46,186,140,0.7526881720430108,3.0434782608695654,0.016129032258064516,0,0,1.0,0, 0, 0, 0, 0, 0,11,10,8,7,3,5,10,4,2,10,17,11,7,3,2,10,9,2,5,4,10,18,21,39,53,19,11,10,8,7,3,5,10,4,2,10,17,11,7,3,2,10,9,2,5,4,10,18,21,39,53,19,11,10,8,7,3,5,10,4,2,10,17,11,7,3,2,10,9,2,5,4,10,18,21,39,53,19,0,0,0,0,0,1,0,1,0,0,0,0,1,0,1,140
303,0,29145.93803599999,7237.715492000001,21926.23310899998,6998,0,0,1,0,1,1,1,0,0,0,0,0,0,0,0,1,0,0,0,0,0,0,0,0,0,1,0,0,0,1,1,1,0,0,64,257,193,0.7509727626459144,3.015625,0.011673151750972763,2,111.0,1.0,0, 0, 0, 0, 0, 0,8,12,8,12,1,8,14,14,4,15,24,7,4,11,4,18,11,1,8,9,20,22,19,41,74,29,8,12,8,12,1,8,14,14,4,15,24,7,4,11,4,18,11,1,8,9,20,22,19,41,74,29,8,12,8,12,1,8,14,14,4,15,24,7,4,11,4,18,11,1,8,9,20,22,19,41,74,29,0,0,0,0,0,1,0,1,0,0,0,0,1,0,1,193
304,0,10068.856701000006,2503.4056920000003,7583.461573999995,7764,0,0,1,1,0,0,0,1,0,0,0,0,0,0,0,1,0,0,0,0,0,0,0,0,0,1,0,0,0,1,1,1,0,0,20,80,60,0.75,3.0,0.0125,1,0,1.0,0, 0, 0, 0, 0, 0,2,4,7,3,1,0,12,0,4,2,9,1,1,4,2,1,1,0,6,0,10,19,5,24,14,2,2,4,7,3,1,0,12,0,4,2,9,1,1,4,2,1,1,0,6,0,10,19,5,24,14,2,2,4,7,3,1,0,12,0,4,2,9,1,1,4,2,1,1,0,6,0,10,19,5,24,14,2,0,0,0,0,0,1,0,1,0,0,0,0,1,0,1,60
305,0,13381.564871000004,3079.4790040000003,10320.096432,8016,0,0,1,0,1,1,1,0,0,0,0,0,0,0,0,1,0,0,0,0,0,0,0,0,0,1,0,0,0,1,1,1,0,0,29,117,88,0.7521367521367521,3.0344827586206895,0.03418803418803419,1,0,1.0,0, 0, 0, 0, 0, 0,4,6,10,4,3,2,4,2,2,5,9,6,4,6,1,5,7,1,2,5,9,14,12,26,29,12,4,6,10,4,3,2,4,2,2,5,9,6,4,6,1,5,7,1,2,5,9,14,12,26,29,12,4,6,10,4,3,2,4,2,2,5,9,6,4,6,1,5,7,1,2,5,9,14,12,26,29,12,0,0,0,0,0,1,0,1,0,0,0,0,1,0,1,88
306,0,4956.760001000001,1220.7241059999997,3754.0464599999996,8441,0,0,1,1,0,0,0,1,0,0,0,0,0,0,0,1,0,0,0,0,0,0,0,0,0,1,0,0,0,1,1,1,0,0,10,42,32,0.7619047619047619,3.2,0.023809523809523808,0,0,1.0,0, 0, 0, 0, 0, 0,2,3,1,2,1,4,1,1,1,3,5,1,0,1,0,0,3,0,1,2,2,2,4,6,13,3,2,3,1,2,1,4,1,1,1,3,5,1,0,1,0,0,3,0,1,2,2,2,4,6,13,3,2,3,1,2,1,4,1,1,1,3,5,1,0,1,0,0,3,0,1,2,2,2,4,6,13,3,0,0,0,0,0,1,0,1,0,0,0,0,1,0,1,32
307,0,10395.209040000002,2452.2983910000007,7960.921214000002,12442,0,0,1,0,1,1,1,0,0,0,0,0,0,0,0,1,0,0,0,0,0,0,0,1,0,1,0,0,0,1,1,1,0,0,21,87,66,0.7586206896551724,3.142857142857143,0.034482758620689655,2,1.0,1.0,0, 0, 0, 0, 0, 0,3,6,3,6,2,0,1,5,8,2,4,5,0,3,3,4,0,2,6,3,11,4,11,15,17,4,3,6,3,6,2,0,1,5,8,2,4,5,0,3,3,4,0,2,6,3,11,4,11,15,17,4,3,6,3,6,2,0,1,5,8,2,4,5,0,3,3,4,0,2,6,3,11,4,11,15,17,4,0,0,1,0,0,0,0,1,0,0,0,0,1,1,1,66
308,0,15568.435948999997,3936.047071000001,11650.399443,12411,0,0,1,0,1,1,1,0,1,0,1,1,0,0,0,1,0,0,0,0,0,0,0,1,0,1,0,0,0,1,1,1,0,1,34,136,102,0.75,3.0,0.07352941176470588,0,0,0.5882352941176471,1, 1, 0, 1, 1, 1,6,4,4,3,9,3,6,5,6,4,10,3,2,5,9,8,4,2,6,3,13,10,7,17,30,12,6,4,4,3,9,3,6,5,6,4,10,3,2,5,9,8,4,2,6,3,13,10,7,17,30,12,6,4,4,3,9,3,6,5,6,4,10,3,2,5,9,8,4,2,6,3,13,10,7,17,30,12,0,0,1,0,0,0,0,1,0,0,0,0,1,1,1,102
311,0,26240.883032999984,6463.334551000001,19795.559046999995,1073,0,0,1,0,1,1,1,0,0,0,0,0,0,0,0,1,0,0,0,0,0,0,0,1,0,1,0,0,0,1,1,1,0,0,59,236,177,0.75,3.0,0.01694915254237288,2,110.0,1.0,0, 0, 0, 0, 0, 0,17,4,5,9,3,3,5,11,0,12,32,6,5,15,6,8,11,6,6,13,27,10,10,20,90,19,17,4,5,9,3,3,5,11,0,12,32,6,5,15,6,8,11,6,6,13,27,10,10,20,90,19,17,4,5,9,3,3,5,11,0,12,32,6,5,15,6,8,11,6,6,13,27,10,10,20,90,19,0,0,1,0,0,0,0,1,0,0,0,0,1,1,1,177
314,1,5813.457380000001,1431.750393,4399.717552,80,1,1,0,0,1,1,1,0,1,0,1,1,0,0,1,1,0,0,0,0,0,0,0,1,0,1,0,0,0,1,1,1,0,1,13,52,39,0.75,3.0,0.15384615384615385,2,1.0,0.17307692307692307,0, 3, 0, 2, 2, 0,1,1,7,2,8,1,1,1,1,0,2,2,0,1,2,2,2,1,1,3,3,8,3,11,7,4,1,1,7,2,8,1,1,1,1,0,2,2,0,1,2,2,2,1,1,3,3,8,3,11,7,4,1,1,7,2,8,1,1,1,1,0,2,2,0,1,2,2,2,1,1,3,3,8,3,11,7,4,0,0,1,0,0,0,0,1,0,0,0,0,1,1,1,39
315,0,27998.549313999978,6751.295158000002,21265.264720999992,2775,0,0,1,0,1,1,1,0,0,0,0,1,0,0,0,1,0,0,0,0,0,0,0,1,0,1,0,0,0,1,1,1,0,0,62,248,186,0.75,3.0,0.024193548387096774,5,47.75,1.0,1, 0, 0, 0, 0, 0,11,10,12,10,3,8,14,7,1,21,20,18,4,5,5,14,6,0,8,9,13,26,28,54,72,20,11,10,12,10,3,8,14,7,1,21,20,18,4,5,5,14,6,0,8,9,13,26,28,54,72,20,11,10,12,10,3,8,14,7,1,21,20,18,4,5,5,14,6,0,8,9,13,26,28,54,72,20,0,0,1,0,0,0,0,1,0,0,0,0,1,1,1,186
316,0,26354.530032,6589.3043430000025,19783.236253999992,9817,0,0,1,0,1,1,1,0,0,0,1,0,0,0,0,1,0,0,0,0,0,0,0,1,0,1,0,0,0,1,1,1,0,0,57,228,171,0.75,3.0,0.021929824561403508,1,0,0.37280701754385964,0, 1, 0, 0, 0, 0,8,9,10,8,4,8,8,5,4,14,20,10,2,8,6,11,15,1,10,10,19,18,19,37,59,26,8,9,10,8,4,8,8,5,4,14,20,10,2,8,6,11,15,1,10,10,19,18,19,37,59,26,8,9,10,8,4,8,8,5,4,14,20,10,2,8,6,11,15,1,10,10,19,18,19,37,59,26,0,0,1,0,0,0,0,1,0,0,0,0,1,1,1,171
317,0,8084.138377000005,2203.9949779999997,5898.153964000001,10490,0,0,1,1,0,0,0,1,0,0,0,0,0,0,0,1,0,0,0,0,0,0,0,1,0,1,0,0,0,1,1,1,0,0,17,70,53,0.7571428571428571,3.1176470588235294,0.014285714285714285,0,0,1.0,0, 0, 0, 0, 0, 0,5,1,2,2,1,2,4,2,2,3,5,7,1,1,1,4,2,0,2,6,3,6,8,14,22,6,5,1,2,2,1,2,4,2,2,3,5,7,1,1,1,4,2,0,2,6,3,6,8,14,22,6,5,1,2,2,1,2,4,2,2,3,5,7,1,1,1,4,2,0,2,6,3,6,8,14,22,6,0,0,1,0,0,0,0,1,0,0,0,0,1,1,1,53
318,0,7367.626967999998,1849.9648029999996,5535.672729999999,5732,0,0,1,1,0,0,1,0,0,1,0,0,0,0,0,1,0,0,0,0,0,0,0,0,0,1,1,1,0,1,1,1,0,0,16,65,49,0.7538461538461538,3.0625,0.03076923076923077,1,0,0.35384615384615387,0, 0, 1, 0, 0, 0,4,0,0,0,2,2,5,4,1,5,5,0,4,4,2,2,1,0,4,4,8,5,0,5,26,3,4,0,0,0,2,2,5,4,1,5,5,0,4,4,2,2,1,0,4,4,8,5,0,5,26,3,4,0,0,0,2,2,5,4,1,5,5,0,4,4,2,2,1,0,4,4,8,5,0,5,26,3,0,0,0,0,0,0,0,1,1,1,0,1,1,1,1,49
319,0,5465.866787,1361.744915,4122.132437,5580,0,0,1,1,0,0,1,0,0,0,0,0,1,0,0,1,0,0,0,0,0,0,0,0,0,1,1,1,0,1,1,1,0,0,12,49,37,0.7551020408163265,3.0833333333333335,0.04081632653061224,1,0,1.0,0, 0, 0, 0, 0, 0,4,0,1,2,2,1,1,1,1,2,4,6,3,0,2,3,0,0,2,2,2,2,6,8,16,3,4,0,1,2,2,1,1,1,1,2,4,6,3,0,2,3,0,0,2,2,2,2,6,8,16,3,4,0,1,2,2,1,1,1,1,2,4,6,3,0,2,3,0,0,2,2,2,2,6,8,16,3,0,0,0,0,0,0,0,1,1,1,0,1,1,1,1,37
320,0,8153.343794000003,1972.1179519999998,6199.236407000001,5377,0,0,1,1,0,0,0,1,0,0,0,0,0,0,0,1,0,0,0,0,0,0,0,0,0,1,1,1,0,1,1,1,0,0,17,68,51,0.75,3.0,0.014705882352941176,0,0,1.0,0, 0, 0, 0, 0, 0,2,6,2,3,1,1,3,0,0,2,3,7,1,6,0,7,3,0,2,2,8,5,13,18,10,10,2,6,2,3,1,1,3,0,0,2,3,7,1,6,0,7,3,0,2,2,8,5,13,18,10,10,2,6,2,3,1,1,3,0,0,2,3,7,1,6,0,7,3,0,2,2,8,5,13,18,10,10,0,0,0,0,0,0,0,1,1,1,0,1,1,1,1,51
322,0,28623.124066000026,6929.3232880000005,21711.811343000016,2881,0,0,1,0,1,1,1,0,0,0,0,0,0,0,0,1,0,0,0,0,0,0,0,0,0,1,1,1,0,1,1,1,0,0,60,242,182,0.7520661157024794,3.033333333333333,0.01652892561983471,1,0,1.0,0, 0, 0, 0, 0, 0,5,11,10,8,3,7,20,6,5,13,8,17,5,10,4,15,5,0,14,16,24,30,28,58,53,20,5,11,10,8,3,7,20,6,5,13,8,17,5,10,4,15,5,0,14,16,24,30,28,58,53,20,5,11,10,8,3,7,20,6,5,13,8,17,5,10,4,15,5,0,14,16,24,30,28,58,53,20,0,0,0,0,0,0,0,1,1,1,0,1,1,1,1,182
323,0,14727.565162999996,3583.9178130000005,11161.657915000003,2500,0,0,1,1,0,0,1,0,0,0,0,0,0,0,0,1,0,0,0,0,0,0,0,0,0,1,1,1,0,1,1,1,0,0,31,124,93,0.75,3.0,0.016129032258064516,0,0,1.0,0, 0, 0, 0, 0, 0,1,5,9,3,2,4,10,3,0,5,8,12,3,1,0,3,7,1,7,9,9,19,17,36,29,10,1,5,9,3,2,4,10,3,0,5,8,12,3,1,0,3,7,1,7,9,9,19,17,36,29,10,1,5,9,3,2,4,10,3,0,5,8,12,3,1,0,3,7,1,7,9,9,19,17,36,29,10,0,0,0,0,0,0,0,1,1,1,0,1,1,1,1,93
324,1,6813.956317000002,1649.7831489999999,5182.183733000001,56,1,1,0,0,1,1,1,0,0,1,1,1,0,0,0,1,0,0,0,0,0,0,0,0,0,1,1,1,0,1,1,1,0,1,16,66,50,0.7575757575757576,3.125,0.09090909090909091,7,4.666666666666667,0.3939393939393939,2, 0, 1, 0, 0, 1,4,5,3,3,6,0,0,9,1,0,1,0,1,1,1,3,7,0,3,2,4,3,5,8,17,10,4,5,3,3,6,0,0,9,1,0,1,0,1,1,1,3,7,0,3,2,4,3,5,8,17,10,4,5,3,3,6,0,0,9,1,0,1,0,1,1,1,3,7,0,3,2,4,3,5,8,17,10,0,0,0,0,0,0,0,1,1,1,0,1,1,1,1,50
325,0,33177.194953000006,7948.979645000003,25246.225872999992,1369,0,0,1,0,1,0,1,0,0,0,0,0,0,0,1,1,0,0,0,0,0,0,0,0,0,1,1,1,0,1,1,1,0,0,73,295,222,0.752542372881356,3.041095890410959,0.006779661016949152,0,0,1.0,0, 0, 0, 0, 0, 0,15,14,16,11,1,6,17,13,4,19,24,16,6,8,10,10,10,2,7,13,17,33,30,63,90,20,15,14,16,11,1,6,17,13,4,19,24,16,6,8,10,10,10,2,7,13,17,33,30,63,90,20,15,14,16,11,1,6,17,13,4,19,24,16,6,8,10,10,10,2,7,13,17,33,30,63,90,20,0,0,0,0,0,0,0,1,1,1,0,1,1,1,1,222
326,0,18998.64767499998,4971.839333000002,14044.818906999988,3487,0,0,1,1,0,0,1,0,0,0,0,0,0,0,0,1,0,0,0,0,0,0,0,0,0,1,1,1,0,1,1,1,0,0,42,170,128,0.7529411764705882,3.0476190476190474,0.011764705882352941,1,0,1.0,0, 0, 0, 0, 0, 0,12,4,3,6,2,1,5,9,4,20,19,6,3,7,3,5,7,0,4,8,11,8,10,18,71,12,12,4,3,6,2,1,5,9,4,20,19,6,3,7,3,5,7,0,4,8,11,8,10,18,71,12,12,4,3,6,2,1,5,9,4,20,19,6,3,7,3,5,7,0,4,8,11,8,10,18,71,12,0,0,0,0,0,0,0,1,1,1,0,1,1,1,1,128
328,0,13624.647672000006,3319.4835410000005,10323.174696000002,7095,0,0,1,0,1,1,1,0,0,0,0,0,0,0,0,1,0,0,0,0,0,0,0,0,0,1,1,1,0,1,1,1,0,0,29,116,87,0.75,3.0,0.02586206896551724,1,0,1.0,0, 0, 0, 0, 0, 0,5,6,3,0,1,8,10,6,4,0,10,7,4,5,5,2,2,0,5,4,10,13,13,26,29,4,5,6,3,0,1,8,10,6,4,0,10,7,4,5,5,2,2,0,5,4,10,13,13,26,29,4,5,6,3,0,1,8,10,6,4,0,10,7,4,5,5,2,2,0,5,4,10,13,13,26,29,4,0,0,0,0,0,0,0,1,1,1,0,1,1,1,1,87
329,0,19999.630758000014,4377.012974999998,15640.628348000004,7095,0,0,1,0,1,1,1,0,0,0,0,0,0,0,0,1,0,0,0,0,0,0,0,0,0,1,1,1,0,1,1,1,0,0,45,182,137,0.7527472527472527,3.0444444444444443,0.02197802197802198,3,17.5,1.0,0, 0, 0, 0, 0, 0,11,7,4,3,4,11,16,12,5,1,12,11,5,7,5,3,8,0,6,6,13,20,18,38,47,11,11,7,4,3,4,11,16,12,5,1,12,11,5,7,5,3,8,0,6,6,13,20,18,38,47,11,11,7,4,3,4,11,16,12,5,1,12,11,5,7,5,3,8,0,6,6,13,20,18,38,47,11,0,0,0,0,0,0,0,1,1,1,0,1,1,1,1,137
330,0,5859.059895999999,1475.7871579999996,4401.283303,8923,0,0,1,0,1,0,0,1,0,0,0,0,0,0,0,1,0,0,0,0,0,1,0,0,1,1,1,1,0,1,1,1,0,0,13,52,39,0.75,3.0,0.0,0,0,1.0,0, 0, 0, 0, 0, 0,4,0,1,0,0,0,4,3,1,2,6,3,2,3,1,3,0,1,2,3,6,5,3,8,20,3,4,0,1,0,0,0,4,3,1,2,6,3,2,3,1,3,0,1,2,3,6,5,3,8,20,3,4,0,1,0,0,0,4,3,1,2,6,3,2,3,1,3,0,1,2,3,6,5,3,8,20,3,1,0,0,1,0,0,0,1,1,1,0,0,1,1,1,39
331,0,20565.968239999984,5250.798621000002,15333.180184,8346,0,0,1,0,1,0,1,0,0,0,0,0,0,0,0,1,0,0,0,0,0,1,0,0,1,1,1,1,0,1,1,1,0,0,44,178,134,0.7528089887640449,3.0454545454545454,0.011235955056179775,0,0,1.0,0, 0, 0, 0, 0, 0,9,9,7,8,1,9,15,5,0,7,13,17,1,5,1,7,10,0,1,9,6,22,26,48,44,17,9,9,7,8,1,9,15,5,0,7,13,17,1,5,1,7,10,0,1,9,6,22,26,48,44,17,9,9,7,8,1,9,15,5,0,7,13,17,1,5,1,7,10,0,1,9,6,22,26,48,44,17,1,0,0,1,0,0,0,1,1,1,0,0,1,1,1,134
332,0,30755.075728999986,8021.326331000003,22751.75996300001,7550,0,0,1,1,0,0,1,0,0,0,0,0,0,0,0,1,0,0,0,0,0,1,0,0,1,1,1,1,0,1,1,1,0,0,69,278,209,0.7517985611510791,3.028985507246377,0.007194244604316547,0,0,1.0,0, 0, 0, 0, 0, 0,13,6,14,13,2,3,17,17,1,15,17,19,2,5,9,15,12,0,9,20,14,31,25,56,84,27,13,6,14,13,2,3,17,17,1,15,17,19,2,5,9,15,12,0,9,20,14,31,25,56,84,27,13,6,14,13,2,3,17,17,1,15,17,19,2,5,9,15,12,0,9,20,14,31,25,56,84,27,1,0,0,1,0,0,0,1,1,1,0,0,1,1,1,209
333,1,6978.108112,1933.9931439999998,5062.125532999999,1462,0,0,1,1,0,1,1,0,0,1,0,1,0,0,0,1,0,0,0,0,0,1,0,0,1,1,1,1,0,1,1,1,0,1,17,68,51,0.75,3.0,0.08823529411764706,4,8.333333333333334,0.3088235294117647,2, 0, 2, 0, 0, 0,8,0,2,6,6,0,0,5,3,2,1,1,0,1,1,7,3,0,2,3,3,2,1,3,19,10,8,0,2,6,6,0,0,5,3,2,1,1,0,1,1,7,3,0,2,3,3,2,1,3,19,10,8,0,2,6,6,0,0,5,3,2,1,1,0,1,1,7,3,0,2,3,3,2,1,3,19,10,1,0,0,1,0,0,0,1,1,1,0,0,1,1,1,51
334,0,28591.159897,7249.671219000001,21359.49924299999,692,0,0,0,0,1,1,1,0,0,0,0,0,0,0,0,1,0,0,0,0,0,1,0,0,1,1,1,1,0,1,1,1,0,0,61,245,184,0.7510204081632653,3.0163934426229506,0.0163265306122449,0,0,0.18775510204081633,0, 0, 0, 1, 0, 0,6,11,7,12,3,4,14,5,5,23,16,15,4,10,5,12,8,0,6,18,16,21,26,47,72,20,6,11,7,12,3,4,14,5,5,23,16,15,4,10,5,12,8,0,6,18,16,21,26,47,72,20,6,11,7,12,3,4,14,5,5,23,16,15,4,10,5,12,8,0,6,18,16,21,26,47,72,20,1,0,0,1,0,0,0,1,1,1,0,0,1,1,1,184
338,0,31861.352478999965,7711.353899999998,24168.009143999974,3351,0,0,1,0,1,1,1,0,0,0,0,0,0,0,0,1,0,0,0,0,0,0,0,0,0,1,1,0,0,1,1,1,0,0,71,286,215,0.7517482517482518,3.028169014084507,0.017482517482517484,2,102.0,1.0,0, 0, 0, 0, 0, 1,7,11,10,7,4,4,7,19,3,33,29,12,6,15,1,19,12,0,9,7,24,17,23,40,101,31,7,11,10,7,4,4,7,19,3,33,29,12,6,15,1,19,12,0,9,7,24,17,23,40,101,31,7,11,10,7,4,4,7,19,3,33,29,12,6,15,1,19,12,0,9,7,24,17,23,40,101,31,0,0,0,0,0,0,0,1,1,0,0,0,1,1,1,215
339,0,8560.319365000001,2253.2027000000003,6325.127230000002,508,0,0,0,0,1,0,1,0,0,0,0,0,0,0,0,1,0,0,0,0,0,0,0,0,0,1,1,0,0,1,1,1,0,0,18,72,54,0.75,3.0,0.027777777777777776,0,0,1.0,0, 0, 0, 0, 0, 0,5,2,1,7,1,3,1,0,2,6,2,1,0,6,2,4,5,1,3,2,10,2,3,5,15,9,5,2,1,7,1,3,1,0,2,6,2,1,0,6,2,4,5,1,3,2,10,2,3,5,15,9,5,2,1,7,1,3,1,0,2,6,2,1,0,6,2,4,5,1,3,2,10,2,3,5,15,9,0,0,0,0,0,0,0,1,1,0,0,0,1,1,1,54
340,1,7283.0720059999985,1925.999293,5375.083278,59,1,1,0,1,0,1,1,0,0,1,0,1,0,0,0,1,0,0,0,0,0,0,0,0,0,1,1,0,0,1,1,1,0,1,16,66,50,0.7575757575757576,3.125,0.09090909090909091,1,0,0.2727272727272727,2, 0, 2, 0, 0, 0,2,0,2,6,6,0,1,5,2,0,0,2,3,2,2,9,1,1,3,3,6,3,2,5,13,10,2,0,2,6,6,0,1,5,2,0,0,2,3,2,2,9,1,1,3,3,6,3,2,5,13,10,2,0,2,6,6,0,1,5,2,0,0,2,3,2,2,9,1,1,3,3,6,3,2,5,13,10,0,0,0,0,0,0,0,1,1,0,0,0,1,1,1,50
341,0,33108.53962699997,7879.108942999999,25247.441248999974,1221,0,0,1,0,1,1,1,0,0,0,0,0,0,0,0,1,0,0,0,0,0,0,0,0,0,1,1,0,0,1,1,1,0,0,73,295,222,0.752542372881356,3.041095890410959,0.01694915254237288,1,0,1.0,0, 0, 0, 0, 0, 0,8,9,9,16,3,9,17,16,2,25,21,22,2,6,6,12,11,2,11,15,19,26,31,57,87,23,8,9,9,16,3,9,17,16,2,25,21,22,2,6,6,12,11,2,11,15,19,26,31,57,87,23,8,9,9,16,3,9,17,16,2,25,21,22,2,6,6,12,11,2,11,15,19,26,31,57,87,23,0,0,0,0,0,0,0,1,1,0,0,0,1,1,1,222
342,0,7838.354855999999,1935.0863160000001,5921.279105000002,5545,0,0,1,1,0,0,0,1,0,0,0,0,0,0,0,1,0,0,0,0,0,0,0,0,0,1,1,0,0,1,1,1,0,0,17,69,52,0.7536231884057971,3.0588235294117645,0.014492753623188406,0,0,1.0,0, 0, 0, 0, 0, 0,4,3,1,6,1,1,2,1,0,4,10,4,1,2,1,3,3,0,2,3,4,3,7,10,23,6,4,3,1,6,1,1,2,1,0,4,10,4,1,2,1,3,3,0,2,3,4,3,7,10,23,6,4,3,1,6,1,1,2,1,0,4,10,4,1,2,1,3,3,0,2,3,4,3,7,10,23,6,0,0,0,0,0,0,0,1,1,0,0,0,1,1,1,52
344,0,12877.800770999998,3266.8287150000006,9628.982620999997,16147,0,0,1,1,0,0,0,1,0,0,0,0,0,0,0,1,0,0,0,0,0,0,0,0,0,1,1,0,0,1,1,1,0,0,26,107,81,0.7570093457943925,3.1153846153846154,0.009345794392523364,0,0,1.0,0, 0, 0, 0, 0, 0,2,3,6,7,1,1,2,1,1,14,3,7,6,7,0,6,3,1,3,7,11,8,10,18,33,9,2,3,6,7,1,1,2,1,1,14,3,7,6,7,0,6,3,1,3,7,11,8,10,18,33,9,2,3,6,7,1,1,2,1,1,14,3,7,6,7,0,6,3,1,3,7,11,8,10,18,33,9,0,0,0,0,0,0,0,1,1,0,0,0,1,1,1,81
347,0,26398.754164999984,6500.208578000001,19916.55615199999,5759,0,0,1,0,1,1,1,0,0,0,0,0,0,0,0,1,0,0,0,0,0,0,0,0,1,1,0,1,0,1,1,1,0,0,57,231,174,0.7532467532467533,3.0526315789473686,0.021645021645021644,1,0,1.0,0, 0, 0, 0, 0, 0,9,10,11,6,3,6,13,6,5,19,21,13,4,5,5,13,9,1,5,10,11,24,23,47,69,22,9,10,11,6,3,6,13,6,5,19,21,13,4,5,5,13,9,1,5,10,11,24,23,47,69,22,9,10,11,6,3,6,13,6,5,19,21,13,4,5,5,13,9,1,5,10,11,24,23,47,69,22,0,0,0,1,0,0,0,1,0,1,0,1,1,1,1,174
348,0,22364.262028,5440.575962000001,16941.696631000006,4968,0,0,1,0,1,1,1,0,0,0,0,0,0,0,0,1,0,0,0,0,0,0,0,0,1,1,0,1,0,1,1,1,0,0,51,206,155,0.7524271844660194,3.0392156862745097,0.02912621359223301,2,88.0,0.883495145631068,0, 0, 1, 0, 2, 0,7,4,16,12,2,4,16,14,1,12,2,7,3,5,2,17,14,2,5,10,12,32,11,43,48,31,7,4,16,12,2,4,16,14,1,12,2,7,3,5,2,17,14,2,5,10,12,32,11,43,48,31,7,4,16,12,2,4,16,14,1,12,2,7,3,5,2,17,14,2,5,10,12,32,11,43,48,31,0,0,0,1,0,0,0,1,0,1,0,1,1,1,1,155
349,0,23652.41511099999,5904.080704,17766.344972000003,1660,0,0,1,1,0,0,0,1,0,0,0,0,0,0,0,1,0,0,0,0,0,0,0,0,1,1,0,1,0,1,1,1,0,0,53,215,162,0.7534883720930232,3.056603773584906,0.004651162790697674,0,0,1.0,0, 0, 0, 0, 0, 0,18,9,13,9,1,10,12,11,4,12,17,11,2,3,4,5,6,0,2,13,5,25,20,45,73,11,18,9,13,9,1,10,12,11,4,12,17,11,2,3,4,5,6,0,2,13,5,25,20,45,73,11,18,9,13,9,1,10,12,11,4,12,17,11,2,3,4,5,6,0,2,13,5,25,20,45,73,11,0,0,0,1,0,0,0,1,0,1,0,1,1,1,1,162
350,1,6845.168344999998,1715.844703,5147.334207,74,1,1,0,1,0,1,1,0,0,1,0,1,0,0,0,1,0,0,0,0,0,0,0,0,1,1,0,1,0,1,1,1,0,1,16,66,50,0.7575757575757576,3.125,0.06060606060606061,2,25.0,0.2727272727272727,1, 0, 1, 0, 0, 0,5,1,2,6,4,1,3,7,2,2,1,3,0,0,2,3,2,0,2,4,2,5,4,9,19,5,5,1,2,6,4,1,3,7,2,2,1,3,0,0,2,3,2,0,2,4,2,5,4,9,19,5,5,1,2,6,4,1,3,7,2,2,1,3,0,0,2,3,2,0,2,4,2,5,4,9,19,5,0,0,0,1,0,0,0,1,0,1,0,1,1,1,1,50
351,0,8502.392391000001,1983.045907,6537.357049000001,3483,0,0,1,1,0,1,1,0,0,0,0,0,0,0,0,1,0,0,0,0,0,0,0,0,1,1,0,1,0,1,1,1,0,0,18,75,57,0.76,3.1666666666666665,0.04,0,0,0.2,0, 0, 0, 1, 0, 0,2,4,3,6,3,3,4,2,0,5,7,4,0,1,2,3,4,0,2,2,3,7,8,15,18,7,2,4,3,6,3,3,4,2,0,5,7,4,0,1,2,3,4,0,2,2,3,7,8,15,18,7,2,4,3,6,3,3,4,2,0,5,7,4,0,1,2,3,4,0,2,2,3,7,8,15,18,7,0,0,0,1,0,0,0,1,0,1,0,1,1,1,1,57
354,0,33145.2011,8057.099383000001,25106.112281999987,6757,0,0,1,0,1,1,1,0,0,0,0,0,0,0,1,1,0,0,0,0,0,0,0,0,0,1,0,1,0,1,1,1,0,0,73,295,222,0.752542372881356,3.041095890410959,0.010169491525423728,1,0,1.0,0, 0, 0, 0, 0, 0,14,16,16,9,1,5,17,15,3,20,21,13,5,8,9,12,12,2,8,16,18,33,29,62,91,24,14,16,16,9,1,5,17,15,3,20,21,13,5,8,9,12,12,2,8,16,18,33,29,62,91,24,14,16,16,9,1,5,17,15,3,20,21,13,5,8,9,12,12,2,8,16,18,33,29,62,91,24,0,0,0,0,0,0,0,1,0,1,0,1,1,1,1,222
355,0,19757.039619,5075.888014000002,14699.162169999983,5052,0,0,1,1,0,1,1,0,0,0,0,0,0,0,0,1,0,0,0,0,0,0,0,0,0,1,0,1,0,1,1,1,0,0,42,170,128,0.7529411764705882,3.0476190476190474,0.01764705882352941,1,0,1.0,0, 0, 0, 0, 0, 0,5,4,2,8,3,2,5,6,4,18,18,5,3,12,2,1,8,0,5,17,17,7,9,16,67,9,5,4,2,8,3,2,5,6,4,18,18,5,3,12,2,1,8,0,5,17,17,7,9,16,67,9,5,4,2,8,3,2,5,6,4,18,18,5,3,12,2,1,8,0,5,17,17,7,9,16,67,9,0,0,0,0,0,0,0,1,0,1,0,1,1,1,1,128
356,1,6962.008749000002,1732.8202640000004,5247.199050000002,1978,0,0,1,0,1,1,1,0,0,1,1,1,0,0,0,1,0,0,0,0,0,0,0,0,0,1,0,1,0,1,1,1,0,1,16,66,50,0.7575757575757576,3.125,0.09090909090909091,8,6.714285714285714,0.3939393939393939,2, 0, 1, 0, 0, 1,5,4,3,2,6,0,2,8,2,0,2,1,1,1,1,4,4,0,3,1,4,5,5,10,17,8,5,4,3,2,6,0,2,8,2,0,2,1,1,1,1,4,4,0,3,1,4,5,5,10,17,8,5,4,3,2,6,0,2,8,2,0,2,1,1,1,1,4,4,0,3,1,4,5,5,10,17,8,0,0,0,0,0,0,0,1,0,1,0,1,1,1,1,50
357,0,5275.767876,1220.6183159999998,4073.1601249999994,1912,0,0,1,1,0,0,1,0,0,0,1,0,0,0,0,1,0,0,0,0,0,0,0,0,0,1,0,1,0,1,1,1,0,0,12,48,36,0.75,3.0,0.041666666666666664,0,0,0.3333333333333333,0, 1, 0, 0, 0, 0,4,3,1,1,2,2,1,1,1,2,2,5,1,1,2,3,1,0,1,2,2,2,8,10,12,4,4,3,1,1,2,2,1,1,1,2,2,5,1,1,2,3,1,0,1,2,2,2,8,10,12,4,4,3,1,1,2,2,1,1,1,2,2,5,1,1,2,3,1,0,1,2,2,2,8,10,12,4,0,0,0,0,0,0,0,1,0,1,0,1,1,1,1,36
358,0,15291.554102000002,3694.0060499999995,11615.558617000004,2285,0,0,1,1,0,0,1,0,0,0,0,0,0,0,0,1,0,0,0,0,0,0,0,0,0,1,0,1,0,1,1,1,0,0,33,132,99,0.75,3.0,0.015151515151515152,0,0,1.0,0, 0, 0, 0, 0, 0,5,6,10,9,2,6,10,2,0,7,8,6,4,0,1,6,5,0,7,5,7,20,12,32,31,11,5,6,10,9,2,6,10,2,0,7,8,6,4,0,1,6,5,0,7,5,7,20,12,32,31,11,5,6,10,9,2,6,10,2,0,7,8,6,4,0,1,6,5,0,7,5,7,20,12,32,31,11,0,0,0,0,0,0,0,1,0,1,0,1,1,1,1,99
359,0,29326.166914000016,6972.545682000003,22371.631796999987,2661,0,0,1,0,1,1,1,0,0,0,0,0,0,0,0,1,0,0,0,0,0,0,0,0,0,1,0,1,0,1,1,1,0,0,61,247,186,0.7530364372469636,3.0491803278688523,0.012145748987854251,0,0,1.0,0, 0, 0, 0, 0, 0,7,14,8,10,2,8,19,6,4,15,13,18,3,14,2,10,6,0,12,15,26,27,32,59,59,16,7,14,8,10,2,8,19,6,4,15,13,18,3,14,2,10,6,0,12,15,26,27,32,59,59,16,7,14,8,10,2,8,19,6,4,15,13,18,3,14,2,10,6,0,12,15,26,27,32,59,59,16,0,0,0,0,0,0,0,1,0,1,0,1,1,1,1,186
360,0,25058.360392999963,6512.512854999998,18563.858102999984,3401,0,0,1,1,0,1,1,0,0,0,0,0,0,0,0,1,0,0,0,0,0,0,0,0,0,1,0,1,0,1,1,1,0,0,54,216,162,0.75,3.0,0.018518518518518517,0,0,1.0,0, 0, 0, 0, 0, 1,8,6,3,5,4,4,6,3,5,21,23,5,8,11,4,19,7,2,6,12,19,9,11,20,75,26,8,6,3,5,4,4,6,3,5,21,23,5,8,11,4,19,7,2,6,12,19,9,11,20,75,26,8,6,3,5,4,4,6,3,5,21,23,5,8,11,4,19,7,2,6,12,19,9,11,20,75,26,0,0,0,0,0,0,0,1,0,1,0,1,1,1,1,162
361,0,19896.994646,4950.449148000001,14964.55606299999,4169,0,0,1,1,0,1,1,0,0,0,0,0,0,0,0,1,0,0,0,0,0,0,0,0,0,1,0,1,0,1,1,1,0,0,45,180,135,0.75,3.0,0.016666666666666666,1,0,1.0,0, 0, 0, 0, 0, 0,11,3,11,13,3,5,4,10,5,14,12,9,2,5,3,7,3,0,7,8,12,15,12,27,57,10,11,3,11,13,3,5,4,10,5,14,12,9,2,5,3,7,3,0,7,8,12,15,12,27,57,10,11,3,11,13,3,5,4,10,5,14,12,9,2,5,3,7,3,0,7,8,12,15,12,27,57,10,0,0,0,0,0,0,0,1,0,1,0,1,1,1,1,135
362,0,21841.478794,5515.732372000003,16343.756986999993,4746,0,0,1,0,1,1,1,0,0,0,0,0,0,0,0,1,0,0,0,0,0,0,0,0,0,1,0,1,0,1,1,1,0,0,47,189,142,0.7513227513227513,3.021276595744681,0.031746031746031744,1,0,0.5502645502645502,0, 0, 0, 1, 0, 0,7,8,2,3,3,4,3,7,3,14,24,2,6,17,6,9,11,0,6,7,23,5,10,15,65,20,7,8,2,3,3,4,3,7,3,14,24,2,6,17,6,9,11,0,6,7,23,5,10,15,65,20,7,8,2,3,3,4,3,7,3,14,24,2,6,17,6,9,11,0,6,7,23,5,10,15,65,20,0,0,0,0,0,0,0,1,0,1,0,1,1,1,1,142
363,0,14610.372460999997,3596.8298940000004,11031.553132000001,5312,0,0,1,1,0,0,0,1,0,0,0,0,0,0,0,1,0,0,0,0,0,0,0,0,0,1,0,1,0,1,1,1,0,0,30,123,93,0.7560975609756098,3.1,0.008130081300813009,0,0,1.0,0, 0, 0, 0, 0, 0,3,7,8,3,1,6,9,4,0,5,12,5,2,2,3,9,0,4,4,6,10,17,12,29,32,9,3,7,8,3,1,6,9,4,0,5,12,5,2,2,3,9,0,4,4,6,10,17,12,29,32,9,3,7,8,3,1,6,9,4,0,5,12,5,2,2,3,9,0,4,4,6,10,17,12,29,32,9,0,0,0,0,0,0,0,1,0,1,0,1,1,1,1,93
364,0,29714.958169999987,7387.787247000002,22345.18148799999,2947,0,0,1,1,0,0,0,1,0,0,0,0,0,0,0,1,0,0,0,0,0,0,0,0,0,1,0,0,0,1,1,1,0,0,63,255,192,0.7529411764705882,3.0476190476190474,0.00392156862745098,0,0,1.0,0, 0, 0, 0, 0, 0,3,3,10,11,1,10,24,5,0,15,19,41,5,5,1,15,8,0,3,13,8,34,44,78,60,23,3,3,10,11,1,10,24,5,0,15,19,41,5,5,1,15,8,0,3,13,8,34,44,78,60,23,3,3,10,11,1,10,24,5,0,15,19,41,5,5,1,15,8,0,3,13,8,34,44,78,60,23,0,0,0,0,0,0,0,1,0,0,0,0,1,1,1,192
365,1,7130.251381000001,1898.9996259999996,5249.26232,17,1,1,0,1,0,1,1,0,0,1,1,1,0,0,0,1,0,0,0,0,0,0,0,0,0,1,0,0,0,1,1,1,0,1,17,68,51,0.75,3.0,0.08823529411764706,3,12.0,0.3382352941176471,2, 0, 1, 0, 0, 1,7,2,2,6,6,0,0,4,3,3,2,1,1,1,2,8,2,1,0,0,2,2,3,5,17,10,7,2,2,6,6,0,0,4,3,3,2,1,1,1,2,8,2,1,0,0,2,2,3,5,17,10,7,2,2,6,6,0,0,4,3,3,2,1,1,1,2,8,2,1,0,0,2,2,3,5,17,10,0,0,0,0,0,0,0,1,0,0,0,0,1,1,1,51
366,0,15768.789899999987,4096.448069,11690.352395999991,83,1,1,0,1,0,0,0,1,0,0,0,0,0,0,1,1,0,0,0,0,0,0,0,0,0,1,0,0,0,1,1,1,0,0,34,136,102,0.75,3.0,0.007352941176470588,1,0,1.0,0, 0, 0, 0, 0, 0,3,3,6,7,1,2,3,7,0,19,10,5,2,12,3,4,3,1,3,8,16,9,8,17,49,7,3,3,6,7,1,2,3,7,0,19,10,5,2,12,3,4,3,1,3,8,16,9,8,17,49,7,3,3,6,7,1,2,3,7,0,19,10,5,2,12,3,4,3,1,3,8,16,9,8,17,49,7,0,0,0,0,0,0,0,1,0,0,0,0,1,1,1,102
367,0,7946.281428999997,1974.159438,5990.132556,504,0,0,0,0,1,1,1,0,0,0,0,0,0,0,0,1,0,0,0,0,0,0,0,0,0,1,0,0,0,1,1,1,0,0,17,71,54,0.7605633802816901,3.176470588235294,0.04225352112676056,0,0,1.0,0, 0, 0, 0, 0, 0,2,2,0,1,2,6,4,6,0,9,4,2,0,1,1,4,3,0,4,3,5,4,4,8,24,7,2,2,0,1,2,6,4,6,0,9,4,2,0,1,1,4,3,0,4,3,5,4,4,8,24,7,2,2,0,1,2,6,4,6,0,9,4,2,0,1,1,4,3,0,4,3,5,4,4,8,24,7,0,0,0,0,0,0,0,1,0,0,0,0,1,1,1,54
368,0,8077.321912999997,2105.199922,5990.132556,504,0,0,0,0,1,1,1,0,0,0,0,0,0,0,0,1,0,0,0,0,0,0,0,0,0,1,0,0,0,1,1,1,0,0,18,72,54,0.75,3.0,0.041666666666666664,0,0,1.0,0, 0, 0, 0, 0, 0,2,2,0,1,2,6,4,6,0,9,4,2,0,1,1,4,3,0,4,3,5,4,4,8,24,7,2,2,0,1,2,6,4,6,0,9,4,2,0,1,1,4,3,0,4,3,5,4,4,8,24,7,2,2,0,1,2,6,4,6,0,9,4,2,0,1,1,4,3,0,4,3,5,4,4,8,24,7,0,0,0,0,0,0,0,1,0,0,0,0,1,1,1,54
369,0,11074.551128000003,2791.453825000001,8301.107868,6134,0,0,1,1,0,0,0,1,0,0,0,0,0,0,0,1,0,0,0,0,0,0,0,0,0,1,0,0,0,1,1,1,0,0,22,90,68,0.7555555555555555,3.090909090909091,0.011111111111111112,1,0,1.0,0, 0, 0, 0, 0, 0,2,2,4,3,1,3,16,0,0,8,5,11,4,1,0,5,0,0,3,0,4,20,13,33,19,5,2,2,4,3,1,3,16,0,0,8,5,11,4,1,0,5,0,0,3,0,4,20,13,33,19,5,2,2,4,3,1,3,16,0,0,8,5,11,4,1,0,5,0,0,3,0,4,20,13,33,19,5,0,0,0,0,0,0,0,1,0,0,0,0,1,1,1,68
370,0,15965.060805999994,3743.2263220000004,12239.845049000003,12185,0,0,1,1,0,0,0,1,0,0,0,0,0,0,0,1,0,0,0,0,0,0,0,0,0,1,0,0,0,1,1,1,0,0,34,138,104,0.7536231884057971,3.0588235294117645,0.007246376811594203,0,0,1.0,0, 0, 0, 0, 0, 0,6,6,3,3,1,3,3,3,4,8,8,21,3,6,3,8,5,0,5,5,11,6,27,33,33,13,6,6,3,3,1,3,3,3,4,8,8,21,3,6,3,8,5,0,5,5,11,6,27,33,33,13,6,6,3,3,1,3,3,3,4,8,8,21,3,6,3,8,5,0,5,5,11,6,27,33,33,13,0,0,0,0,0,0,0,1,0,0,0,0,1,1,1,104
371,0,7297.9131959999995,1859.973655,5455.950106000002,12605,0,0,1,1,0,0,0,1,0,0,0,0,0,0,0,1,0,0,0,0,0,0,0,0,0,1,0,0,0,1,1,1,0,0,16,64,48,0.75,3.0,0.015625,0,0,1.0,0, 0, 0, 0, 0, 0,5,2,3,3,1,0,8,2,1,6,4,7,0,0,0,1,0,1,0,4,1,11,9,20,21,1,5,2,3,3,1,0,8,2,1,6,4,7,0,0,0,1,0,1,0,4,1,11,9,20,21,1,5,2,3,3,1,0,8,2,1,6,4,7,0,0,0,1,0,1,0,4,1,11,9,20,21,1,0,0,0,0,0,0,0,1,0,0,0,0,1,1,1,48
374,0,21981.706792999983,5357.971673,16641.74568499999,5592,0,0,1,0,1,1,1,0,0,0,1,0,0,0,0,1,0,0,0,0,0,0,0,0,0,0,0,0,0,0,1,1,0,1,49,199,150,0.7537688442211056,3.061224489795918,0.020100502512562814,1,0,0.6432160804020101,0, 2, 0, 0, 0, 0,11,11,6,7,4,1,14,10,4,10,18,8,3,3,9,6,9,0,4,12,7,20,19,39,64,15,11,11,6,7,4,1,14,10,4,10,18,8,3,3,9,6,9,0,4,12,7,20,19,39,64,15,11,11,6,7,4,1,14,10,4,10,18,8,3,3,9,6,9,0,4,12,7,20,19,39,64,15,0,0,0,0,0,0,0,0,0,0,0,0,0,1,1,150
381,0,9424.041330999999,2338.340634,7103.711262000001,3026,0,0,1,1,0,1,1,0,0,0,1,0,0,0,0,1,0,0,0,0,0,0,0,0,0,0,0,0,0,0,1,1,0,1,21,84,63,0.75,3.0,0.047619047619047616,2,4.0,0.14285714285714285,0, 2, 0, 0, 0, 0,7,2,3,3,4,0,7,3,2,8,6,8,0,1,1,1,2,0,3,2,4,10,10,20,26,3,7,2,3,3,4,0,7,3,2,8,6,8,0,1,1,1,2,0,3,2,4,10,10,20,26,3,7,2,3,3,4,0,7,3,2,8,6,8,0,1,1,1,2,0,3,2,4,10,10,20,26,3,0,0,0,0,0,0,0,0,0,0,0,0,0,1,1,63
383,0,15141.078245999995,3888.1851890000007,11270.903622000002,6921,0,0,1,1,0,0,0,1,0,0,0,0,0,0,0,1,0,0,0,0,0,0,0,0,0,1,0,1,0,1,1,1,0,0,32,130,98,0.7538461538461538,3.0625,0.007692307692307693,1,0,1.0,0, 0, 0, 0, 0, 0,4,1,3,8,1,1,11,4,2,9,7,15,1,4,2,9,3,0,6,7,10,14,16,30,32,12,4,1,3,8,1,1,11,4,2,9,7,15,1,4,2,9,3,0,6,7,10,14,16,30,32,12,4,1,3,8,1,1,11,4,2,9,7,15,1,4,2,9,3,0,6,7,10,14,16,30,32,12,0,0,0,0,0,0,0,1,0,1,0,1,1,1,1,98
384,0,14221.48427399999,3541.8385000000007,10697.656339000001,6117,0,0,1,0,1,0,1,0,0,0,0,0,0,0,0,1,0,0,0,0,0,0,0,0,0,1,0,1,0,1,1,1,0,0,30,122,92,0.7540983606557377,3.066666666666667,0.01639344262295082,0,0,1.0,0, 0, 0, 0, 0, 0,3,5,7,6,2,2,4,0,0,11,8,13,3,4,0,13,5,0,3,3,7,11,18,29,28,18,3,5,7,6,2,2,4,0,0,11,8,13,3,4,0,13,5,0,3,3,7,11,18,29,28,18,3,5,7,6,2,2,4,0,0,11,8,13,3,4,0,13,5,0,3,3,7,11,18,29,28,18,0,0,0,0,0,0,0,1,0,1,0,1,1,1,1,92
386,0,33209.46087699994,7948.296211999999,25279.175229999975,332,1,0,0,1,0,1,1,0,0,0,0,0,0,0,0,1,0,0,0,0,0,0,0,0,0,1,0,1,0,1,1,1,0,0,73,292,219,0.75,3.0,0.010273972602739725,0,0,1.0,0, 0, 0, 0, 0, 0,4,9,13,17,3,5,19,12,1,27,20,22,3,9,6,18,7,0,13,11,22,32,31,63,77,25,4,9,13,17,3,5,19,12,1,27,20,22,3,9,6,18,7,0,13,11,22,32,31,63,77,25,4,9,13,17,3,5,19,12,1,27,20,22,3,9,6,18,7,0,13,11,22,32,31,63,77,25,0,0,0,0,0,0,0,1,0,1,0,1,1,1,1,219
387,1,6743.152776999999,1655.791211,5105.372131000002,34,1,1,0,0,1,1,1,0,0,1,1,1,0,0,1,1,0,0,0,0,0,0,0,0,0,1,0,1,0,1,1,1,0,1,16,64,48,0.75,3.0,0.09375,4,10.0,0.375,2, 0, 1, 0, 0, 1,3,3,1,1,5,1,1,6,3,2,2,3,1,0,2,5,6,1,1,1,2,2,6,8,15,11,3,3,1,1,5,1,1,6,3,2,2,3,1,0,2,5,6,1,1,1,2,2,6,8,15,11,3,3,1,1,5,1,1,6,3,2,2,3,1,0,2,5,6,1,1,1,2,2,6,8,15,11,0,0,0,0,0,0,0,1,0,1,0,1,1,1,1,48
388,0,26584.797060999994,6620.433420000001,19982.374205999997,1896,0,0,1,1,0,0,1,0,0,0,0,0,0,0,0,1,0,0,0,0,0,0,0,0,0,1,0,1,0,1,1,1,0,0,57,228,171,0.75,3.0,0.008771929824561403,0,0,1.0,0, 0, 0, 0, 0, 0,5,8,17,13,2,2,9,9,2,17,17,21,4,4,3,10,5,1,13,9,18,26,29,55,61,15,5,8,17,13,2,2,9,9,2,17,17,21,4,4,3,10,5,1,13,9,18,26,29,55,61,15,5,8,17,13,2,2,9,9,2,17,17,21,4,4,3,10,5,1,13,9,18,26,29,55,61,15,0,0,0,0,0,0,0,1,0,1,0,1,1,1,1,171
390,0,8636.667750000004,2081.3048410000006,6573.373474,20510,0,0,1,1,0,0,0,1,0,0,0,0,0,0,0,1,0,0,0,0,0,0,0,0,0,1,0,1,0,1,1,1,0,0,18,73,55,0.7534246575342466,3.0555555555555554,0.0136986301369863,0,0,1.0,0, 0, 0, 0, 0, 0,3,3,1,6,1,1,14,0,0,6,4,7,1,2,1,1,2,0,0,2,2,15,10,25,16,3,3,3,1,6,1,1,14,0,0,6,4,7,1,2,1,1,2,0,0,2,2,15,10,25,16,3,3,3,1,6,1,1,14,0,0,6,4,7,1,2,1,1,2,0,0,2,2,15,10,25,16,3,0,0,0,0,0,0,0,1,0,1,0,1,1,1,1,55
392,1,7556.927794000002,1810.097488,5764.840871000001,54,1,1,0,1,0,1,1,0,0,1,1,0,0,0,0,1,0,0,1,0,0,0,0,0,0,0,0,0,0,0,1,1,0,1,18,72,54,0.75,3.0,0.08333333333333333,3,6.0,0.19444444444444445,0, 0, 3, 0, 0, 2,5,3,0,3,6,6,2,5,1,2,3,6,1,0,0,4,4,0,0,3,0,2,9,11,19,8,5,3,0,3,6,6,2,5,1,2,3,6,1,0,0,4,4,0,0,3,0,2,9,11,19,8,5,3,0,3,6,6,2,5,1,2,3,6,1,0,0,4,4,0,0,3,0,2,9,11,19,8,0,0,0,0,0,0,0,0,0,0,0,1,0,1,1,54
393,1,5565.708795000001,1438.7463109999997,4144.973049,54,1,1,0,1,0,1,1,0,0,1,1,0,0,0,0,1,0,0,1,0,0,0,0,0,0,0,0,0,0,0,1,1,0,1,13,52,39,0.75,3.0,0.11538461538461539,3,6.0,0.2692307692307692,0, 0, 3, 0, 0, 2,2,2,0,1,6,5,2,4,0,1,3,4,0,0,0,4,3,0,0,2,0,2,6,8,12,7,2,2,0,1,6,5,2,4,0,1,3,4,0,0,0,4,3,0,0,2,0,2,6,8,12,7,2,2,0,1,6,5,2,4,0,1,3,4,0,0,0,4,3,0,0,2,0,2,6,8,12,7,0,0,0,0,0,0,0,0,0,0,0,1,0,1,1,39
394,0,9053.322992999998,2451.229685,6620.103873000002,1735,0,0,1,0,1,1,1,0,1,1,1,0,0,0,0,1,0,0,0,0,0,0,0,0,0,0,0,0,0,0,1,1,0,1,20,83,63,0.7590361445783133,3.15,0.12048192771084337,5,20.25,0.14457831325301204,0, 1, 2, 0, 2, 3,3,0,3,1,10,3,3,7,0,6,3,7,1,0,4,4,2,1,1,4,2,6,7,13,24,6,3,0,3,1,10,3,3,7,0,6,3,7,1,0,4,4,2,1,1,4,2,6,7,13,24,6,3,0,3,1,10,3,3,7,0,6,3,7,1,0,4,4,2,1,1,4,2,6,7,13,24,6,0,0,0,0,0,0,0,0,0,0,0,1,0,1,1,63
396,0,27523.762735000004,6893.376268,20648.397032000004,2568,0,0,1,0,1,1,1,0,0,0,0,0,0,0,0,1,0,0,0,0,0,0,0,0,0,0,0,0,0,0,1,1,0,0,63,252,189,0.75,3.0,0.01984126984126984,4,10.333333333333334,0.7896825396825397,0, 1, 1, 0, 0, 0,15,8,5,10,1,9,14,22,4,14,6,14,7,5,11,5,20,2,7,10,14,19,22,41,74,25,15,8,5,10,1,9,14,22,4,14,6,14,7,5,11,5,20,2,7,10,14,19,22,41,74,25,15,8,5,10,1,9,14,22,4,14,6,14,7,5,11,5,20,2,7,10,14,19,22,41,74,25,0,0,0,0,0,0,0,0,0,0,0,1,0,1,1,189
397,0,24176.60266399999,6236.327587,17958.285641999988,4497,0,0,1,0,1,0,1,0,0,0,0,0,0,0,0,1,0,0,0,0,0,0,0,0,0,0,0,0,0,0,1,1,0,0,56,225,169,0.7511111111111111,3.017857142857143,0.008888888888888889,1,0,1.0,0, 0, 0, 0, 0, 0,20,9,10,9,1,4,12,19,1,16,16,4,4,1,6,5,12,4,3,13,8,22,13,35,88,17,20,9,10,9,1,4,12,19,1,16,16,4,4,1,6,5,12,4,3,13,8,22,13,35,88,17,20,9,10,9,1,4,12,19,1,16,16,4,4,1,6,5,12,4,3,13,8,22,13,35,88,17,0,0,0,0,0,0,0,0,0,0,0,1,0,1,1,169
400,0,21508.19032699999,5179.771684,16346.429207999989,5750,0,0,1,0,1,1,1,0,0,1,1,0,1,0,0,1,0,0,0,0,0,0,0,0,0,0,0,0,0,0,1,1,0,1,49,199,150,0.7537688442211056,3.061224489795918,0.03015075376884422,0,0,0.6432160804020101,0, 1, 1, 0, 0, 0,12,15,9,4,6,2,11,13,3,10,16,5,4,1,8,9,7,0,3,12,4,20,20,40,67,16,12,15,9,4,6,2,11,13,3,10,16,5,4,1,8,9,7,0,3,12,4,20,20,40,67,16,12,15,9,4,6,2,11,13,3,10,16,5,4,1,8,9,7,0,3,12,4,20,20,40,67,16,0,0,0,0,0,0,0,0,0,0,0,1,0,1,1,150
403,0,25376.740878999997,6163.098297000003,19231.65314699999,9413,0,0,1,0,1,1,1,0,0,0,0,0,0,0,0,1,0,0,0,0,0,1,0,0,1,1,0,1,0,1,1,1,0,0,57,231,174,0.7532467532467533,3.0526315789473686,0.012987012987012988,1,0,1.0,0, 0, 0, 0, 0, 0,8,3,15,14,1,0,19,16,0,19,12,18,2,2,4,14,6,1,10,10,13,34,21,55,67,20,8,3,15,14,1,0,19,16,0,19,12,18,2,2,4,14,6,1,10,10,13,34,21,55,67,20,8,3,15,14,1,0,19,16,0,19,12,18,2,2,4,14,6,1,10,10,13,34,21,55,67,20,1,0,0,1,0,0,0,1,0,1,0,1,1,1,1,174
404,0,26526.815031999984,6767.370027000001,19777.45557,8540,0,0,1,1,0,0,1,0,0,0,0,0,0,0,0,1,0,0,0,0,0,1,0,0,1,1,0,1,0,1,1,1,0,0,57,229,172,0.7510917030567685,3.017543859649123,0.008733624454148471,0,0,1.0,0, 0, 0, 0, 0, 0,3,11,17,15,2,2,8,10,1,20,23,14,3,5,3,11,8,1,7,8,13,25,25,50,67,19,3,11,17,15,2,2,8,10,1,20,23,14,3,5,3,11,8,1,7,8,13,25,25,50,67,19,3,11,17,15,2,2,8,10,1,20,23,14,3,5,3,11,8,1,7,8,13,25,25,50,67,19,1,0,0,1,0,0,0,1,0,1,0,1,1,1,1,172
406,1,4869.229082000001,1308.697238,3578.5424090000006,122,1,1,0,1,0,1,1,0,0,1,1,0,0,0,0,1,0,0,1,0,0,1,0,0,1,1,0,1,0,1,1,1,0,1,11,45,34,0.7555555555555555,3.090909090909091,0.15555555555555556,3,6.0,0.2222222222222222,0, 0, 3, 0, 0, 3,3,0,0,4,7,1,3,1,0,1,2,4,0,0,1,4,2,0,0,1,0,3,4,7,8,6,3,0,0,4,7,1,3,1,0,1,2,4,0,0,1,4,2,0,0,1,0,3,4,7,8,6,3,0,0,4,7,1,3,1,0,1,2,4,0,0,1,4,2,0,0,1,0,3,4,7,8,6,1,0,0,1,0,0,0,1,0,1,0,1,1,1,1,34
413,0,18199.357441999993,4679.452905,13537.915101999999,17,1,1,0,1,0,1,1,0,1,0,0,0,0,0,0,1,0,0,0,0,0,0,0,0,0,0,0,0,0,0,1,1,0,1,41,166,125,0.7530120481927711,3.048780487804878,0.030120481927710843,2,18.0,0.3313253012048193,0, 0, 0, 0, 2, 0,7,6,9,6,5,2,5,14,4,17,7,4,2,1,5,4,6,0,7,14,8,14,10,24,61,10,7,6,9,6,5,2,5,14,4,17,7,4,2,1,5,4,6,0,7,14,8,14,10,24,61,10,7,6,9,6,5,2,5,14,4,17,7,4,2,1,5,4,6,0,7,14,8,14,10,24,61,10,0,0,0,0,0,0,0,0,0,0,0,0,0,1,1,125
415,0,14331.657137,3517.911924000001,10831.755777999995,6061,0,0,1,1,0,0,0,1,0,0,0,0,0,0,0,1,0,0,0,0,0,1,0,0,1,1,1,0,0,0,1,1,0,0,30,123,93,0.7560975609756098,3.1,0.008130081300813009,0,0,1.0,0, 0, 0, 0, 0, 0,2,5,6,4,1,4,8,6,1,8,13,8,1,1,3,3,6,2,5,6,8,14,13,27,36,9,2,5,6,4,1,4,8,6,1,8,13,8,1,1,3,3,6,2,5,6,8,14,13,27,36,9,2,5,6,4,1,4,8,6,1,8,13,8,1,1,3,3,6,2,5,6,8,14,13,27,36,9,1,0,0,1,0,0,0,1,1,0,0,0,0,1,1,93
416,0,15828.064055000003,3987.999509999999,11858.07511,5584,0,0,1,1,0,0,0,1,0,0,0,0,0,0,0,1,0,0,0,0,0,1,0,0,1,1,1,0,0,0,1,1,0,0,33,134,101,0.753731343283582,3.0606060606060606,0.007462686567164179,0,0,1.0,0, 0, 0, 0, 0, 0,5,6,5,5,1,7,8,4,2,10,8,7,5,6,2,7,3,2,2,6,10,13,13,26,38,10,5,6,5,5,1,7,8,4,2,10,8,7,5,6,2,7,3,2,2,6,10,13,13,26,38,10,5,6,5,5,1,7,8,4,2,10,8,7,5,6,2,7,3,2,2,6,10,13,13,26,38,10,1,0,0,1,0,0,0,1,1,0,0,0,0,1,1,101
417,0,18154.263167,4570.2341209999995,13602.039611,5524,0,0,1,1,0,0,0,1,0,0,0,0,0,0,0,1,0,0,0,0,0,1,0,0,1,1,1,0,0,0,1,1,0,0,38,154,116,0.7532467532467533,3.0526315789473686,0.006493506493506494,0,0,1.0,0, 0, 0, 0, 0, 0,8,8,5,6,1,8,8,4,3,12,8,8,5,6,3,7,5,3,2,6,11,13,16,29,43,12,8,8,5,6,1,8,8,4,3,12,8,8,5,6,3,7,5,3,2,6,11,13,16,29,43,12,8,8,5,6,1,8,8,4,3,12,8,8,5,6,3,7,5,3,2,6,11,13,16,29,43,12,1,0,0,1,0,0,0,1,1,0,0,0,0,1,1,116
418,0,26697.32654300003,6024.994263999999,20690.342844000017,4774,0,0,1,1,0,0,0,1,0,0,0,0,0,0,0,1,0,0,0,0,0,1,0,0,1,1,1,0,0,0,1,1,0,0,60,243,183,0.7530864197530864,3.05,0.00411522633744856,1,0,1.0,0, 0, 0, 0, 0, 0,11,9,11,6,1,8,11,19,1,12,6,15,5,11,1,13,11,3,12,17,26,22,24,46,70,24,11,9,11,6,1,8,11,19,1,12,6,15,5,11,1,13,11,3,12,17,26,22,24,46,70,24,11,9,11,6,1,8,11,19,1,12,6,15,5,11,1,13,11,3,12,17,26,22,24,46,70,24,1,0,0,1,0,0,0,1,1,0,0,0,0,1,1,183
419,0,9269.476283999997,2376.2736150000005,6911.213233999998,3402,0,0,1,1,0,0,0,1,0,0,0,0,0,0,0,1,0,0,0,0,0,1,0,0,1,1,1,0,0,0,1,1,0,0,19,78,59,0.7564102564102564,3.1052631578947367,0.01282051282051282,0,0,1.0,0, 0, 0, 0, 0, 0,1,4,4,8,1,3,3,8,1,2,5,1,2,4,0,1,2,1,5,3,10,7,5,12,21,3,1,4,4,8,1,3,3,8,1,2,5,1,2,4,0,1,2,1,5,3,10,7,5,12,21,3,1,4,4,8,1,3,3,8,1,2,5,1,2,4,0,1,2,1,5,3,10,7,5,12,21,3,1,0,0,1,0,0,0,1,1,0,0,0,0,1,1,59
422,0,22680.873361,5722.677495,16976.206431000002,2122,0,0,1,0,1,1,1,0,0,0,0,0,0,0,0,1,0,0,0,0,0,1,0,0,1,1,1,0,0,0,1,1,0,0,49,198,149,0.7525252525252525,3.0408163265306123,0.015151515151515152,1,0,1.0,0, 0, 0, 0, 0, 0,13,5,13,7,2,6,11,8,2,7,13,8,1,8,7,10,9,3,10,6,21,24,13,37,48,19,13,5,13,7,2,6,11,8,2,7,13,8,1,8,7,10,9,3,10,6,21,24,13,37,48,19,13,5,13,7,2,6,11,8,2,7,13,8,1,8,7,10,9,3,10,6,21,24,13,37,48,19,1,0,0,1,0,0,0,1,1,0,0,0,0,1,1,149
423,1,7120.243402999998,1903.0019329999993,5235.2520349999995,101,1,1,0,1,0,1,1,0,0,1,0,1,0,0,0,1,0,0,0,0,0,1,0,0,1,1,1,0,0,0,1,1,0,1,17,69,52,0.7536231884057971,3.0588235294117645,0.07246376811594203,5,7.0,0.2608695652173913,2, 0, 1, 0, 0, 0,9,0,2,3,5,2,0,6,0,3,0,2,2,0,1,6,3,0,5,3,5,2,2,4,23,9,9,0,2,3,5,2,0,6,0,3,0,2,2,0,1,6,3,0,5,3,5,2,2,4,23,9,9,0,2,3,5,2,0,6,0,3,0,2,2,0,1,6,3,0,5,3,5,2,2,4,23,9,1,0,0,1,0,0,0,1,1,0,0,0,0,1,1,52
425,0,8010.085007000002,1959.9247889999995,6068.170783000001,3940,0,0,1,1,0,0,0,1,0,0,0,0,0,0,0,1,0,0,0,0,0,1,0,0,1,1,1,0,0,0,1,1,0,0,17,69,52,0.7536231884057971,3.0588235294117645,0.014492753623188406,0,0,1.0,0, 0, 0, 0, 0, 0,0,3,5,1,1,1,5,1,0,4,6,4,0,2,0,5,4,0,3,7,5,10,7,17,18,9,0,3,5,1,1,1,5,1,0,4,6,4,0,2,0,5,4,0,3,7,5,10,7,17,18,9,0,3,5,1,1,1,5,1,0,4,6,4,0,2,0,5,4,0,3,7,5,10,7,17,18,9,1,0,0,1,0,0,0,1,1,0,0,0,0,1,1,52
429,0,16219.056872000005,4286.9969120000005,11950.07052499999,4199,0,0,1,0,1,1,1,0,0,0,1,0,0,0,0,1,0,0,0,0,0,0,0,0,0,1,0,1,1,1,1,1,0,0,35,141,106,0.75177304964539,3.0285714285714285,0.028368794326241134,0,0,0.6950354609929078,0, 1, 0, 0, 0, 0,3,1,7,3,4,6,5,7,3,10,10,8,5,2,4,5,6,2,4,11,8,12,9,21,46,11,3,1,7,3,4,6,5,7,3,10,10,8,5,2,4,5,6,2,4,11,8,12,9,21,46,11,3,1,7,3,4,6,5,7,3,10,10,8,5,2,4,5,6,2,4,11,8,12,9,21,46,11,0,0,0,0,1,0,0,1,0,1,1,1,1,1,1,106
430,0,18498.299825,4421.383954,14094.926436000003,3679,0,0,1,0,1,1,1,0,1,0,0,0,0,0,1,1,0,0,0,0,0,0,0,0,0,1,0,1,1,1,1,1,0,0,42,171,129,0.7543859649122807,3.0714285714285716,0.03508771929824561,0,0,0.2982456140350877,0, 0, 0, 0, 1, 0,19,2,5,1,6,3,17,7,3,10,12,10,3,5,6,11,1,3,2,3,10,22,12,34,54,12,19,2,5,1,6,3,17,7,3,10,12,10,3,5,6,11,1,3,2,3,10,22,12,34,54,12,19,2,5,1,6,3,17,7,3,10,12,10,3,5,6,11,1,3,2,3,10,22,12,34,54,12,0,0,0,0,1,0,0,1,0,1,1,1,1,1,1,129
431,0,26877.022302000005,6420.260308000001,20474.77255899999,1505,0,0,1,0,1,1,1,0,0,0,0,0,0,0,0,1,0,0,0,0,0,0,0,0,0,1,0,1,1,1,1,1,0,0,59,239,180,0.7531380753138075,3.0508474576271185,0.016736401673640166,2,1.0,1.0,0, 0, 0, 0, 0, 0,13,9,11,3,2,13,15,11,5,12,21,13,1,4,9,8,6,4,6,14,14,26,22,48,72,14,13,9,11,3,2,13,15,11,5,12,21,13,1,4,9,8,6,4,6,14,14,26,22,48,72,14,13,9,11,3,2,13,15,11,5,12,21,13,1,4,9,8,6,4,6,14,14,26,22,48,72,14,0,0,0,0,1,0,0,1,0,1,1,1,1,1,1,180
432,1,5930.019295,1648.8355219999996,4299.194337999999,66,1,1,0,1,0,1,1,0,0,0,1,0,0,0,0,1,0,1,0,0,0,0,0,0,0,1,0,1,1,1,1,1,0,0,13,55,42,0.7636363636363637,3.230769230769231,0.05454545454545454,3,8.5,0.41818181818181815,0, 1, 0, 0, 0, 0,7,2,0,0,3,0,0,5,1,3,2,4,4,0,3,3,2,1,0,2,1,0,6,6,23,5,7,2,0,0,3,0,0,5,1,3,2,4,4,0,3,3,2,1,0,2,1,0,6,6,23,5,7,2,0,0,3,0,0,5,1,3,2,4,4,0,3,3,2,1,0,2,1,0,6,6,23,5,0,0,0,0,1,0,0,1,0,1,1,1,1,1,1,42
433,0,11548.010308999996,3180.617217,8385.403656999999,705,0,0,0,0,1,1,1,0,1,0,0,0,0,0,0,1,0,0,0,0,0,0,0,0,0,1,0,1,1,1,1,1,0,0,26,104,78,0.75,3.0,0.038461538461538464,0,0,0.17307692307692307,0, 0, 0, 0, 1, 0,6,2,4,7,3,0,3,2,0,6,10,3,3,2,3,7,4,1,0,12,3,7,5,12,39,11,6,2,4,7,3,0,3,2,0,6,10,3,3,2,3,7,4,1,0,12,3,7,5,12,39,11,6,2,4,7,3,0,3,2,0,6,10,3,3,2,3,7,4,1,0,12,3,7,5,12,39,11,0,0,0,0,1,0,0,1,0,1,1,1,1,1,1,78
435,0,11494.043775,2997.5997610000004,8514.454578999997,2443,0,0,1,1,0,0,0,1,0,0,0,0,0,0,0,1,0,0,0,0,0,0,0,0,0,1,0,1,1,1,1,1,0,0,25,100,75,0.75,3.0,0.01,0,0,1.0,0, 0, 0, 0, 0, 0,6,4,5,1,1,3,5,5,2,8,7,7,2,2,1,3,7,0,4,2,6,10,11,21,30,10,6,4,5,1,1,3,5,5,2,8,7,7,2,2,1,3,7,0,4,2,6,10,11,21,30,10,6,4,5,1,1,3,5,5,2,8,7,7,2,2,1,3,7,0,4,2,6,10,11,21,30,10,0,0,0,0,1,0,0,1,0,1,1,1,1,1,1,75
437,0,13854.424284999992,3456.792262,10415.642587999995,3228,0,0,1,1,0,0,1,0,0,0,0,0,0,0,0,1,0,0,0,0,0,0,0,0,0,1,0,1,1,1,1,1,0,0,31,124,93,0.75,3.0,0.016129032258064516,1,0,1.0,0, 0, 0, 0, 0, 0,1,4,5,3,2,1,9,7,1,10,12,11,3,2,1,7,6,0,1,7,3,14,15,29,40,13,1,4,5,3,2,1,9,7,1,10,12,11,3,2,1,7,6,0,1,7,3,14,15,29,40,13,1,4,5,3,2,1,9,7,1,10,12,11,3,2,1,7,6,0,1,7,3,14,15,29,40,13,0,0,0,0,1,0,0,1,0,1,1,1,1,1,1,93
439,0,19490.75662200001,4738.346974000001,14770.420213000001,4014,0,0,1,1,0,0,1,0,0,0,0,0,0,0,0,1,0,0,0,0,0,0,0,0,0,1,0,1,1,1,1,1,0,0,43,175,132,0.7542857142857143,3.0697674418604652,0.011428571428571429,0,0,1.0,0, 0, 0, 0, 0, 0,4,3,9,5,2,5,10,10,5,9,9,11,4,5,7,9,8,1,4,12,10,19,14,33,48,17,4,3,9,5,2,5,10,10,5,9,9,11,4,5,7,9,8,1,4,12,10,19,14,33,48,17,4,3,9,5,2,5,10,10,5,9,9,11,4,5,7,9,8,1,4,12,10,19,14,33,48,17,0,0,0,0,1,0,0,1,0,1,1,1,1,1,1,132
441,0,7831.7481689999995,1849.96462,5999.794113999999,9400,0,0,1,1,0,0,0,1,0,0,0,0,0,0,0,1,0,0,0,0,0,1,0,0,1,1,0,1,0,1,1,1,0,0,17,69,52,0.7536231884057971,3.0588235294117645,0.014492753623188406,0,0,1.0,0, 0, 0, 0, 0, 0,1,0,2,3,1,0,6,5,2,1,3,5,0,5,1,5,5,1,4,2,10,8,5,13,12,10,1,0,2,3,1,0,6,5,2,1,3,5,0,5,1,5,5,1,4,2,10,8,5,13,12,10,1,0,2,3,1,0,6,5,2,1,3,5,0,5,1,5,5,1,4,2,10,8,5,13,12,10,1,0,0,1,0,0,0,1,0,1,0,1,1,1,1,52
442,0,26478.931098,6646.554673,19850.386989999995,7571,0,0,1,1,0,1,1,0,0,0,0,0,0,0,0,1,0,0,0,0,0,1,0,0,1,1,0,1,0,1,1,1,0,0,58,232,174,0.75,3.0,0.01293103448275862,1,0,1.0,0, 0, 0, 0, 0, 0,7,10,9,10,3,9,11,10,5,18,20,11,6,5,5,10,9,0,6,10,11,20,21,41,71,19,7,10,9,10,3,9,11,10,5,18,20,11,6,5,5,10,9,0,6,10,11,20,21,41,71,19,7,10,9,10,3,9,11,10,5,18,20,11,6,5,5,10,9,0,6,10,11,20,21,41,71,19,1,0,0,1,0,0,0,1,0,1,0,1,1,1,1,174
444,0,20410.613713000002,4998.745124000001,15429.879153999998,359,1,0,0,0,1,0,0,1,0,0,0,0,0,0,1,1,0,0,0,0,0,1,0,0,1,1,0,1,0,1,1,1,0,0,46,187,141,0.7540106951871658,3.0652173913043477,0.0053475935828877,1,0,1.0,0, 0, 0, 0, 0, 0,10,5,9,11,0,10,7,12,6,11,7,12,3,1,5,10,7,1,3,11,5,16,17,33,54,17,10,5,9,11,0,10,7,12,6,11,7,12,3,1,5,10,7,1,3,11,5,16,17,33,54,17,10,5,9,11,0,10,7,12,6,11,7,12,3,1,5,10,7,1,3,11,5,16,17,33,54,17,1,0,0,1,0,0,0,1,0,1,0,1,1,1,1,141
445,0,20297.529649000004,5000.688003000001,15314.852210999998,359,1,0,0,0,1,0,0,1,0,0,0,0,0,0,1,1,0,0,0,0,0,1,0,0,1,1,0,1,0,1,1,1,0,0,46,186,140,0.7526881720430108,3.0434782608695654,0.005376344086021506,1,0,1.0,0, 0, 0, 0, 0, 0,10,5,8,11,0,10,7,12,6,11,7,12,3,1,5,10,7,1,3,11,5,15,17,32,54,17,10,5,8,11,0,10,7,12,6,11,7,12,3,1,5,10,7,1,3,11,5,15,17,32,54,17,10,5,8,11,0,10,7,12,6,11,7,12,3,1,5,10,7,1,3,11,5,15,17,32,54,17,1,0,0,1,0,0,0,1,0,1,0,1,1,1,1,140
446,1,4161.864783999999,1121.5209120000002,3058.3544370000004,63,1,1,0,0,1,1,1,0,1,0,1,0,0,0,0,1,1,0,0,0,0,1,0,0,1,1,0,1,0,1,1,1,0,1,10,43,33,0.7674418604651163,3.3,0.06976744186046512,4,3.0,0.5348837209302325,0, 1, 0, 0, 1, 0,7,0,2,0,3,0,1,6,0,2,1,0,1,2,2,2,2,0,0,2,2,3,0,3,19,4,7,0,2,0,3,0,1,6,0,2,1,0,1,2,2,2,2,0,0,2,2,3,0,3,19,4,7,0,2,0,3,0,1,6,0,2,1,0,1,2,2,2,2,0,0,2,2,3,0,3,19,4,1,0,0,1,0,0,0,1,0,1,0,1,1,1,1,33
447,0,6245.707006000001,1524.9789399999995,4738.738631000001,10,1,1,0,0,1,0,0,1,0,0,0,0,0,0,0,1,0,0,0,0,0,1,0,0,1,1,0,1,0,1,1,1,0,0,13,54,41,0.7592592592592593,3.1538461538461537,0.0,0,0,1.0,0, 0, 0, 0, 0, 0,1,1,2,3,0,1,0,2,0,8,4,3,0,6,0,2,1,1,0,6,7,2,4,6,21,3,1,1,2,3,0,1,0,2,0,8,4,3,0,6,0,2,1,1,0,6,7,2,4,6,21,3,1,1,2,3,0,1,0,2,0,8,4,3,0,6,0,2,1,1,0,6,7,2,4,6,21,3,1,0,0,1,0,0,0,1,0,1,0,1,1,1,1,41
448,0,26825.04888999998,6728.507995,20114.551459999973,4723,0,0,1,0,1,1,1,0,0,0,1,0,0,0,0,1,0,0,0,0,0,1,0,0,1,1,0,1,0,1,1,1,0,1,57,228,171,0.75,3.0,0.03070175438596491,1,0,0.0043859649122807015,0, 2, 0, 1, 0, 0,1,8,12,14,6,7,9,6,2,20,20,20,1,9,1,11,12,0,8,4,17,21,28,49,52,23,1,8,12,14,6,7,9,6,2,20,20,20,1,9,1,11,12,0,8,4,17,21,28,49,52,23,1,8,12,14,6,7,9,6,2,20,20,20,1,9,1,11,12,0,8,4,17,21,28,49,52,23,1,0,0,1,0,0,0,1,0,1,0,1,1,1,1,171
451,1,5550.367426999999,1234.6379909999998,4333.740001,84,1,1,0,1,0,1,1,0,1,0,1,0,0,0,0,1,0,0,0,0,0,0,0,0,0,1,0,0,0,1,1,1,0,1,12,51,39,0.7647058823529411,3.25,0.11764705882352941,1,0,0.43137254901960786,0, 2, 0, 0, 1, 1,2,2,7,3,6,0,1,3,0,3,0,1,1,3,1,2,1,1,0,2,4,8,3,11,11,3,2,2,7,3,6,0,1,3,0,3,0,1,1,3,1,2,1,1,0,2,4,8,3,11,11,3,2,2,7,3,6,0,1,3,0,3,0,1,1,3,1,2,1,1,0,2,4,8,3,11,11,3,0,0,0,0,0,0,0,1,0,0,0,0,1,1,1,39
452,0,32880.22491499999,7921.126033000002,24977.109446999984,11,1,1,0,1,0,0,1,0,0,0,0,0,0,0,0,1,0,0,0,0,0,0,0,0,0,1,0,0,0,1,1,1,0,0,73,293,220,0.7508532423208191,3.0136986301369864,0.006825938566552901,0,0,1.0,0, 0, 0, 0, 0, 0,10,13,12,9,2,12,18,14,5,20,28,13,5,7,10,16,6,1,7,12,15,30,26,56,89,22,10,13,12,9,2,12,18,14,5,20,28,13,5,7,10,16,6,1,7,12,15,30,26,56,89,22,10,13,12,9,2,12,18,14,5,20,28,13,5,7,10,16,6,1,7,12,15,30,26,56,89,22,0,0,0,0,0,0,0,1,0,0,0,0,1,1,1,220
453,0,28209.32314699999,7084.093339000002,21143.240372999986,830,0,0,0,0,1,1,1,0,0,0,1,0,0,0,1,1,0,0,0,0,0,0,0,0,0,1,0,0,0,1,1,1,0,0,60,243,183,0.7530864197530864,3.05,0.024691358024691357,0,0,0.5349794238683128,0, 1, 0, 0, 0, 0,7,4,6,7,5,5,1,9,4,23,29,6,5,19,5,16,6,5,9,12,33,7,10,17,85,22,7,4,6,7,5,5,1,9,4,23,29,6,5,19,5,16,6,5,9,12,33,7,10,17,85,22,7,4,6,7,5,5,1,9,4,23,29,6,5,19,5,16,6,5,9,12,33,7,10,17,85,22,0,0,0,0,0,0,0,1,0,0,0,0,1,1,1,183
454,0,27262.821130999997,6942.974605000001,20337.857090999983,854,0,0,0,0,1,1,1,0,0,0,1,0,0,0,1,1,0,0,0,0,0,0,0,0,0,1,0,0,0,1,1,1,0,0,58,235,177,0.7531914893617021,3.0517241379310347,0.02127659574468085,0,0,0.5531914893617021,0, 1, 0, 0, 0, 0,7,4,6,7,5,5,0,9,4,23,28,6,4,18,5,16,6,4,9,11,31,6,10,16,82,22,7,4,6,7,5,5,0,9,4,23,28,6,4,18,5,16,6,4,9,11,31,6,10,16,82,22,7,4,6,7,5,5,0,9,4,23,28,6,4,18,5,16,6,4,9,11,31,6,10,16,82,22,0,0,0,0,0,0,0,1,0,0,0,0,1,1,1,177
456,0,27171.20367699998,6718.491124999999,20470.723116999998,5936,0,0,1,1,0,0,1,0,0,0,0,0,0,0,1,1,0,0,0,0,0,0,0,0,0,0,0,0,0,0,1,1,0,0,61,247,186,0.7530364372469636,3.0491803278688523,0.008097165991902834,1,0,1.0,0, 0, 0, 0, 0, 0,18,6,20,11,2,5,21,14,2,11,13,7,3,6,4,10,9,2,7,15,15,41,13,54,74,19,18,6,20,11,2,5,21,14,2,11,13,7,3,6,4,10,9,2,7,15,15,41,13,54,74,19,18,6,20,11,2,5,21,14,2,11,13,7,3,6,4,10,9,2,7,15,15,41,13,54,74,19,0,0,0,0,0,0,0,0,0,0,0,0,0,1,1,186
457,0,28642.743143999985,7090.745189,21570.008519999996,5171,0,0,1,0,1,1,1,0,1,0,0,0,0,0,0,1,0,0,0,0,0,0,0,0,0,0,0,0,0,0,1,1,0,0,60,242,182,0.7520661157024794,3.033333333333333,0.01652892561983471,1,0,0.41735537190082644,0, 0, 0, 0, 1, 0,6,11,13,14,3,6,19,10,5,20,16,15,1,6,0,6,7,1,13,10,20,32,26,58,63,13,6,11,13,14,3,6,19,10,5,20,16,15,1,6,0,6,7,1,13,10,20,32,26,58,63,13,6,11,13,14,3,6,19,10,5,20,16,15,1,6,0,6,7,1,13,10,20,32,26,58,63,13,0,0,0,0,0,0,0,0,0,0,0,0,0,1,1,182
463,0,6946.340412999998,1513.7745009999999,5450.5764770000005,18,1,1,0,1,0,0,1,0,1,0,0,0,0,0,0,1,0,0,0,0,0,0,0,0,0,0,0,0,0,0,1,1,0,0,14,59,45,0.7627118644067796,3.2142857142857144,0.03389830508474576,1,0,0.4915254237288136,0, 0, 0, 0, 1, 0,1,4,1,0,2,1,8,3,1,1,2,3,0,4,1,3,4,1,3,2,8,9,7,16,9,7,1,4,1,0,2,1,8,3,1,1,2,3,0,4,1,3,4,1,3,2,8,9,7,16,9,7,1,4,1,0,2,1,8,3,1,1,2,3,0,4,1,3,4,1,3,2,8,9,7,16,9,7,0,0,0,0,0,0,0,0,0,0,0,0,0,1,1,45
465,0,16486.290284000002,3932.082964000001,12572.217884999995,8610,0,0,1,1,0,1,1,0,0,0,0,0,0,0,0,1,0,0,0,0,0,0,0,0,0,0,0,0,0,0,1,1,0,0,37,149,112,0.7516778523489933,3.027027027027027,0.026845637583892617,0,0,1.0,0, 0, 0, 0, 0, 0,5,5,11,6,4,5,6,8,1,7,9,8,6,6,3,5,4,0,2,11,8,17,13,30,46,9,5,5,11,6,4,5,6,8,1,7,9,8,6,6,3,5,4,0,2,11,8,17,13,30,46,9,5,5,11,6,4,5,6,8,1,7,9,8,6,6,3,5,4,0,2,11,8,17,13,30,46,9,0,0,0,0,0,0,0,0,0,0,0,0,0,1,1,112
466,0,18693.887792,4812.508170000002,13899.390186999992,5773,0,0,1,0,1,0,1,0,0,0,0,0,0,0,0,1,0,0,0,0,0,0,0,0,0,0,0,0,0,0,1,1,0,0,43,172,129,0.75,3.0,0.011627906976744186,0,0,1.0,0, 0, 0, 0, 0, 0,12,5,9,1,1,0,11,15,2,7,17,9,2,7,6,3,5,0,4,13,11,20,14,34,66,8,12,5,9,1,1,0,11,15,2,7,17,9,2,7,6,3,5,0,4,13,11,20,14,34,66,8,12,5,9,1,1,0,11,15,2,7,17,9,2,7,6,3,5,0,4,13,11,20,14,34,66,8,0,0,0,0,0,0,0,0,0,0,0,0,0,1,1,129
469,0,17983.42912699998,4592.3876439999985,13409.052048000001,128,1,1,0,1,0,0,1,0,0,0,1,0,0,0,0,1,0,0,0,0,0,0,0,0,0,0,0,0,0,0,1,1,0,0,42,168,126,0.75,3.0,0.011904761904761904,1,0,0.48214285714285715,0, 1, 0, 0, 0, 0,7,4,5,4,2,3,9,14,5,14,8,9,2,1,6,9,9,0,3,12,4,14,13,27,57,18,7,4,5,4,2,3,9,14,5,14,8,9,2,1,6,9,9,0,3,12,4,14,13,27,57,18,7,4,5,4,2,3,9,14,5,14,8,9,2,1,6,9,9,0,3,12,4,14,13,27,57,18,0,0,0,0,0,0,0,0,0,0,0,0,0,1,1,126
470,1,4801.159085,1228.6597889999998,3590.509861,71,1,1,0,1,0,1,1,0,0,1,1,0,0,0,0,1,0,0,1,0,0,0,0,0,0,0,0,0,0,0,1,1,0,1,11,46,35,0.7608695652173914,3.1818181818181817,0.13043478260869565,3,6.5,0.2391304347826087,0, 0, 3, 0, 0, 2,3,1,0,1,6,3,3,4,1,0,1,3,0,0,0,5,3,0,0,1,0,3,4,7,9,8,3,1,0,1,6,3,3,4,1,0,1,3,0,0,0,5,3,0,0,1,0,3,4,7,9,8,3,1,0,1,6,3,3,4,1,0,1,3,0,0,0,5,3,0,0,1,0,3,4,7,9,8,0,0,0,0,0,0,0,0,0,0,0,0,0,1,1,35
476,0,10690.996440999994,2573.4147260000004,8135.592280000002,4280,0,0,1,0,1,0,1,0,0,0,0,0,0,0,0,1,0,0,0,0,0,0,0,0,0,1,0,1,0,1,1,1,0,0,23,92,69,0.75,3.0,0.021739130434782608,0,0,1.0,0, 0, 0, 0, 0, 0,4,6,0,3,0,3,10,1,2,7,11,8,2,0,0,3,5,0,1,3,1,10,14,24,28,8,4,6,0,3,0,3,10,1,2,7,11,8,2,0,0,3,5,0,1,3,1,10,14,24,28,8,4,6,0,3,0,3,10,1,2,7,11,8,2,0,0,3,5,0,1,3,1,10,14,24,28,8,0,0,0,0,0,0,0,1,0,1,0,0,1,1,1,69
477,0,22842.614979999984,5638.106772000002,17222.518772999985,3301,0,0,1,1,0,1,1,0,0,0,0,0,0,0,0,1,0,0,0,0,0,0,0,0,0,1,0,1,0,1,1,1,0,0,48,194,146,0.7525773195876289,3.0416666666666665,0.020618556701030927,1,0,1.0,0, 0, 0, 0, 0, 0,4,4,4,10,4,2,4,3,3,16,30,12,2,16,2,11,3,1,7,8,24,8,16,24,63,14,4,4,4,10,4,2,4,3,3,16,30,12,2,16,2,11,3,1,7,8,24,8,16,24,63,14,4,4,4,10,4,2,4,3,3,16,30,12,2,16,2,11,3,1,7,8,24,8,16,24,63,14,0,0,0,0,0,0,0,1,0,1,0,0,1,1,1,146
478,0,5012.906788,1343.832275,3687.0850779999996,3163,0,0,1,1,0,0,0,1,0,0,0,0,0,0,0,1,0,0,0,0,0,0,0,0,0,1,0,1,0,1,1,1,0,0,11,44,33,0.75,3.0,0.022727272727272728,1,0,1.0,0, 0, 0, 0, 0, 0,3,1,0,2,1,1,0,2,0,3,2,6,0,5,1,3,1,0,0,2,5,0,7,7,12,4,3,1,0,2,1,1,0,2,0,3,2,6,0,5,1,3,1,0,0,2,5,0,7,7,12,4,3,1,0,2,1,1,0,2,0,3,2,6,0,5,1,3,1,0,0,2,5,0,7,7,12,4,0,0,0,0,0,0,0,1,0,1,0,0,1,1,1,33
479,0,28816.985262999977,6957.396634000003,21877.59919399999,1051,0,0,1,0,1,1,1,0,0,0,0,0,0,0,0,1,0,0,0,0,0,0,0,0,0,1,0,1,0,1,1,1,0,0,60,243,183,0.7530864197530864,3.05,0.012345679012345678,0,0,1.0,0, 0, 0, 0, 0, 0,4,10,9,11,1,5,15,4,5,20,19,17,3,14,4,10,12,0,10,10,24,24,27,51,60,22,4,10,9,11,1,5,15,4,5,20,19,17,3,14,4,10,12,0,10,10,24,24,27,51,60,22,4,10,9,11,1,5,15,4,5,20,19,17,3,14,4,10,12,0,10,10,24,24,27,51,60,22,0,0,0,0,0,0,0,1,0,1,0,0,1,1,1,183
480,1,4303.049551,1162.583847,3158.476269,467,1,0,0,0,1,1,1,0,1,0,1,0,0,0,0,1,1,0,0,0,0,0,0,0,0,1,0,1,0,1,1,1,0,1,10,43,33,0.7674418604651163,3.3,0.06976744186046512,2,1.0,0.5348837209302325,0, 1, 0, 0, 1, 0,7,0,2,0,3,0,1,4,0,3,1,0,0,3,2,3,1,0,0,3,3,3,0,3,18,4,7,0,2,0,3,0,1,4,0,3,1,0,0,3,2,3,1,0,0,3,3,3,0,3,18,4,7,0,2,0,3,0,1,4,0,3,1,0,0,3,2,3,1,0,0,3,3,3,0,3,18,4,0,0,0,0,0,0,0,1,0,1,0,0,1,1,1,33
481,1,8034.076839999998,2208.140142,5843.947263,301,1,0,0,1,0,1,1,0,1,0,1,0,0,0,0,1,1,0,0,0,0,0,0,0,0,1,0,1,0,1,1,1,0,1,18,75,57,0.76,3.1666666666666665,0.04,2,1.0,0.30666666666666664,0, 1, 0, 0, 1, 0,8,0,3,3,3,0,3,6,0,4,3,5,2,4,2,3,1,0,0,7,4,6,5,11,30,4,8,0,3,3,3,0,3,6,0,4,3,5,2,4,2,3,1,0,0,7,4,6,5,11,30,4,8,0,3,3,3,0,3,6,0,4,3,5,2,4,2,3,1,0,0,7,4,6,5,11,30,4,0,0,0,0,0,0,0,1,0,1,0,0,1,1,1,57
482,1,8034.076839999998,2208.140142,5843.947263,135,1,1,0,1,0,1,1,0,1,0,1,0,0,0,0,1,1,0,0,0,0,0,0,0,0,1,0,1,0,1,1,1,0,1,18,75,57,0.76,3.1666666666666665,0.04,2,1.0,0.30666666666666664,0, 1, 0, 0, 1, 0,8,0,3,3,3,0,3,6,0,4,3,5,2,4,2,3,1,0,0,7,4,6,5,11,30,4,8,0,3,3,3,0,3,6,0,4,3,5,2,4,2,3,1,0,0,7,4,6,5,11,30,4,8,0,3,3,3,0,3,6,0,4,3,5,2,4,2,3,1,0,0,7,4,6,5,11,30,4,0,0,0,0,0,0,0,1,0,1,0,0,1,1,1,57
484,0,34694.95990399997,8687.431196,26025.53927299998,928,0,0,0,1,0,0,0,1,0,0,0,0,0,0,0,1,0,0,0,0,0,0,0,0,0,1,0,1,0,1,1,1,0,0,71,285,214,0.7508771929824561,3.0140845070422535,0.0035087719298245615,0,0,1.0,0, 0, 0, 0, 0, 0,3,7,7,17,1,7,27,3,4,29,19,21,2,20,5,14,7,2,12,7,34,34,28,62,63,21,3,7,7,17,1,7,27,3,4,29,19,21,2,20,5,14,7,2,12,7,34,34,28,62,63,21,3,7,7,17,1,7,27,3,4,29,19,21,2,20,5,14,7,2,12,7,34,34,28,62,63,21,0,0,0,0,0,0,0,1,0,1,0,0,1,1,1,214
485,0,33753.52821699996,8345.269869999998,25426.268911999985,949,0,0,0,1,0,0,0,1,0,0,0,0,0,0,0,1,0,0,0,0,0,0,0,0,0,1,0,1,0,1,1,1,0,0,69,278,209,0.7517985611510791,3.028985507246377,0.0035971223021582736,0,0,1.0,0, 0, 0, 0, 0, 0,3,7,6,17,1,7,27,3,3,28,19,21,2,19,5,13,7,2,12,7,33,33,28,61,62,20,3,7,6,17,1,7,27,3,3,28,19,21,2,19,5,13,7,2,12,7,33,33,28,61,62,20,3,7,6,17,1,7,27,3,3,28,19,21,2,19,5,13,7,2,12,7,33,33,28,61,62,20,0,0,0,0,0,0,0,1,0,1,0,0,1,1,1,209
486,0,26390.995621999995,6584.774296,19824.231890999992,1764,0,0,1,0,1,0,1,0,0,0,0,0,0,0,0,1,0,0,0,0,0,0,0,0,0,1,0,1,0,1,1,1,0,0,57,231,174,0.7532467532467533,3.0526315789473686,0.008658008658008658,0,0,1.0,0, 0, 0, 0, 0, 0,4,4,4,13,1,4,1,8,0,28,31,10,7,17,2,13,9,2,3,13,22,5,14,19,91,22,4,4,4,13,1,4,1,8,0,28,31,10,7,17,2,13,9,2,3,13,22,5,14,19,91,22,4,4,4,13,1,4,1,8,0,28,31,10,7,17,2,13,9,2,3,13,22,5,14,19,91,22,0,0,0,0,0,0,0,1,0,1,0,0,1,1,1,174
487,0,24190.642251999998,6141.270366,18067.382450999998,1824,0,0,1,0,1,0,1,0,0,0,0,0,0,0,0,1,0,0,0,0,0,0,0,0,0,1,0,1,0,1,1,1,0,0,52,211,159,0.7535545023696683,3.0576923076923075,0.009478672985781991,0,0,1.0,0, 0, 0, 0, 0, 0,4,4,4,12,1,3,0,8,0,27,30,9,6,14,1,10,8,2,3,13,19,4,13,17,88,18,4,4,4,12,1,3,0,8,0,27,30,9,6,14,1,10,8,2,3,13,19,4,13,17,88,18,4,4,4,12,1,3,0,8,0,27,30,9,6,14,1,10,8,2,3,13,19,4,13,17,88,18,0,0,0,0,0,0,0,1,0,1,0,0,1,1,1,159
489,0,27762.633861999995,6637.503347000003,21143.14107999998,2594,0,0,1,1,0,0,1,0,0,0,0,0,0,0,0,1,0,0,0,0,0,0,0,0,0,1,0,1,0,1,1,1,0,0,59,237,178,0.7510548523206751,3.016949152542373,0.008438818565400843,0,0,1.0,0, 0, 0, 0, 0, 0,0,6,9,13,2,5,12,8,2,13,26,20,5,15,3,12,8,2,8,9,25,21,26,47,61,20,0,6,9,13,2,5,12,8,2,13,26,20,5,15,3,12,8,2,8,9,25,21,26,47,61,20,0,6,9,13,2,5,12,8,2,13,26,20,5,15,3,12,8,2,8,9,25,21,26,47,61,20,0,0,0,0,0,0,0,1,0,1,0,0,1,1,1,178
493,1,4918.310835,1345.7863869999999,3590.535013,68,1,1,0,1,0,1,1,0,0,1,1,0,0,0,0,1,0,0,1,0,0,0,0,0,0,0,0,0,0,0,1,1,0,1,11,46,35,0.7608695652173914,3.1818181818181817,0.13043478260869565,4,8.0,0.2391304347826087,0, 0, 3, 0, 0, 2,3,0,0,1,6,3,3,4,1,0,1,4,0,0,0,3,5,0,0,1,0,3,4,7,9,8,3,0,0,1,6,3,3,4,1,0,1,4,0,0,0,3,5,0,0,1,0,3,4,7,9,8,3,0,0,1,6,3,3,4,1,0,1,4,0,0,0,3,5,0,0,1,0,3,4,7,9,8,0,0,0,0,0,0,0,0,0,0,0,0,0,1,1,35
494,0,31648.711673999976,7856.280084,23810.44215499999,268,1,0,0,1,0,0,0,1,0,0,0,0,0,0,0,1,0,0,0,0,0,0,0,0,0,0,0,0,0,0,1,1,0,0,67,270,203,0.7518518518518519,3.029850746268657,0.003703703703703704,0,0,1.0,0, 0, 0, 0, 0, 0,7,5,8,17,1,7,21,9,4,26,15,25,4,7,2,12,10,3,11,9,21,29,30,59,70,22,7,5,8,17,1,7,21,9,4,26,15,25,4,7,2,12,10,3,11,9,21,29,30,59,70,22,7,5,8,17,1,7,21,9,4,26,15,25,4,7,2,12,10,3,11,9,21,29,30,59,70,22,0,0,0,0,0,0,0,0,0,0,0,0,0,1,1,203
495,0,4621.4746000000005,1066.486575,3572.9985899999997,6639,0,0,1,1,0,0,1,0,0,0,0,0,0,0,0,1,0,0,0,0,0,1,0,0,1,1,1,1,0,1,1,1,0,0,10,40,30,0.75,3.0,0.05,0,0,1.0,0, 0, 0, 0, 0, 0,1,3,0,2,2,2,1,0,0,2,3,3,1,1,0,1,1,1,0,6,2,1,6,7,13,2,1,3,0,2,2,2,1,0,0,2,3,3,1,1,0,1,1,1,0,6,2,1,6,7,13,2,1,3,0,2,2,2,1,0,0,2,3,3,1,1,0,1,1,1,0,6,2,1,6,7,13,2,1,0,0,1,0,0,0,1,1,1,0,1,1,1,1,30
496,0,14927.449842999999,3629.888898,11315.571510000005,6107,0,0,1,1,0,0,0,1,0,0,0,0,0,0,0,1,0,0,0,0,0,1,0,0,1,1,1,1,0,1,1,1,0,0,32,131,99,0.7557251908396947,3.09375,0.007633587786259542,0,0,1.0,0, 0, 0, 0, 0, 0,7,4,3,11,1,1,7,3,4,6,7,6,5,4,4,7,9,1,4,5,9,10,10,20,33,16,7,4,3,11,1,1,7,3,4,6,7,6,5,4,4,7,9,1,4,5,9,10,10,20,33,16,7,4,3,11,1,1,7,3,4,6,7,6,5,4,4,7,9,1,4,5,9,10,10,20,33,16,1,0,0,1,0,0,0,1,1,1,0,1,1,1,1,99
497,0,18414.77715599999,4419.259547000002,14013.528174000003,5548,0,0,1,0,1,0,0,1,0,0,0,0,0,0,1,1,0,0,0,0,0,1,0,0,1,1,1,1,0,1,1,1,0,0,40,162,122,0.7530864197530864,3.05,0.006172839506172839,1,0,1.0,0, 0, 0, 0, 0, 0,5,7,6,7,0,4,9,5,2,13,13,11,2,5,5,11,5,1,4,7,10,15,18,33,45,16,5,7,6,7,0,4,9,5,2,13,13,11,2,5,5,11,5,1,4,7,10,15,18,33,45,16,5,7,6,7,0,4,9,5,2,13,13,11,2,5,5,11,5,1,4,7,10,15,18,33,45,16,1,0,0,1,0,0,0,1,1,1,0,1,1,1,1,122
498,1,7020.1083100000005,1888.9862829999995,5149.132591999998,94,1,1,0,1,0,1,1,0,0,1,0,1,0,0,0,1,0,0,0,0,0,1,0,0,1,1,1,1,0,1,1,1,0,1,17,68,51,0.75,3.0,0.07352941176470588,1,0,0.2647058823529412,2, 0, 1, 0, 0, 0,7,1,2,4,5,2,1,7,0,1,0,1,2,5,1,8,0,0,1,3,6,3,2,5,20,8,7,1,2,4,5,2,1,7,0,1,0,1,2,5,1,8,0,0,1,3,6,3,2,5,20,8,7,1,2,4,5,2,1,7,0,1,0,1,2,5,1,8,0,0,1,3,6,3,2,5,20,8,1,0,0,1,0,0,0,1,1,1,0,1,1,1,1,51
499,0,30124.416620999993,7396.705962000002,22745.721224,122,1,1,0,0,1,1,1,0,0,0,0,0,0,0,1,1,0,0,0,0,0,1,0,0,1,1,1,1,0,1,1,1,0,0,64,259,195,0.752895752895753,3.046875,0.023166023166023165,0,0,1.0,0, 0, 0, 0, 0, 0,8,13,10,15,4,9,12,12,5,20,18,13,1,7,3,12,6,1,15,11,23,22,26,48,70,18,8,13,10,15,4,9,12,12,5,20,18,13,1,7,3,12,6,1,15,11,23,22,26,48,70,18,8,13,10,15,4,9,12,12,5,20,18,13,1,7,3,12,6,1,15,11,23,22,26,48,70,18,1,0,0,1,0,0,0,1,1,1,0,1,1,1,1,195
500,0,28107.422158999994,7488.8346249999995,20636.598098999988,1117,0,0,1,0,1,1,1,0,0,0,0,0,0,0,0,1,0,0,0,0,0,1,0,0,1,1,1,1,0,1,1,1,0,0,66,265,199,0.7509433962264151,3.015151515151515,0.01509433962264151,2,1.0,1.0,0, 0, 0, 0, 0, 0,22,8,10,5,3,10,10,23,4,14,17,7,6,5,9,15,11,1,1,18,7,20,15,35,100,26,22,8,10,5,3,10,10,23,4,14,17,7,6,5,9,15,11,1,1,18,7,20,15,35,100,26,22,8,10,5,3,10,10,23,4,14,17,7,6,5,9,15,11,1,1,18,7,20,15,35,100,26,1,0,0,1,0,0,0,1,1,1,0,1,1,1,1,199
501,0,23867.484334999994,5669.828009000002,18215.666890999993,2235,0,0,1,1,0,0,0,1,0,0,0,0,0,0,0,1,0,0,0,0,0,1,0,0,1,1,1,1,0,1,1,1,0,0,54,219,165,0.7534246575342466,3.0555555555555554,0.0045662100456621,1,0,1.0,0, 0, 0, 0, 0, 0,13,10,12,7,1,3,12,12,3,15,20,11,7,1,6,9,4,0,5,14,6,24,21,45,81,13,13,10,12,7,1,3,12,12,3,15,20,11,7,1,6,9,4,0,5,14,6,24,21,45,81,13,13,10,12,7,1,3,12,12,3,15,20,11,7,1,6,9,4,0,5,14,6,24,21,45,81,13,1,0,0,1,0,0,0,1,1,1,0,1,1,1,1,165
502,0,8659.550943999997,2156.1888240000003,6521.372685,3090,0,0,1,0,1,0,0,1,0,0,0,0,0,0,0,1,0,0,0,0,0,1,0,0,1,1,1,1,0,1,1,1,0,0,19,78,59,0.7564102564102564,3.1052631578947367,0.0,0,0,1.0,0, 0, 0, 0, 0, 0,3,3,4,1,0,1,7,5,2,3,8,3,2,1,4,4,2,1,0,5,2,11,6,17,26,6,3,3,4,1,0,1,7,5,2,3,8,3,2,1,4,4,2,1,0,5,2,11,6,17,26,6,3,3,4,1,0,1,7,5,2,3,8,3,2,1,4,4,2,1,0,5,2,11,6,17,26,6,1,0,0,1,0,0,0,1,1,1,0,1,1,1,1,59
503,0,6627.300711000001,1646.793381,4998.517894999999,7986,0,0,1,1,0,0,0,1,0,0,0,0,0,0,0,1,0,0,0,0,0,1,0,0,1,1,1,1,0,1,1,1,0,0,15,61,46,0.7540983606557377,3.066666666666667,0.01639344262295082,1,0,1.0,0, 0, 0, 0, 0, 0,3,4,2,0,1,3,5,6,0,2,7,1,1,0,0,5,2,0,2,2,2,7,5,12,21,7,3,4,2,0,1,3,5,6,0,2,7,1,1,0,0,5,2,0,2,2,2,7,5,12,21,7,3,4,2,0,1,3,5,6,0,2,7,1,1,0,0,5,2,0,2,2,2,7,5,12,21,7,1,0,0,1,0,0,0,1,1,1,0,1,1,1,1,46
504,0,4597.5635729999985,1082.669944,3532.9041939999997,9687,0,0,1,0,1,0,0,1,0,0,0,0,0,0,0,1,0,0,0,0,0,1,0,0,1,1,1,1,0,1,1,1,0,0,10,42,32,0.7619047619047619,3.2,0.0,0,0,1.0,0, 0, 0, 0, 0, 0,5,1,1,2,0,1,2,2,1,2,3,3,0,1,0,0,3,0,2,3,3,3,4,7,15,3,5,1,1,2,0,1,2,2,1,2,3,3,0,1,0,0,3,0,2,3,3,3,4,7,15,3,5,1,1,2,0,1,2,2,1,2,3,3,0,1,0,0,3,0,2,3,3,3,4,7,15,3,1,0,0,1,0,0,0,1,1,1,0,1,1,1,1,32
506,0,30678.175708999996,7312.88368,23383.30259400001,7935,0,0,1,0,1,1,1,0,0,0,0,0,0,0,0,1,0,0,0,0,0,0,0,0,0,1,1,0,0,1,1,1,0,0,68,275,207,0.7527272727272727,3.0441176470588234,0.01090909090909091,3,62.5,1.0,0, 0, 0, 0, 0, 0,17,12,10,7,2,9,13,11,13,18,23,12,8,8,9,10,8,0,4,13,12,23,24,47,90,18,17,12,10,7,2,9,13,11,13,18,23,12,8,8,9,10,8,0,4,13,12,23,24,47,90,18,17,12,10,7,2,9,13,11,13,18,23,12,8,8,9,10,8,0,4,13,12,23,24,47,90,18,0,0,0,0,0,0,0,1,1,0,0,0,1,0,1,207
507,0,30565.091645,7312.883680000002,23270.218530000013,7935,0,0,1,0,1,1,1,0,0,0,0,0,0,0,0,1,0,0,0,0,0,0,0,0,0,1,1,0,0,1,1,1,0,0,68,274,206,0.7518248175182481,3.0294117647058822,0.010948905109489052,3,62.5,1.0,0, 0, 0, 0, 0, 0,17,12,10,7,2,9,13,11,13,17,23,12,8,8,9,10,8,0,4,13,12,23,24,47,89,18,17,12,10,7,2,9,13,11,13,17,23,12,8,8,9,10,8,0,4,13,12,23,24,47,89,18,17,12,10,7,2,9,13,11,13,17,23,12,8,8,9,10,8,0,4,13,12,23,24,47,89,18,0,0,0,0,0,0,0,1,1,0,0,0,1,0,1,206
509,0,24300.841428999996,5892.418726000002,18426.43326799998,1787,0,0,1,1,0,0,1,0,0,0,0,0,0,0,0,1,0,0,0,0,0,0,0,0,0,1,1,0,0,1,1,1,0,0,53,215,162,0.7534883720930232,3.056603773584906,0.009302325581395349,1,0,1.0,0, 0, 0, 0, 0, 0,10,4,4,1,2,4,3,6,0,28,19,12,2,20,9,11,10,1,6,10,27,7,16,23,75,21,10,4,4,1,2,4,3,6,0,28,19,12,2,20,9,11,10,1,6,10,27,7,16,23,75,21,10,4,4,1,2,4,3,6,0,28,19,12,2,20,9,11,10,1,6,10,27,7,16,23,75,21,0,0,0,0,0,0,0,1,1,0,0,0,1,0,1,162
510,0,32549.683907,7824.0467819999985,24743.647690000005,931,0,0,0,0,1,0,1,0,0,0,0,0,0,0,0,1,0,0,0,0,0,0,0,0,0,1,1,0,0,1,1,1,0,0,72,288,216,0.75,3.0,0.006944444444444444,1,0,1.0,0, 0, 0, 0, 0, 0,8,6,17,11,1,4,16,13,8,19,25,19,11,9,6,12,11,1,8,11,18,33,25,58,87,23,8,6,17,11,1,4,16,13,8,19,25,19,11,9,6,12,11,1,8,11,18,33,25,58,87,23,8,6,17,11,1,4,16,13,8,19,25,19,11,9,6,12,11,1,8,11,18,33,25,58,87,23,0,0,0,0,0,0,0,1,1,0,0,0,1,0,1,216
511,0,14299.300338999994,3620.9123780000004,10696.398525999992,551,0,0,0,1,0,0,0,1,0,0,0,0,0,0,0,1,0,0,0,0,0,0,0,0,0,1,1,0,0,1,1,1,0,0,31,127,96,0.7559055118110236,3.096774193548387,0.007874015748031496,0,0,1.0,0, 0, 0, 0, 0, 0,5,3,3,4,1,1,14,6,4,4,13,7,5,1,1,9,5,0,2,8,3,17,10,27,41,14,5,3,3,4,1,1,14,6,4,4,13,7,5,1,1,9,5,0,2,8,3,17,10,27,41,14,5,3,3,4,1,1,14,6,4,4,13,7,5,1,1,9,5,0,2,8,3,17,10,27,41,14,0,0,0,0,0,0,0,1,1,0,0,0,1,0,1,96
512,1,4198.950567000002,1156.5546570000001,3060.4064750000007,133,1,1,0,0,1,1,1,0,1,0,1,0,0,0,0,1,0,0,0,0,0,0,0,0,0,1,1,0,0,1,1,1,0,1,10,40,30,0.75,3.0,0.1,2,1.0,0.475,0, 1, 0, 0, 2, 0,4,0,0,1,4,0,1,2,0,0,5,0,0,0,0,4,5,2,0,2,2,1,0,1,13,9,4,0,0,1,4,0,1,2,0,0,5,0,0,0,0,4,5,2,0,2,2,1,0,1,13,9,4,0,0,1,4,0,1,2,0,0,5,0,0,0,0,4,5,2,0,2,2,1,0,1,13,9,0,0,0,0,0,0,0,1,1,0,0,0,1,0,1,30
513,0,19333.627572999998,4786.689705000002,14564.948432999998,121,1,1,0,0,1,0,0,1,0,0,0,0,0,0,0,1,0,0,0,0,0,0,0,0,0,1,1,0,0,1,1,1,0,0,41,166,125,0.7530120481927711,3.048780487804878,0.0,0,0,1.0,0, 0, 0, 0, 0, 0,2,4,3,6,0,2,6,5,2,23,16,6,2,11,4,12,7,0,9,5,20,9,10,19,53,19,2,4,3,6,0,2,6,5,2,23,16,6,2,11,4,12,7,0,9,5,20,9,10,19,53,19,2,4,3,6,0,2,6,5,2,23,16,6,2,11,4,12,7,0,9,5,20,9,10,19,53,19,0,0,0,0,0,0,0,1,1,0,0,0,1,0,1,125
514,0,17087.09924899999,4243.439684,12861.670129999991,39,1,1,0,1,0,0,1,0,0,1,0,0,0,0,0,1,0,0,0,0,0,0,0,0,0,0,0,0,0,0,1,1,0,0,39,159,120,0.7547169811320755,3.076923076923077,0.012578616352201259,1,0,0.012578616352201259,0, 0, 1, 0, 0, 0,12,5,7,4,2,4,11,10,1,11,13,5,2,2,4,8,6,1,2,10,5,18,10,28,58,14,12,5,7,4,2,4,11,10,1,11,13,5,2,2,4,8,6,1,2,10,5,18,10,28,58,14,12,5,7,4,2,4,11,10,1,11,13,5,2,2,4,8,6,1,2,10,5,18,10,28,58,14,0,0,0,0,0,0,0,0,0,0,0,0,0,1,1,120
515,1,4805.263157,1345.7863869999999,3477.4873350000003,89,1,1,0,1,0,1,1,0,0,1,1,0,0,0,0,1,0,0,1,0,0,0,0,0,0,0,0,0,0,0,1,1,0,1,11,45,34,0.7555555555555555,3.090909090909091,0.13333333333333333,3,6.5,0.2222222222222222,0, 0, 3, 0, 0, 2,2,0,0,1,6,3,2,4,1,0,1,4,0,0,0,4,5,0,0,1,0,2,4,6,8,9,2,0,0,1,6,3,2,4,1,0,1,4,0,0,0,4,5,0,0,1,0,2,4,6,8,9,2,0,0,1,6,3,2,4,1,0,1,4,0,0,0,4,5,0,0,1,0,2,4,6,8,9,0,0,0,0,0,0,0,0,0,0,0,0,0,1,1,34
517,0,25109.073937999983,6172.3697120000015,18954.714790999995,422,1,0,0,0,1,0,1,0,0,0,0,0,0,0,0,1,0,0,0,0,0,0,0,0,0,0,0,0,0,0,1,1,0,0,53,215,162,0.7534883720930232,3.056603773584906,0.009302325581395349,0,0,1.0,0, 0, 0, 0, 0, 0,6,4,4,10,2,8,23,8,1,16,12,19,5,6,1,9,8,2,8,10,16,27,23,50,57,17,6,4,4,10,2,8,23,8,1,16,12,19,5,6,1,9,8,2,8,10,16,27,23,50,57,17,6,4,4,10,2,8,23,8,1,16,12,19,5,6,1,9,8,2,8,10,16,27,23,50,57,17,0,0,0,0,0,0,0,0,0,0,0,0,0,1,1,162
518,0,9854.329194999998,2517.2984510000006,7355.041308999998,1513,0,0,1,0,1,1,1,0,0,0,1,0,0,0,0,1,0,0,0,0,0,0,0,0,0,0,0,0,0,0,1,1,0,0,22,88,66,0.75,3.0,0.045454545454545456,1,0,0.5454545454545454,0, 1, 0, 0, 0, 0,6,2,1,2,3,5,4,2,1,6,15,4,1,0,1,4,5,2,0,2,2,5,6,11,32,9,6,2,1,2,3,5,4,2,1,6,15,4,1,0,1,4,5,2,0,2,2,5,6,11,32,9,6,2,1,2,3,5,4,2,1,6,15,4,1,0,1,4,5,2,0,2,2,5,6,11,32,9,0,0,0,0,0,0,0,0,0,0,0,0,0,1,1,66
519,1,4703.183843000001,1312.7285379999998,3408.46587,67,1,1,0,1,0,1,1,0,0,1,1,0,0,0,0,1,0,0,1,0,0,0,0,0,0,0,0,0,0,0,1,1,0,1,11,45,34,0.7555555555555555,3.090909090909091,0.13333333333333333,4,8.0,0.2222222222222222,0, 0, 3, 0, 0, 2,4,0,0,2,6,3,2,4,0,0,1,4,0,0,0,3,4,0,0,1,0,2,4,6,10,7,4,0,0,2,6,3,2,4,0,0,1,4,0,0,0,3,4,0,0,1,0,2,4,6,10,7,4,0,0,2,6,3,2,4,0,0,1,4,0,0,0,3,4,0,0,1,0,2,4,6,10,7,0,0,0,0,0,0,0,0,0,0,0,0,0,1,1,34
520,1,4949.25127,1316.6580749999998,3650.60376,67,1,1,0,1,0,1,1,0,0,1,1,0,0,0,0,1,0,0,1,0,0,0,0,0,0,0,0,0,0,0,1,1,0,1,11,47,36,0.7659574468085106,3.272727272727273,0.1276595744680851,4,8.0,0.2127659574468085,0, 0, 3, 0, 0, 2,4,0,0,3,6,3,2,4,0,0,1,5,0,0,0,3,4,0,0,1,0,2,5,7,10,7,4,0,0,3,6,3,2,4,0,0,1,5,0,0,0,3,4,0,0,1,0,2,5,7,10,7,4,0,0,3,6,3,2,4,0,0,1,5,0,0,0,3,4,0,0,1,0,2,5,7,10,7,0,0,0,0,0,0,0,0,0,0,0,0,0,1,1,36
523,0,17623.906959999993,4146.041038000001,13495.876486999994,6611,0,0,1,0,1,1,1,0,0,0,0,0,0,0,0,1,0,0,0,0,0,0,0,0,0,1,0,0,0,1,1,1,0,0,38,154,116,0.7532467532467533,3.0526315789473686,0.025974025974025976,2,15.0,0.9285714285714286,0, 0, 1, 0, 0, 0,3,5,7,12,1,4,7,8,2,8,9,13,3,2,2,7,7,5,4,7,11,14,18,32,38,14,3,5,7,12,1,4,7,8,2,8,9,13,3,2,2,7,7,5,4,7,11,14,18,32,38,14,3,5,7,12,1,4,7,8,2,8,9,13,3,2,2,7,7,5,4,7,11,14,18,32,38,14,0,0,0,0,0,0,0,1,0,0,0,0,1,1,1,116
524,0,23177.758495000016,5930.164414999998,17265.604645,2489,0,0,1,0,1,1,1,0,0,0,0,0,0,0,0,1,0,0,0,0,0,0,0,0,0,1,0,0,0,1,1,1,0,0,49,199,150,0.7537688442211056,3.061224489795918,0.01507537688442211,0,0,1.0,0, 0, 0, 0, 0, 0,8,7,12,9,3,5,10,9,0,12,12,8,2,11,8,8,5,2,9,10,22,22,15,37,53,13,8,7,12,9,3,5,10,9,0,12,12,8,2,11,8,8,5,2,9,10,22,22,15,37,53,13,8,7,12,9,3,5,10,9,0,12,12,8,2,11,8,8,5,2,9,10,22,22,15,37,53,13,0,0,0,0,0,0,0,1,0,0,0,0,1,1,1,150
525,0,22931.621667000018,5852.117464,17097.514768,2489,0,0,1,0,1,1,1,0,0,0,0,0,0,0,0,1,0,0,0,0,0,0,0,0,0,1,0,0,0,1,1,1,0,0,49,197,148,0.751269035532995,3.020408163265306,0.015228426395939087,0,0,1.0,0, 0, 0, 0, 0, 0,7,7,12,9,3,5,10,9,0,12,12,8,2,11,7,8,5,2,9,10,22,22,15,37,52,13,7,7,12,9,3,5,10,9,0,12,12,8,2,11,7,8,5,2,9,10,22,22,15,37,52,13,7,7,12,9,3,5,10,9,0,12,12,8,2,11,7,8,5,2,9,10,22,22,15,37,52,13,0,0,0,0,0,0,0,1,0,0,0,0,1,1,1,148
526,0,30641.490365000005,7472.731201000001,23186.769728999996,411,1,0,0,0,1,1,1,0,0,0,0,0,0,0,0,1,0,0,0,0,0,0,0,0,0,1,0,0,0,1,1,1,0,0,69,276,207,0.75,3.0,0.010869565217391304,0,0,1.0,0, 0, 0, 0, 0, 0,13,9,13,12,2,7,17,19,6,17,21,12,5,7,6,9,8,0,11,13,18,30,21,51,88,17,13,9,13,12,2,7,17,19,6,17,21,12,5,7,6,9,8,0,11,13,18,30,21,51,88,17,13,9,13,12,2,7,17,19,6,17,21,12,5,7,6,9,8,0,11,13,18,30,21,51,88,17,0,0,0,0,0,0,0,1,0,0,0,0,1,1,1,207
527,1,4536.030363000001,1185.6539759999998,3368.386952,68,1,1,0,1,0,1,1,0,0,1,1,0,0,0,0,1,0,0,1,0,0,0,0,0,0,1,0,0,0,1,1,1,0,1,10,43,33,0.7674418604651163,3.3,0.13953488372093023,3,6.5,0.23255813953488372,0, 0, 3, 0, 0, 2,1,0,0,2,6,4,2,4,0,0,1,2,0,0,0,3,6,0,0,2,0,2,2,4,8,9,1,0,0,2,6,4,2,4,0,0,1,2,0,0,0,3,6,0,0,2,0,2,2,4,8,9,1,0,0,2,6,4,2,4,0,0,1,2,0,0,0,3,6,0,0,2,0,2,2,4,8,9,0,0,0,0,0,0,0,1,0,0,0,0,1,1,1,33
528,1,3139.599397000001,757.4771819999999,2400.1327800000004,26,1,1,0,1,0,0,1,0,0,1,0,0,0,0,0,1,0,0,0,0,0,0,0,0,0,1,0,0,0,1,1,1,0,0,7,29,22,0.7586206896551724,3.142857142857143,0.06896551724137931,1,0,0.41379310344827586,0, 0, 1, 0, 0, 0,1,2,0,1,2,0,2,5,2,1,0,2,0,2,1,0,1,0,0,0,2,2,4,6,7,1,1,2,0,1,2,0,2,5,2,1,0,2,0,2,1,0,1,0,0,0,2,2,4,6,7,1,1,2,0,1,2,0,2,5,2,1,0,2,0,2,1,0,1,0,0,0,2,2,4,6,7,1,0,0,0,0,0,0,0,1,0,0,0,0,1,1,1,22
529,0,12539.451193999997,3138.594736,9418.867023,12784,0,0,1,1,0,0,0,1,0,0,0,0,0,0,0,1,0,0,0,0,0,0,0,0,0,1,0,0,0,1,1,1,0,0,27,109,82,0.7522935779816514,3.037037037037037,0.009174311926605505,0,0,1.0,0, 0, 0, 0, 0, 0,4,6,5,6,1,4,7,6,3,6,8,6,2,2,2,3,2,0,3,6,5,12,12,24,32,5,4,6,5,6,1,4,7,6,3,6,8,6,2,2,2,3,2,0,3,6,5,12,12,24,32,5,4,6,5,6,1,4,7,6,3,6,8,6,2,2,2,3,2,0,3,6,5,12,12,24,32,5,0,0,0,0,0,0,0,1,0,0,0,0,1,1,1,82
530,0,26724.255352999997,6307.400399000001,20434.865518999995,17234,0,0,1,0,1,1,1,0,0,0,0,0,0,0,0,1,0,0,0,0,0,0,0,0,0,1,0,0,0,1,1,1,0,0,60,243,183,0.7530864197530864,3.05,0.012345679012345678,0,0,1.0,0, 0, 0, 0, 0, 0,13,15,9,12,2,7,11,12,3,16,12,11,2,7,9,9,9,0,5,19,12,20,26,46,74,18,13,15,9,12,2,7,11,12,3,16,12,11,2,7,9,9,9,0,5,19,12,20,26,46,74,18,13,15,9,12,2,7,11,12,3,16,12,11,2,7,9,9,9,0,5,19,12,20,26,46,74,18,0,0,0,0,0,0,0,1,0,0,0,0,1,1,1,183
532,0,3075.513082000001,507.1747419999999,2586.3489049999994,9583,0,0,1,0,1,0,1,0,0,0,0,0,0,0,0,1,0,0,0,0,0,1,0,0,1,1,1,1,0,1,1,1,0,0,7,29,22,0.7586206896551724,3.142857142857143,0.06896551724137931,2,2.0,0.6206896551724138,0, 0, 0, 1, 0, 0,2,2,0,1,1,0,2,1,1,1,2,3,0,0,1,2,1,1,1,0,2,2,5,7,6,3,2,2,0,1,1,0,2,1,1,1,2,3,0,0,1,2,1,1,1,0,2,2,5,7,6,3,2,2,0,1,1,0,2,1,1,1,2,3,0,0,1,2,1,1,1,0,2,2,5,7,6,3,1,0,0,1,0,0,0,1,1,1,0,1,1,1,1,22
533,0,31149.681826999993,7794.103953000001,23373.588438999985,6270,0,0,1,1,0,1,1,0,0,0,0,0,0,0,0,1,0,0,0,0,0,1,0,0,1,1,1,1,0,1,1,1,0,0,68,275,207,0.7527272727272727,3.0441176470588234,0.01090909090909091,2,1.0,1.0,0, 0, 0, 0, 0, 0,9,0,8,6,3,14,5,12,1,29,25,16,11,18,10,12,8,2,5,13,25,13,16,29,99,20,9,0,8,6,3,14,5,12,1,29,25,16,11,18,10,12,8,2,5,13,25,13,16,29,99,20,9,0,8,6,3,14,5,12,1,29,25,16,11,18,10,12,8,2,5,13,25,13,16,29,99,20,1,0,0,1,0,0,0,1,1,1,0,1,1,1,1,207
534,0,33020.92615899996,8173.320033000001,24865.616690999996,5398,0,0,1,0,1,1,1,0,0,0,0,0,0,0,0,1,0,0,0,0,0,1,0,0,1,1,1,1,0,1,1,1,0,0,72,289,217,0.7508650519031141,3.013888888888889,0.010380622837370242,2,1.0,1.0,0, 0, 0, 0, 0, 0,10,4,4,15,2,7,6,9,1,32,27,12,4,19,8,15,8,3,12,19,34,10,16,26,101,23,10,4,4,15,2,7,6,9,1,32,27,12,4,19,8,15,8,3,12,19,34,10,16,26,101,23,10,4,4,15,2,7,6,9,1,32,27,12,4,19,8,15,8,3,12,19,34,10,16,26,101,23,1,0,0,1,0,0,0,1,1,1,0,1,1,1,1,217
535,1,7532.219333999998,1813.9607819999994,5736.269116999999,1438,0,0,1,0,1,1,1,0,0,1,0,1,0,0,0,1,0,0,0,0,0,1,0,0,1,1,1,1,0,1,1,1,0,1,16,67,51,0.7611940298507462,3.1875,0.07462686567164178,1,0,0.6417910447761194,2, 0, 1, 0, 0, 0,4,2,5,5,5,1,4,6,4,2,0,1,0,0,0,4,1,2,4,1,6,9,3,12,13,5,4,2,5,5,5,1,4,6,4,2,0,1,0,0,0,4,1,2,4,1,6,9,3,12,13,5,4,2,5,5,5,1,4,6,4,2,0,1,0,0,0,4,1,2,4,1,6,9,3,12,13,5,1,0,0,1,0,0,0,1,1,1,0,1,1,1,1,51
536,1,7641.492446999998,1943.0033749999996,5716.499636999999,600,0,0,0,0,1,1,1,0,0,1,0,1,0,0,0,1,0,0,0,0,0,1,0,0,1,1,1,1,0,1,1,1,0,1,17,68,51,0.75,3.0,0.07352941176470588,1,0,0.6470588235294118,2, 0, 1, 0, 0, 0,3,3,5,4,5,0,4,5,1,3,1,3,1,1,1,4,0,1,3,3,5,9,6,15,16,4,3,3,5,4,5,0,4,5,1,3,1,3,1,1,1,4,0,1,3,3,5,9,6,15,16,4,3,3,5,4,5,0,4,5,1,3,1,3,1,1,1,4,0,1,3,3,5,9,6,15,16,4,1,0,0,1,0,0,0,1,1,1,0,1,1,1,1,51
537,1,7426.241041999998,1813.9607819999994,5630.290824999999,1111,0,0,1,0,1,1,1,0,0,1,0,1,0,0,0,1,0,0,0,0,0,1,0,0,1,1,1,1,0,1,1,1,0,1,16,67,51,0.7611940298507462,3.1875,0.07462686567164178,0,0,0.6417910447761194,2, 0, 1, 0, 0, 0,2,1,4,6,5,0,4,3,2,2,1,2,1,0,0,10,1,2,2,3,4,8,3,11,12,11,2,1,4,6,5,0,4,3,2,2,1,2,1,0,0,10,1,2,2,3,4,8,3,11,12,11,2,1,4,6,5,0,4,3,2,2,1,2,1,0,0,10,1,2,2,3,4,8,3,11,12,11,1,0,0,1,0,0,0,1,1,1,0,1,1,1,1,51
538,1,7906.4855210000005,1943.0033749999996,5981.492710999999,1556,0,0,1,0,1,1,1,0,0,1,0,1,0,0,0,1,0,0,0,0,0,1,0,0,1,1,1,1,0,1,1,1,0,1,17,70,53,0.7571428571428571,3.1176470588235294,0.07142857142857142,1,0,0.6571428571428571,2, 0, 1, 0, 0, 0,1,3,4,4,5,3,4,5,1,2,1,2,1,0,0,9,1,2,3,2,5,8,5,13,12,10,1,3,4,4,5,3,4,5,1,2,1,2,1,0,0,9,1,2,3,2,5,8,5,13,12,10,1,3,4,4,5,3,4,5,1,2,1,2,1,0,0,9,1,2,3,2,5,8,5,13,12,10,1,0,0,1,0,0,0,1,1,1,0,1,1,1,1,53
539,1,7609.302061999999,1813.9607819999994,5813.351844999998,2261,0,0,1,0,1,1,1,0,0,1,0,1,0,0,0,1,0,0,0,0,0,1,0,0,1,1,1,1,0,1,1,1,0,1,16,67,51,0.7611940298507462,3.1875,0.07462686567164178,0,0,0.6417910447761194,2, 0, 1, 0, 0, 0,3,2,2,6,5,1,8,3,3,1,2,0,0,0,0,6,1,1,4,3,5,10,2,12,12,7,3,2,2,6,5,1,8,3,3,1,2,0,0,0,0,6,1,1,4,3,5,10,2,12,12,7,3,2,2,6,5,1,8,3,3,1,2,0,0,0,0,6,1,1,4,3,5,10,2,12,12,7,1,0,0,1,0,0,0,1,1,1,0,1,1,1,1,51
540,1,7282.069543999998,1813.9607819999994,5486.1193269999985,2715,0,0,1,1,0,1,1,0,1,1,0,1,0,0,0,1,0,0,0,0,0,1,0,0,1,1,1,1,0,1,1,1,0,1,16,66,50,0.7575757575757576,3.125,0.10606060606060606,3,7.5,0.2727272727272727,2, 0, 2, 0, 1, 0,8,1,3,1,7,0,2,3,3,0,1,1,2,1,0,7,1,1,6,2,8,5,2,7,16,8,8,1,3,1,7,0,2,3,3,0,1,1,2,1,0,7,1,1,6,2,8,5,2,7,16,8,8,1,3,1,7,0,2,3,3,0,1,1,2,1,0,7,1,1,6,2,8,5,2,7,16,8,1,0,0,1,0,0,0,1,1,1,0,1,1,1,1,50
543,0,27712.123327999983,7000.835702000001,20729.298190999973,3577,0,0,1,1,0,1,1,0,0,0,0,0,0,0,0,1,0,0,0,0,0,0,0,0,0,1,1,1,0,1,1,1,0,0,62,251,189,0.7529880478087649,3.0483870967741935,0.01195219123505976,1,0,1.0,0, 0, 0, 0, 0, 0,13,4,7,10,3,3,2,13,1,27,27,8,5,13,0,17,11,2,7,16,22,9,12,21,101,28,13,4,7,10,3,3,2,13,1,27,27,8,5,13,0,17,11,2,7,16,22,9,12,21,101,28,13,4,7,10,3,3,2,13,1,27,27,8,5,13,0,17,11,2,7,16,22,9,12,21,101,28,0,0,0,0,0,1,0,1,1,1,0,1,1,1,1,189
544,0,25957.751735999995,6401.459558000001,19574.302743,1881,0,0,1,1,0,0,0,1,0,0,0,0,0,0,0,1,0,0,0,0,0,0,0,0,0,1,1,1,0,1,1,1,0,0,56,225,169,0.7511111111111111,3.017857142857143,0.0044444444444444444,0,0,1.0,0, 0, 0, 0, 0, 0,4,8,10,14,1,4,17,8,2,19,15,15,3,5,5,7,10,2,6,14,13,27,23,50,63,17,4,8,10,14,1,4,17,8,2,19,15,15,3,5,5,7,10,2,6,14,13,27,23,50,63,17,4,8,10,14,1,4,17,8,2,19,15,15,3,5,5,7,10,2,6,14,13,27,23,50,63,17,0,0,0,0,0,1,0,1,1,1,0,1,1,1,1,169
545,1,4646.145061,1153.664147,3510.491479000001,165,1,0,0,1,0,1,1,0,0,0,1,0,0,0,0,1,0,0,0,0,0,0,0,0,0,1,1,1,0,1,1,1,0,1,10,42,32,0.7619047619047619,3.2,0.07142857142857142,1,0,0.3333333333333333,0, 1, 0, 0, 0, 1,2,0,3,4,3,2,1,3,0,3,0,2,0,2,1,4,0,1,1,0,4,4,2,6,8,4,2,0,3,4,3,2,1,3,0,3,0,2,0,2,1,4,0,1,1,0,4,4,2,6,8,4,2,0,3,4,3,2,1,3,0,3,0,2,0,2,1,4,0,1,1,0,4,4,2,6,8,4,0,0,0,0,0,1,0,1,1,1,0,1,1,1,1,32
546,0,21996.40994199999,5109.491726999998,16904.928780000002,4081,0,0,1,1,0,0,0,1,0,0,0,0,0,0,0,1,0,0,0,0,0,0,0,0,0,1,1,1,0,1,1,1,0,0,47,191,144,0.7539267015706806,3.0638297872340425,0.005235602094240838,0,0,1.0,0, 0, 0, 0, 0, 0,6,6,9,10,1,4,8,6,6,15,16,15,2,4,5,8,4,1,11,7,16,17,21,38,52,12,6,6,9,10,1,4,8,6,6,15,16,15,2,4,5,8,4,1,11,7,16,17,21,38,52,12,6,6,9,10,1,4,8,6,6,15,16,15,2,4,5,8,4,1,11,7,16,17,21,38,52,12,0,0,0,0,0,1,0,1,1,1,0,1,1,1,1,144
547,0,22956.934817999987,5401.6308789999985,17573.314504000005,4081,0,0,1,1,0,0,0,1,0,0,0,0,0,0,0,1,0,0,0,0,0,0,0,0,0,1,1,1,0,1,1,1,0,0,49,199,150,0.7537688442211056,3.061224489795918,0.005025125628140704,0,0,1.0,0, 0, 0, 0, 0, 0,7,6,9,11,1,4,9,6,6,16,17,16,2,4,5,8,4,1,11,7,16,18,22,40,55,12,7,6,9,11,1,4,9,6,6,16,17,16,2,4,5,8,4,1,11,7,16,18,22,40,55,12,7,6,9,11,1,4,9,6,6,16,17,16,2,4,5,8,4,1,11,7,16,18,22,40,55,12,0,0,0,0,0,1,0,1,1,1,0,1,1,1,1,150
548,0,33189.043264,8254.410250999998,24952.643577999992,5644,0,0,1,0,1,1,1,0,0,0,0,0,0,0,0,1,0,0,0,0,0,0,0,0,0,1,1,1,0,1,1,1,0,0,70,283,213,0.7526501766784452,3.0428571428571427,0.01060070671378092,2,46.0,1.0,0, 0, 0, 0, 0, 0,8,5,7,11,2,1,12,8,2,28,28,24,7,16,3,14,7,1,15,14,32,19,29,48,93,21,8,5,7,11,2,1,12,8,2,28,28,24,7,16,3,14,7,1,15,14,32,19,29,48,93,21,8,5,7,11,2,1,12,8,2,28,28,24,7,16,3,14,7,1,15,14,32,19,29,48,93,21,0,0,0,0,0,1,0,1,1,1,0,1,1,1,1,213
549,0,18961.60067399999,4809.415756000001,14170.195482999994,6915,0,0,1,1,0,0,1,0,0,0,0,0,0,0,0,1,0,0,0,0,0,0,0,0,0,1,1,1,0,1,1,1,0,0,40,162,122,0.7530864197530864,3.05,0.012345679012345678,0,0,1.0,0, 0, 0, 0, 0, 0,4,5,7,12,2,5,11,5,1,8,12,11,2,10,3,9,3,0,4,8,14,18,16,34,39,12,4,5,7,12,2,5,11,5,1,8,12,11,2,10,3,9,3,0,4,8,14,18,16,34,39,12,4,5,7,12,2,5,11,5,1,8,12,11,2,10,3,9,3,0,4,8,14,18,16,34,39,12,0,0,0,0,0,1,0,1,1,1,0,1,1,1,1,122
554,0,24209.96871699999,6141.042442,18086.936839999988,2208,0,0,1,1,0,0,1,0,0,0,0,0,0,0,0,1,0,0,0,0,0,0,0,0,0,0,0,0,0,0,1,1,0,0,52,210,158,0.7523809523809524,3.0384615384615383,0.009523809523809525,0,0,1.0,0, 0, 0, 0, 0, 0,9,3,8,13,2,12,7,9,4,12,10,9,1,12,8,9,14,5,5,6,22,15,12,27,47,23,9,3,8,13,2,12,7,9,4,12,10,9,1,12,8,9,14,5,5,6,22,15,12,27,47,23,9,3,8,13,2,12,7,9,4,12,10,9,1,12,8,9,14,5,5,6,22,15,12,27,47,23,0,0,0,0,0,0,0,0,0,0,0,0,0,1,1,158
556,1,4849.216600000002,1312.7285379999998,3554.4986270000004,63,1,1,0,1,0,1,1,0,0,1,1,0,0,0,0,1,0,0,1,0,0,0,0,0,0,0,0,0,0,0,1,1,0,1,11,46,35,0.7608695652173914,3.1818181818181817,0.13043478260869565,3,6.5,0.2391304347826087,0, 0, 3, 0, 0, 2,2,0,0,3,6,3,2,4,0,0,1,4,0,0,0,5,4,0,0,1,0,2,4,6,8,9,2,0,0,3,6,3,2,4,0,0,1,4,0,0,0,5,4,0,0,1,0,2,4,6,8,9,2,0,0,3,6,3,2,4,0,0,1,4,0,0,0,5,4,0,0,1,0,2,4,6,8,9,0,0,0,0,0,0,0,0,0,0,0,0,0,1,1,35
557,0,18965.491331999998,4958.40814,14025.093757000002,336,1,0,0,0,1,1,1,0,0,0,0,0,0,0,0,1,0,0,0,0,0,0,0,0,0,0,0,0,0,0,1,1,0,0,42,169,127,0.7514792899408284,3.0238095238095237,0.01775147928994083,0,0,1.0,0, 0, 0, 0, 0, 0,8,5,10,4,2,2,10,11,1,13,6,9,2,4,3,10,6,1,7,13,12,20,14,34,53,16,8,5,10,4,2,2,10,11,1,13,6,9,2,4,3,10,6,1,7,13,12,20,14,34,53,16,8,5,10,4,2,2,10,11,1,13,6,9,2,4,3,10,6,1,7,13,12,20,14,34,53,16,0,0,0,0,0,0,0,0,0,0,0,0,0,1,1,127
559,0,29884.615154999992,7355.847890000001,22546.777830000006,1691,0,0,1,0,1,1,1,0,0,0,0,0,0,0,0,1,0,0,0,0,0,0,0,0,0,0,0,0,0,0,1,1,0,0,66,267,201,0.7528089887640449,3.0454545454545454,0.0149812734082397,2,112.0,1.0,0, 0, 0, 0, 0, 1,11,4,6,13,4,10,18,10,7,19,20,14,3,7,7,12,9,1,6,20,14,24,18,42,83,21,11,4,6,13,4,10,18,10,7,19,20,14,3,7,7,12,9,1,6,20,14,24,18,42,83,21,11,4,6,13,4,10,18,10,7,19,20,14,3,7,7,12,9,1,6,20,14,24,18,42,83,21,0,0,0,0,0,0,0,0,0,0,0,0,0,1,1,201
560,0,22935.113813000007,5283.893831,17669.230546999992,4429,0,0,1,0,1,1,1,0,0,0,0,0,0,0,0,1,0,0,0,0,0,0,0,0,0,0,0,0,0,0,1,1,0,0,51,206,155,0.7524271844660194,3.0392156862745097,0.014563106796116505,0,0,1.0,0, 0, 0, 0, 0, 0,6,8,13,8,2,2,15,9,2,13,16,11,3,8,5,5,6,0,5,18,13,28,19,47,65,11,6,8,13,8,2,2,15,9,2,13,16,11,3,8,5,5,6,0,5,18,13,28,19,47,65,11,6,8,13,8,2,2,15,9,2,13,16,11,3,8,5,5,6,0,5,18,13,28,19,47,65,11,0,0,0,0,0,0,0,0,0,0,0,0,0,1,1,155
561,0,33704.58150200001,8371.388260000002,25351.203807000016,5053,0,0,1,1,0,1,1,0,0,0,0,0,0,0,0,1,0,0,0,0,0,0,0,0,0,0,0,0,0,0,1,1,0,0,72,291,219,0.7525773195876289,3.0416666666666665,0.01718213058419244,2,13.0,1.0,0, 0, 0, 0, 0, 0,8,7,10,13,5,4,13,18,5,12,26,28,7,14,5,7,10,1,14,12,29,23,35,58,83,17,8,7,10,13,5,4,13,18,5,12,26,28,7,14,5,7,10,1,14,12,29,23,35,58,83,17,8,7,10,13,5,4,13,18,5,12,26,28,7,14,5,7,10,1,14,12,29,23,35,58,83,17,0,0,0,0,0,0,0,0,0,0,0,0,0,1,1,219
564,0,21806.335280999978,5558.818601000002,16265.527244999997,4535,0,0,1,0,1,0,1,0,0,0,0,0,0,0,0,1,0,0,0,0,0,0,0,0,0,0,0,0,0,0,1,1,0,0,48,195,147,0.7538461538461538,3.0625,0.010256410256410256,2,147.0,1.0,0, 0, 0, 0, 0, 0,11,5,11,7,1,4,12,8,3,15,20,12,5,3,2,14,4,0,3,7,6,23,17,40,66,18,11,5,11,7,1,4,12,8,3,15,20,12,5,3,2,14,4,0,3,7,6,23,17,40,66,18,11,5,11,7,1,4,12,8,3,15,20,12,5,3,2,14,4,0,3,7,6,23,17,40,66,18,0,0,0,0,0,0,0,0,0,0,0,0,0,1,1,147
566,0,13620.438207999987,3247.9094060000007,10390.539366999996,435,1,0,0,1,0,0,0,1,0,0,0,0,0,0,0,1,0,0,0,0,0,0,0,0,0,0,0,0,0,0,1,1,0,0,30,122,92,0.7540983606557377,3.066666666666667,0.00819672131147541,0,0,1.0,0, 0, 0, 0, 0, 0,5,3,2,8,1,2,0,6,1,17,11,1,6,6,1,7,3,1,5,6,12,2,4,6,51,10,5,3,2,8,1,2,0,6,1,17,11,1,6,6,1,7,3,1,5,6,12,2,4,6,51,10,5,3,2,8,1,2,0,6,1,17,11,1,6,6,1,7,3,1,5,6,12,2,4,6,51,10,0,0,0,0,0,0,0,0,0,0,0,0,0,1,1,92
567,1,4839.266135000001,1368.7118420000002,3488.5648579999997,228,1,0,0,1,0,1,1,0,0,1,1,0,0,0,0,1,0,0,1,0,0,0,0,0,0,0,0,0,0,0,1,1,0,1,11,45,34,0.7555555555555555,3.090909090909091,0.13333333333333333,4,7.666666666666667,0.2222222222222222,0, 0, 3, 0, 0, 2,5,0,0,4,6,1,2,1,0,0,3,4,0,0,1,4,2,0,0,1,0,2,4,6,10,6,5,0,0,4,6,1,2,1,0,0,3,4,0,0,1,4,2,0,0,1,0,2,4,6,10,6,5,0,0,4,6,1,2,1,0,0,3,4,0,0,1,4,2,0,0,1,0,2,4,6,10,6,0,0,0,0,0,0,0,0,0,0,0,0,0,1,1,34
569,0,32157.507787999988,8183.215053000002,23992.303299999974,2485,0,0,1,0,1,1,1,0,0,0,0,0,0,0,0,1,0,0,0,0,0,0,0,0,0,0,0,0,0,0,1,1,0,0,71,284,213,0.75,3.0,0.02464788732394366,2,1.0,0.8133802816901409,0, 0, 0, 0, 1, 0,17,8,12,21,5,7,13,10,1,25,21,15,6,5,5,11,10,0,12,9,17,25,23,48,88,21,17,8,12,21,5,7,13,10,1,25,21,15,6,5,5,11,10,0,12,9,17,25,23,48,88,21,17,8,12,21,5,7,13,10,1,25,21,15,6,5,5,11,10,0,12,9,17,25,23,48,88,21,0,0,0,0,0,0,0,0,0,0,0,0,0,1,1,213
570,0,16684.643690000004,4044.222769000002,12658.431485999996,653,0,0,0,1,0,0,1,0,0,0,0,0,0,0,0,1,0,0,0,0,0,0,0,0,0,0,0,0,0,0,1,1,0,0,37,149,112,0.7516778523489933,3.027027027027027,0.013422818791946308,0,0,1.0,0, 0, 0, 0, 0, 0,7,6,12,6,2,3,9,7,0,8,11,9,3,6,2,5,4,0,3,9,9,21,15,36,45,9,7,6,12,6,2,3,9,7,0,8,11,9,3,6,2,5,4,0,3,9,9,21,15,36,45,9,7,6,12,6,2,3,9,7,0,8,11,9,3,6,2,5,4,0,3,9,9,21,15,36,45,9,0,0,0,0,0,0,0,0,0,0,0,0,0,1,1,112
571,0,23048.657557000013,5785.930340000001,17280.737781999982,22,1,1,0,0,1,1,1,0,0,0,0,0,0,0,0,1,0,0,0,0,0,0,0,0,0,0,0,0,0,0,1,1,0,0,50,203,153,0.7536945812807881,3.06,0.014778325123152709,0,0,1.0,0, 0, 0, 0, 0, 0,5,4,7,8,2,2,13,13,7,15,13,11,3,7,5,10,11,0,9,8,16,20,15,35,57,21,5,4,7,8,2,2,13,13,7,15,13,11,3,7,5,10,11,0,9,8,16,20,15,35,57,21,5,4,7,8,2,2,13,13,7,15,13,11,3,7,5,10,11,0,9,8,16,20,15,35,57,21,0,0,0,0,0,0,0,0,0,0,0,0,0,1,1,153
573,0,10264.711719000003,2613.38467,7669.337614000001,908,0,0,0,1,0,0,0,1,0,0,0,0,0,0,0,1,0,0,0,0,0,0,0,0,0,0,0,0,0,0,1,1,0,0,23,92,69,0.75,3.0,0.010869565217391304,1,0,1.0,0, 0, 0, 0, 0, 0,1,2,3,2,1,2,6,5,0,6,4,12,0,0,2,4,5,2,0,12,2,9,14,23,28,9,1,2,3,2,1,2,6,5,0,6,4,12,0,0,2,4,5,2,0,12,2,9,14,23,28,9,1,2,3,2,1,2,6,5,0,6,4,12,0,0,2,4,5,2,0,12,2,9,14,23,28,9,0,0,0,0,0,0,0,0,0,0,0,0,0,1,1,69
574,0,14539.990461999994,3670.1735600000015,10887.827466999986,405,1,0,0,0,1,1,1,0,0,0,0,0,0,0,0,1,0,0,0,0,0,0,0,0,0,0,0,0,0,0,1,1,0,0,33,134,101,0.753731343283582,3.0606060606060606,0.022388059701492536,3,20.0,1.0,0, 0, 0, 0, 0, 0,10,3,2,4,3,1,1,8,0,9,12,2,2,8,2,6,8,1,5,14,14,3,5,8,55,14,10,3,2,4,3,1,1,8,0,9,12,2,2,8,2,6,8,1,5,14,14,3,5,8,55,14,10,3,2,4,3,1,1,8,0,9,12,2,2,8,2,6,8,1,5,14,14,3,5,8,55,14,0,0,0,0,0,0,0,0,0,0,0,0,0,1,1,101
575,1,4859.226103000001,1242.6754389999996,3634.5612290000004,142,1,1,0,1,0,1,1,0,0,1,1,0,0,0,0,1,0,0,1,0,0,0,0,0,0,0,0,0,0,0,1,1,0,1,11,46,35,0.7608695652173914,3.1818181818181817,0.13043478260869565,3,6.5,0.2391304347826087,0, 0, 3, 0, 0, 2,2,0,0,1,6,3,3,3,1,0,2,4,0,0,0,6,3,0,0,1,0,3,4,7,8,9,2,0,0,1,6,3,3,3,1,0,2,4,0,0,0,6,3,0,0,1,0,3,4,7,8,9,2,0,0,1,6,3,3,3,1,0,2,4,0,0,0,6,3,0,0,1,0,3,4,7,8,9,0,0,0,0,0,0,0,0,0,0,0,0,0,1,1,35
576,0,17753.205230999978,4477.226392,13293.989404000004,14,1,1,0,1,0,1,1,0,0,1,0,0,0,0,0,1,0,0,0,0,0,0,0,0,0,0,0,0,0,0,1,1,0,0,41,166,125,0.7530120481927711,3.048780487804878,0.024096385542168676,1,0,0.6144578313253012,0, 0, 1, 0, 0, 0,8,6,8,8,4,4,5,14,4,15,11,6,1,0,3,7,5,0,3,13,3,13,12,25,62,12,8,6,8,8,4,4,5,14,4,15,11,6,1,0,3,7,5,0,3,13,3,13,12,25,62,12,8,6,8,8,4,4,5,14,4,15,11,6,1,0,3,7,5,0,3,13,3,13,12,25,62,12,0,0,0,0,0,0,0,0,0,0,0,0,0,1,1,125
577,0,10881.745330999995,2649.34658,8250.409316,3351,0,0,1,0,1,0,1,0,0,0,0,0,0,0,0,1,0,0,0,0,0,0,0,0,0,0,0,0,0,0,1,1,0,0,24,98,74,0.7551020408163265,3.0833333333333335,0.02040816326530612,0,0,1.0,0, 0, 0, 0, 0, 0,9,2,1,4,1,1,3,0,0,7,7,5,3,8,2,5,10,0,1,5,9,4,7,11,31,15,9,2,1,4,1,1,3,0,0,7,7,5,3,8,2,5,10,0,1,5,9,4,7,11,31,15,9,2,1,4,1,1,3,0,0,7,7,5,3,8,2,5,10,0,1,5,9,4,7,11,31,15,0,0,0,0,0,0,0,0,0,0,0,0,0,1,1,74
578,0,10367.019902999995,2699.3220069999998,7685.708461,3970,0,0,1,0,1,1,1,0,1,0,0,0,0,0,0,1,0,0,0,0,0,0,0,0,0,0,0,0,0,0,1,1,0,0,23,93,70,0.7526881720430108,3.0434782608695654,0.053763440860215055,0,0,0.6129032258064516,0, 0, 0, 0, 1, 0,3,1,7,2,3,1,3,3,0,8,5,4,3,0,2,9,6,0,5,5,5,10,5,15,27,15,3,1,7,2,3,1,3,3,0,8,5,4,3,0,2,9,6,0,5,5,5,10,5,15,27,15,3,1,7,2,3,1,3,3,0,8,5,4,3,0,2,9,6,0,5,5,5,10,5,15,27,15,0,0,0,0,0,0,0,0,0,0,0,0,0,1,1,70
583,0,18958.668910999986,4666.375452999999,14310.304023000004,17,1,1,0,1,0,0,1,0,1,0,0,0,0,0,0,1,0,0,0,0,0,0,0,0,0,0,0,0,0,0,1,1,0,0,44,176,132,0.75,3.0,0.011363636363636364,1,0,0.4715909090909091,0, 0, 0, 0, 1, 0,10,10,7,7,2,4,13,15,5,14,7,2,2,0,2,4,8,0,4,16,4,20,12,32,64,12,10,10,7,7,2,4,13,15,5,14,7,2,2,0,2,4,8,0,4,16,4,20,12,32,64,12,10,10,7,7,2,4,13,15,5,14,7,2,2,0,2,4,8,0,4,16,4,20,12,32,64,12,0,0,0,0,0,0,0,0,0,0,0,0,0,1,1,132
589,0,6889.3539980000005,1732.9181900000003,5174.4463730000025,10026,0,0,1,0,1,0,1,0,0,0,0,0,0,0,0,1,0,0,0,0,0,0,0,0,0,0,0,0,0,0,1,1,0,0,15,61,46,0.7540983606557377,3.066666666666667,0.03278688524590164,0,0,1.0,0, 0, 0, 0, 0, 0,3,1,5,2,2,1,3,3,2,4,3,2,1,2,1,3,1,0,3,4,5,8,3,11,18,4,3,1,5,2,2,1,3,3,2,4,3,2,1,2,1,3,1,0,3,4,5,8,3,11,18,4,3,1,5,2,2,1,3,3,2,4,3,2,1,2,1,3,1,0,3,4,5,8,3,11,18,4,0,0,0,0,0,0,0,0,0,0,0,0,0,1,1,46
592,1,4870.253322000001,1326.719036,3561.5448509999997,62,1,1,0,1,0,1,1,0,0,1,1,0,0,0,0,1,0,0,1,0,0,0,0,0,0,0,0,0,0,0,1,1,0,1,11,45,34,0.7555555555555555,3.090909090909091,0.13333333333333333,3,6.0,0.2222222222222222,0, 0, 3, 0, 0, 2,3,0,1,2,6,4,2,2,0,0,2,4,0,0,1,4,2,0,0,1,0,3,4,7,8,6,3,0,1,2,6,4,2,2,0,0,2,4,0,0,1,4,2,0,0,1,0,3,4,7,8,6,3,0,1,2,6,4,2,2,0,0,2,4,0,0,1,4,2,0,0,1,0,3,4,7,8,6,0,0,0,0,0,0,0,0,0,0,0,0,0,1,1,34
598,0,14744.626902999991,3610.7799840000007,11151.857483999998,6927,0,0,1,1,0,0,1,0,0,0,0,0,0,0,0,1,0,0,0,0,0,0,0,0,0,1,1,0,0,1,1,1,0,0,30,123,93,0.7560975609756098,3.1,0.016260162601626018,1,0,1.0,0, 0, 0, 0, 0, 0,4,5,5,4,2,0,12,3,3,10,10,12,2,4,1,2,5,0,6,3,10,17,17,34,32,7,4,5,5,4,2,0,12,3,3,10,10,12,2,4,1,2,5,0,6,3,10,17,17,34,32,7,4,5,5,4,2,0,12,3,3,10,10,12,2,4,1,2,5,0,6,3,10,17,17,34,32,7,0,0,0,0,0,0,0,1,1,0,0,0,1,1,1,93
599,0,13927.192661999998,3626.8548810000016,10318.348346000002,6195,0,0,1,0,1,0,1,0,0,0,0,0,0,0,0,1,0,0,0,0,0,0,0,0,0,1,1,0,0,1,1,1,0,0,29,118,89,0.7542372881355932,3.0689655172413794,0.01694915254237288,0,0,1.0,0, 0, 0, 0, 0, 0,3,2,2,10,2,4,8,2,2,8,10,10,2,2,1,8,5,2,2,4,6,10,12,22,29,13,3,2,2,10,2,4,8,2,2,8,10,10,2,2,1,8,5,2,2,4,6,10,12,22,29,13,3,2,2,10,2,4,8,2,2,8,10,10,2,2,1,8,5,2,2,4,6,10,12,22,29,13,0,0,0,0,0,0,0,1,1,0,0,0,1,1,1,89
600,0,25110.499217999975,6127.331652,19001.178131,9,1,1,0,1,0,0,0,1,0,0,0,0,0,0,0,1,0,0,0,0,0,0,0,0,0,1,1,0,0,1,1,1,0,0,56,224,168,0.75,3.0,0.004464285714285714,2,1.0,1.0,0, 0, 0, 0, 0, 0,9,6,12,18,1,4,14,10,1,21,17,21,2,5,5,6,6,0,4,6,9,26,27,53,65,12,9,6,12,18,1,4,14,10,1,21,17,21,2,5,5,6,6,0,4,6,9,26,27,53,65,12,9,6,12,18,1,4,14,10,1,21,17,21,2,5,5,6,6,0,4,6,9,26,27,53,65,12,0,0,0,0,0,0,0,1,1,0,0,0,1,1,1,168
601,1,5692.346416000003,1435.712947,4274.644034000001,90,1,1,0,1,0,1,1,0,0,0,1,0,0,0,0,1,0,0,0,0,0,0,0,0,0,1,1,0,0,1,1,1,0,1,12,50,38,0.76,3.1666666666666665,0.1,2,1.0,0.22,0, 2, 0, 1, 0, 1,1,0,6,3,5,1,2,3,0,3,1,1,2,1,2,3,1,2,1,0,4,8,1,9,10,4,1,0,6,3,5,1,2,3,0,3,1,1,2,1,2,3,1,2,1,0,4,8,1,9,10,4,1,0,6,3,5,1,2,3,0,3,1,1,2,1,2,3,1,2,1,0,4,8,1,9,10,4,0,0,0,0,0,0,0,1,1,0,0,0,1,1,1,38
603,0,9868.809934999994,2517.4320740000003,7369.388426000003,806,0,0,0,1,0,0,0,1,0,0,0,0,0,0,0,1,0,0,0,0,0,0,0,0,0,1,1,0,0,1,1,1,0,0,21,87,66,0.7586206896551724,3.142857142857143,0.011494252873563218,0,0,1.0,0, 0, 0, 0, 0, 0,0,1,1,3,1,0,1,4,0,12,15,5,1,7,4,5,3,0,0,3,7,2,6,8,35,8,0,1,1,3,1,0,1,4,0,12,15,5,1,7,4,5,3,0,0,3,7,2,6,8,35,8,0,1,1,3,1,0,1,4,0,12,15,5,1,7,4,5,3,0,0,3,7,2,6,8,35,8,0,0,0,0,0,0,0,1,1,0,0,0,1,1,1,66
604,0,21188.236468000003,5258.7651129999995,15947.481919999991,1063,0,0,1,0,1,1,1,0,1,0,0,1,0,0,0,1,0,0,0,0,0,0,0,0,0,1,1,0,0,1,1,1,0,1,47,189,142,0.7513227513227513,3.021276595744681,0.037037037037037035,3,29.0,0.2751322751322751,1, 0, 0, 0, 1, 0,6,5,10,11,6,5,9,14,2,9,8,8,3,3,5,10,7,3,10,8,16,19,13,32,48,17,6,5,10,11,6,5,9,14,2,9,8,8,3,3,5,10,7,3,10,8,16,19,13,32,48,17,6,5,10,11,6,5,9,14,2,9,8,8,3,3,5,10,7,3,10,8,16,19,13,32,48,17,0,0,0,0,0,0,0,1,1,0,0,0,1,1,1,142
607,0,8706.566925,2150.1445599999997,6574.432930000002,7859,0,0,1,1,0,0,1,0,0,0,1,0,0,0,0,1,0,0,0,0,0,0,0,0,0,1,1,0,0,1,1,1,0,0,18,75,57,0.76,3.1666666666666665,0.02666666666666667,1,0,0.05333333333333334,0, 1, 0, 0, 0, 0,4,2,1,7,2,4,2,0,1,5,1,9,0,3,1,5,5,0,2,3,5,3,11,14,13,10,4,2,1,7,2,4,2,0,1,5,1,9,0,3,1,5,5,0,2,3,5,3,11,14,13,10,4,2,1,7,2,4,2,0,1,5,1,9,0,3,1,5,5,0,2,3,5,3,11,14,13,10,0,0,0,0,0,0,0,1,1,0,0,0,1,1,1,57
610,0,33228.85910499996,8094.334327999999,25152.535341999974,39,1,1,0,1,0,1,1,0,0,0,0,0,0,0,0,1,0,0,0,0,0,0,0,0,0,1,1,0,0,1,1,1,0,0,73,292,219,0.75,3.0,0.010273972602739725,2,1.0,1.0,0, 0, 0, 0, 0, 0,8,7,11,16,3,9,21,5,3,26,28,23,6,4,4,15,8,1,5,16,10,32,30,62,89,23,8,7,11,16,3,9,21,5,3,26,28,23,6,4,4,15,8,1,5,16,10,32,30,62,89,23,8,7,11,16,3,9,21,5,3,26,28,23,6,4,4,15,8,1,5,16,10,32,30,62,89,23,0,0,0,0,0,0,0,1,1,0,0,0,1,1,1,219
611,1,4713.088862999998,1408.608148,3322.4912799999997,291,1,0,0,0,1,1,1,0,0,1,0,0,0,0,0,1,0,0,0,0,0,0,0,0,0,1,1,0,0,1,1,1,0,1,11,47,36,0.7659574468085106,3.272727272727273,0.0851063829787234,4,4.333333333333333,0.5106382978723404,0, 0, 3, 0, 0, 0,7,0,2,0,4,0,0,7,1,1,2,1,1,0,2,2,2,0,1,3,1,2,1,3,21,4,7,0,2,0,4,0,0,7,1,1,2,1,1,0,2,2,2,0,1,3,1,2,1,3,21,4,7,0,2,0,4,0,0,7,1,1,2,1,1,0,2,2,2,0,1,3,1,2,1,3,21,4,0,0,0,0,0,0,0,1,1,0,0,0,1,1,1,36
612,1,4713.088862999998,1408.608148,3322.4912799999997,523,0,0,0,0,1,1,1,0,0,1,0,0,0,0,0,1,0,0,0,0,0,0,0,0,0,1,1,0,0,1,1,1,0,1,11,47,36,0.7659574468085106,3.272727272727273,0.0851063829787234,4,4.333333333333333,0.5106382978723404,0, 0, 3, 0, 0, 0,7,0,2,0,4,0,0,7,1,1,2,1,1,0,2,2,2,0,1,3,1,2,1,3,21,4,7,0,2,0,4,0,0,7,1,1,2,1,1,0,2,2,2,0,1,3,1,2,1,3,21,4,7,0,2,0,4,0,0,7,1,1,2,1,1,0,2,2,2,0,1,3,1,2,1,3,21,4,0,0,0,0,0,0,0,1,1,0,0,0,1,1,1,36
613,1,4713.088862999998,1408.608148,3322.4912799999997,745,0,0,0,0,1,1,1,0,0,1,0,0,0,0,0,1,0,0,0,0,0,0,0,0,0,1,1,0,0,1,1,1,0,1,11,47,36,0.7659574468085106,3.272727272727273,0.0851063829787234,4,4.333333333333333,0.5106382978723404,0, 0, 3, 0, 0, 0,7,0,2,0,4,0,0,7,1,1,2,1,1,0,2,2,2,0,1,3,1,2,1,3,21,4,7,0,2,0,4,0,0,7,1,1,2,1,1,0,2,2,2,0,1,3,1,2,1,3,21,4,7,0,2,0,4,0,0,7,1,1,2,1,1,0,2,2,2,0,1,3,1,2,1,3,21,4,0,0,0,0,0,0,0,1,1,0,0,0,1,1,1,36
618,0,22765.66116300002,5440.797034000003,17342.874694,6570,0,0,1,1,0,1,1,0,0,0,0,0,0,0,0,1,0,0,0,0,0,0,1,0,0,1,1,0,1,1,1,1,0,0,48,195,147,0.7538461538461538,3.0625,0.015384615384615385,0,0,1.0,0, 0, 0, 0, 0, 0,4,5,8,9,3,8,11,7,2,11,13,18,4,11,5,7,8,1,7,5,19,19,23,42,44,15,4,5,8,9,3,8,11,7,2,11,13,18,4,11,5,7,8,1,7,5,19,19,23,42,44,15,4,5,8,9,3,8,11,7,2,11,13,18,4,11,5,7,8,1,7,5,19,19,23,42,44,15,0,1,0,0,0,0,0,1,1,0,1,0,1,0,1,147
619,0,13870.331669000003,3315.8167520000006,10572.525481999994,4874,0,0,1,0,1,1,1,0,0,0,0,1,0,0,0,1,0,0,0,0,0,0,1,0,0,1,1,0,1,1,1,1,0,0,29,116,87,0.75,3.0,0.02586206896551724,0,0,1.0,1, 0, 0, 0, 0, 0,3,7,5,3,2,5,5,2,4,7,11,7,3,2,2,3,3,0,8,5,10,10,14,24,31,6,3,7,5,3,2,5,5,2,4,7,11,7,3,2,2,3,3,0,8,5,10,10,14,24,31,6,3,7,5,3,2,5,5,2,4,7,11,7,3,2,2,3,3,0,8,5,10,10,14,24,31,6,0,1,0,0,0,0,0,1,1,0,1,0,1,0,1,87
621,0,23856.302052000003,5983.406782000002,17890.905834999987,2310,0,0,1,1,0,1,1,0,0,0,0,0,0,0,0,1,0,0,0,0,0,0,1,0,0,1,1,0,1,1,1,1,0,0,53,215,162,0.7534883720930232,3.056603773584906,0.013953488372093023,2,23.0,1.0,0, 0, 0, 0, 0, 0,13,3,4,1,3,3,2,8,0,24,19,11,3,17,8,16,10,1,6,10,24,6,14,20,77,26,13,3,4,1,3,3,2,8,0,24,19,11,3,17,8,16,10,1,6,10,24,6,14,20,77,26,13,3,4,1,3,3,2,8,0,24,19,11,3,17,8,16,10,1,6,10,24,6,14,20,77,26,0,1,0,0,0,0,0,1,1,0,1,0,1,0,1,162
622,0,32510.832759000004,7847.074000000001,24681.769324000004,1454,0,0,1,0,1,0,0,1,0,0,0,0,0,0,1,1,0,0,0,0,0,0,1,0,0,1,1,0,1,1,1,1,0,0,72,288,216,0.75,3.0,0.003472222222222222,0,0,1.0,0, 0, 0, 0, 0, 0,7,7,20,13,0,4,14,11,7,19,26,18,9,9,7,12,12,1,6,14,16,34,25,59,86,24,7,7,20,13,0,4,14,11,7,19,26,18,9,9,7,12,12,1,6,14,16,34,25,59,86,24,7,7,20,13,0,4,14,11,7,19,26,18,9,9,7,12,12,1,6,14,16,34,25,59,86,24,0,1,0,0,0,0,0,1,1,0,1,0,1,0,1,216
623,0,14430.638904999993,3647.000800000001,10801.648669999993,1074,0,0,1,1,0,0,0,1,0,0,0,0,0,0,0,1,0,0,0,0,0,0,1,0,0,1,1,0,1,1,1,1,0,0,31,127,96,0.7559055118110236,3.096774193548387,0.007874015748031496,0,0,1.0,0, 0, 0, 0, 0, 0,5,5,4,3,1,2,13,5,3,7,13,6,3,1,2,6,7,0,2,8,3,17,11,28,41,13,5,5,4,3,1,2,13,5,3,7,13,6,3,1,2,6,7,0,2,8,3,17,11,28,41,13,5,5,4,3,1,2,13,5,3,7,13,6,3,1,2,6,7,0,2,8,3,17,11,28,41,13,0,1,0,0,0,0,0,1,1,0,1,0,1,0,1,96
624,1,6124.8811080000005,1546.7449740000002,4596.146699000003,610,0,0,0,1,0,1,1,0,1,0,1,0,0,0,0,1,0,0,0,0,0,0,1,0,0,1,1,0,1,1,1,1,0,1,14,58,44,0.7586206896551724,3.142857142857143,0.06896551724137931,2,1.0,0.3275862068965517,0, 1, 0, 0, 2, 0,6,1,1,1,4,2,3,2,0,0,4,0,1,0,2,4,5,2,0,6,2,4,1,5,19,9,6,1,1,1,4,2,3,2,0,0,4,0,1,0,2,4,5,2,0,6,2,4,1,5,19,9,6,1,1,1,4,2,3,2,0,0,4,0,1,0,2,4,5,2,0,6,2,4,1,5,19,9,0,1,0,0,0,0,0,1,1,0,1,0,1,0,1,44
625,1,4182.955652000001,1170.570307,3030.39591,382,1,0,0,0,1,1,1,0,1,0,1,0,0,0,0,1,0,0,0,0,0,0,1,0,0,1,1,0,1,1,1,1,0,1,10,40,30,0.75,3.0,0.1,2,1.0,0.475,0, 1, 0, 0, 2, 0,6,0,0,1,4,0,1,1,0,0,4,0,0,0,0,4,4,2,0,3,2,1,0,1,14,8,6,0,0,1,4,0,1,1,0,0,4,0,0,0,0,4,4,2,0,3,2,1,0,1,14,8,6,0,0,1,4,0,1,1,0,0,4,0,0,0,0,4,4,2,0,3,2,1,0,1,14,8,0,1,0,0,0,0,0,1,1,0,1,0,1,0,1,30
626,1,4182.955652000001,1170.570307,3030.39591,154,1,0,0,0,1,1,1,0,1,0,1,0,0,0,0,1,0,0,0,0,0,0,1,0,0,1,1,0,1,1,1,1,0,1,10,40,30,0.75,3.0,0.1,2,1.0,0.475,0, 1, 0, 0, 2, 0,6,0,0,1,4,0,1,1,0,0,4,0,0,0,0,4,4,2,0,3,2,1,0,1,14,8,6,0,0,1,4,0,1,1,0,0,4,0,0,0,0,4,4,2,0,3,2,1,0,1,14,8,6,0,0,1,4,0,1,1,0,0,4,0,0,0,0,4,4,2,0,3,2,1,0,1,14,8,0,1,0,0,0,0,0,1,1,0,1,0,1,0,1,30
628,0,7233.638129000002,1887.940914,5363.70778,2589,0,0,1,1,0,1,1,0,0,0,0,0,0,0,0,1,0,0,0,0,0,0,1,0,0,1,1,0,1,1,1,1,0,0,16,65,49,0.7538461538461538,3.0625,0.046153846153846156,0,0,1.0,0, 0, 0, 0, 0, 0,1,2,2,4,3,2,1,5,2,1,5,6,0,2,1,6,2,0,1,3,3,3,8,11,15,8,1,2,2,4,3,2,1,5,2,1,5,6,0,2,1,6,2,0,1,3,3,3,8,11,15,8,1,2,2,4,3,2,1,5,2,1,5,6,0,2,1,6,2,0,1,3,3,3,8,11,15,8,0,1,0,0,0,0,0,1,1,0,1,0,1,0,1,49
631,0,9874.234292999996,2573.419218,7318.825639999997,3795,0,0,1,0,1,0,0,1,0,0,0,0,0,0,1,1,0,0,0,0,0,0,1,0,0,1,1,0,1,1,1,1,0,0,21,84,63,0.75,3.0,0.0,0,0,1.0,0, 0, 0, 0, 0, 0,5,2,3,4,0,0,5,4,2,2,6,8,2,3,3,0,4,2,3,5,8,8,10,18,24,4,5,2,3,4,0,0,5,4,2,2,6,8,2,3,3,0,4,2,3,5,8,8,10,18,24,4,5,2,3,4,0,0,5,4,2,2,6,8,2,3,3,0,4,2,3,5,8,8,10,18,24,4,0,1,0,0,0,0,0,1,1,0,1,0,1,0,1,63
632,0,16277.358503999987,4006.099665,12289.26940399999,4125,0,0,1,0,1,1,1,0,1,0,0,0,0,0,0,1,0,0,0,0,0,0,1,0,0,1,1,0,1,1,1,1,0,0,35,143,108,0.7552447552447552,3.085714285714286,0.03496503496503497,1,0,0.3006993006993007,0, 1, 0, 0, 1, 0,5,2,4,3,4,6,3,6,0,13,12,5,6,7,5,8,5,1,7,6,15,7,7,14,48,13,5,2,4,3,4,6,3,6,0,13,12,5,6,7,5,8,5,1,7,6,15,7,7,14,48,13,5,2,4,3,4,6,3,6,0,13,12,5,6,7,5,8,5,1,7,6,15,7,7,14,48,13,0,1,0,0,0,0,0,1,1,0,1,0,1,0,1,108
633,0,11038.89721,2711.3696240000004,8345.538150999999,4636,0,0,1,1,0,0,1,0,0,0,0,0,0,0,0,1,0,0,0,0,0,0,1,0,0,1,1,0,1,1,1,1,0,0,24,97,73,0.7525773195876289,3.0416666666666665,0.020618556701030927,1,0,1.0,0, 0, 0, 0, 0, 0,3,5,1,2,2,5,5,3,4,6,10,6,2,0,2,6,3,0,2,6,2,6,11,17,30,9,3,5,1,2,2,5,5,3,4,6,10,6,2,0,2,6,3,0,2,6,2,6,11,17,30,9,3,5,1,2,2,5,5,3,4,6,10,6,2,0,2,6,3,0,2,6,2,6,11,17,30,9,0,1,0,0,0,0,0,1,1,0,1,0,1,0,1,73
636,0,18867.376025999998,4423.1614979999995,14462.225092999994,4600,0,0,1,1,0,0,1,0,0,0,0,0,0,0,0,1,0,0,0,0,0,0,0,0,0,1,0,0,0,1,1,1,0,0,43,174,131,0.7528735632183908,3.046511627906977,0.011494252873563218,1,0,1.0,0, 0, 0, 0, 0, 0,11,15,11,3,2,4,4,14,4,4,9,2,2,2,9,5,15,4,3,8,9,15,17,32,48,20,11,15,11,3,2,4,4,14,4,4,9,2,2,2,9,5,15,4,3,8,9,15,17,32,48,20,11,15,11,3,2,4,4,14,4,4,9,2,2,2,9,5,15,4,3,8,9,15,17,32,48,20,0,0,0,0,0,0,0,1,0,0,0,0,1,1,1,131
637,0,14164.049755999995,3264.6057960000007,10917.454525000005,4600,0,0,1,1,0,0,1,0,0,0,0,0,0,0,0,1,0,0,0,0,0,0,0,0,0,1,0,0,0,1,1,1,0,0,32,128,96,0.75,3.0,0.015625,1,0,1.0,0, 0, 0, 0, 0, 0,6,11,10,2,2,3,2,8,3,4,6,2,1,1,6,2,13,4,3,7,8,12,13,25,32,15,6,11,10,2,2,3,2,8,3,4,6,2,1,1,6,2,13,4,3,7,8,12,13,25,32,15,6,11,10,2,2,3,2,8,3,4,6,2,1,1,6,2,13,4,3,7,8,12,13,25,32,15,0,0,0,0,0,0,0,1,0,0,0,0,1,1,1,96
639,0,6473.356071999999,1535.8354599999998,4955.531176999999,3278,0,0,1,1,0,0,0,1,0,0,0,0,0,0,0,1,0,0,0,0,0,0,0,0,0,1,0,0,0,1,1,1,0,0,15,62,47,0.7580645161290323,3.1333333333333333,0.016129032258064516,1,0,1.0,0, 0, 0, 0, 0, 0,8,4,2,1,1,3,5,5,0,2,5,1,0,0,4,1,3,1,0,1,1,7,5,12,21,4,8,4,2,1,1,3,5,5,0,2,5,1,0,0,4,1,3,1,0,1,1,7,5,12,21,4,8,4,2,1,1,3,5,5,0,2,5,1,0,0,4,1,3,1,0,1,1,7,5,12,21,4,0,0,0,0,0,0,0,1,0,0,0,0,1,1,1,47
640,0,16060.181025000013,4057.858326999999,12020.333263000004,1669,0,0,1,0,1,1,1,0,0,0,0,0,0,0,0,1,0,0,0,0,0,0,0,0,0,1,0,0,0,1,1,1,0,0,37,149,112,0.7516778523489933,3.027027027027027,0.026845637583892617,0,0,0.8993288590604027,0, 1, 0, 0, 0, 1,16,11,5,2,1,3,7,8,2,0,10,0,1,2,14,3,4,2,3,18,7,12,11,23,53,7,16,11,5,2,1,3,7,8,2,0,10,0,1,2,14,3,4,2,3,18,7,12,11,23,53,7,16,11,5,2,1,3,7,8,2,0,10,0,1,2,14,3,4,2,3,18,7,12,11,23,53,7,0,0,0,0,0,0,0,1,0,0,0,0,1,1,1,112
641,1,3923.6463510000003,1119.5270449999998,2822.129871,134,1,1,0,1,0,1,1,0,0,1,0,1,0,0,1,1,0,0,0,0,0,0,0,0,0,1,0,0,0,1,1,1,0,1,9,39,30,0.7692307692307693,3.3333333333333335,0.07692307692307693,5,1.75,0.3333333333333333,1, 0, 1, 0, 0, 0,8,2,0,1,3,0,3,6,0,0,0,0,2,1,0,3,1,0,0,0,1,3,2,5,16,4,8,2,0,1,3,0,3,6,0,0,0,0,2,1,0,3,1,0,0,0,1,3,2,5,16,4,8,2,0,1,3,0,3,6,0,0,0,0,2,1,0,3,1,0,0,0,1,3,2,5,16,4,0,0,0,0,0,0,0,1,0,0,0,0,1,1,1,30
642,0,30326.48288600002,7706.371265,22638.122185999993,2092,0,0,1,1,0,0,0,1,0,0,0,0,0,0,1,1,0,0,0,0,0,0,0,0,0,1,0,0,0,1,1,1,0,0,70,281,211,0.7508896797153025,3.0142857142857142,0.0035587188612099642,0,0,1.0,0, 0, 0, 0, 0, 0,20,10,3,4,1,4,6,23,1,10,33,1,8,11,9,14,15,6,7,25,24,9,11,20,119,29,20,10,3,4,1,4,6,23,1,10,33,1,8,11,9,14,15,6,7,25,24,9,11,20,119,29,20,10,3,4,1,4,6,23,1,10,33,1,8,11,9,14,15,6,7,25,24,9,11,20,119,29,0,0,0,0,0,0,0,1,0,0,0,0,1,1,1,211
643,0,26106.152768000014,6526.617722999999,19597.545609999997,2209,0,0,1,1,0,0,0,1,0,0,0,0,0,0,1,1,0,0,0,0,0,0,0,0,0,1,0,0,0,1,1,1,0,0,60,242,182,0.7520661157024794,3.033333333333333,0.004132231404958678,0,0,1.0,0, 0, 0, 0, 0, 0,16,9,3,4,1,3,5,20,1,8,30,1,6,10,8,12,12,6,5,22,21,8,10,18,102,24,16,9,3,4,1,3,5,20,1,8,30,1,6,10,8,12,12,6,5,22,21,8,10,18,102,24,16,9,3,4,1,3,5,20,1,8,30,1,6,10,8,12,12,6,5,22,21,8,10,18,102,24,0,0,0,0,0,0,0,1,0,0,0,0,1,1,1,182
644,0,6201.097306999997,1471.7704610000005,4747.337410999996,3028,0,0,1,1,0,0,0,1,0,0,0,0,0,0,0,1,0,0,0,0,0,0,0,0,0,1,0,0,0,1,1,1,0,0,15,62,47,0.7580645161290323,3.1333333333333333,0.016129032258064516,1,0,1.0,0, 0, 0, 0, 0, 0,7,3,3,0,1,0,3,7,0,1,1,0,1,0,3,2,3,1,2,9,3,6,3,9,26,5,7,3,3,0,1,0,3,7,0,1,1,0,1,0,3,2,3,1,2,9,3,6,3,9,26,5,7,3,3,0,1,0,3,7,0,1,1,0,1,0,3,2,3,1,2,9,3,6,3,9,26,5,0,0,0,0,0,0,0,1,0,0,0,0,1,1,1,47
645,0,8417.542489000001,1602.7745559999996,6832.7784980000015,3269,0,0,1,0,1,0,1,0,0,0,0,0,0,0,0,1,0,0,0,0,0,0,0,0,0,1,0,0,0,1,1,1,0,0,18,74,56,0.7567567567567568,3.111111111111111,0.02702702702702703,0,0,1.0,0, 0, 0, 0, 0, 0,3,14,3,2,1,2,4,2,1,3,6,3,0,0,1,1,6,0,2,2,2,7,17,24,16,7,3,14,3,2,1,2,4,2,1,3,6,3,0,0,1,1,6,0,2,2,2,7,17,24,16,7,3,14,3,2,1,2,4,2,1,3,6,3,0,0,1,1,6,0,2,2,2,7,17,24,16,7,0,0,0,0,0,0,0,1,0,0,0,0,1,1,1,56
647,0,28788.268832000038,7589.964089000001,21216.315308,4233,0,0,1,1,0,0,0,1,0,0,0,0,0,0,0,1,0,0,0,0,0,0,0,0,0,1,0,0,0,1,1,1,0,0,67,268,201,0.75,3.0,0.0037313432835820895,0,0,1.0,0, 0, 0, 0, 0, 0,40,22,9,2,1,8,8,16,9,5,21,0,2,5,13,10,5,2,2,21,9,17,22,39,105,15,40,22,9,2,1,8,8,16,9,5,21,0,2,5,13,10,5,2,2,21,9,17,22,39,105,15,40,22,9,2,1,8,8,16,9,5,21,0,2,5,13,10,5,2,2,21,9,17,22,39,105,15,0,0,0,0,0,0,0,1,0,0,0,0,1,1,1,201
648,0,7016.45486,1647.7715229999997,5386.693902,5036,0,0,1,1,0,0,0,1,0,0,0,0,0,0,0,1,0,0,0,0,0,0,0,0,0,1,0,0,0,1,1,1,0,0,16,67,51,0.7611940298507462,3.1875,0.014925373134328358,1,0,1.0,0, 0, 0, 0, 0, 0,10,4,5,0,1,2,3,4,2,2,4,0,1,1,1,2,2,1,0,6,2,8,4,12,27,4,10,4,5,0,1,2,3,4,2,2,4,0,1,1,1,2,2,1,0,6,2,8,4,12,27,4,10,4,5,0,1,2,3,4,2,2,4,0,1,1,1,2,2,1,0,6,2,8,4,12,27,4,0,0,0,0,0,0,0,1,0,0,0,0,1,1,1,51
649,0,6520.464298000001,1677.9242629999999,4860.5506,8575,0,0,1,1,0,0,1,0,0,0,0,0,0,0,0,1,0,0,0,0,0,0,0,0,0,1,1,0,0,1,1,1,0,0,13,55,42,0.7636363636363637,3.230769230769231,0.03636363636363636,0,0,0.2727272727272727,0, 0, 0, 1, 0, 0,2,2,0,4,2,2,2,3,2,4,5,4,1,3,1,0,4,0,1,0,4,2,6,8,15,4,2,2,0,4,2,2,2,3,2,4,5,4,1,3,1,0,4,0,1,0,4,2,6,8,15,4,2,2,0,4,2,2,2,3,2,4,5,4,1,3,1,0,4,0,1,0,4,2,6,8,15,4,0,0,0,0,0,0,0,1,1,0,0,0,1,1,1,42
650,0,14272.298132000004,3401.6925490000003,10888.616148,2784,0,0,1,1,0,1,1,0,0,0,0,0,1,0,0,1,0,0,0,0,0,0,0,0,0,1,1,0,0,1,1,1,0,0,29,119,90,0.7563025210084033,3.103448275862069,0.025210084033613446,0,0,1.0,0, 0, 0, 0, 0, 0,5,8,5,4,3,1,11,3,2,7,6,9,2,4,0,0,4,1,6,9,11,16,17,33,32,4,5,8,5,4,3,1,11,3,2,7,6,9,2,4,0,0,4,1,6,9,11,16,17,33,32,4,5,8,5,4,3,1,11,3,2,7,6,9,2,4,0,0,4,1,6,9,11,16,17,33,32,4,0,0,0,0,0,0,0,1,1,0,0,0,1,1,1,90
651,0,4657.459345000001,1192.591043,3482.878867000001,2681,0,0,1,1,0,0,0,1,0,0,0,0,0,0,0,1,0,0,0,0,0,0,0,0,0,1,1,0,0,1,1,1,0,0,9,38,29,0.7631578947368421,3.2222222222222223,0.02631578947368421,0,0,1.0,0, 0, 0, 0, 0, 0,1,3,0,5,1,0,1,0,0,3,3,4,2,1,0,3,0,0,1,1,2,1,7,8,10,3,1,3,0,5,1,0,1,0,0,3,3,4,2,1,0,3,0,0,1,1,2,1,7,8,10,3,1,3,0,5,1,0,1,0,0,3,3,4,2,1,0,3,0,0,1,1,2,1,7,8,10,3,0,0,0,0,0,0,0,1,1,0,0,0,1,1,1,29
652,0,14308.743671999993,3749.9784889999996,10576.775747999998,291,1,0,0,1,0,0,0,1,0,0,0,0,0,0,0,1,0,0,0,0,0,0,0,0,0,1,1,0,0,1,1,1,0,0,33,134,101,0.753731343283582,3.0606060606060606,0.007462686567164179,0,0,1.0,0, 0, 0, 0, 0, 0,10,1,1,4,1,1,2,10,0,7,16,4,3,5,2,10,6,2,3,13,10,3,5,8,59,16,10,1,1,4,1,1,2,10,0,7,16,4,3,5,2,10,6,2,3,13,10,3,5,8,59,16,10,1,1,4,1,1,2,10,0,7,16,4,3,5,2,10,6,2,3,13,10,3,5,8,59,16,0,0,0,0,0,0,0,1,1,0,0,0,1,1,1,101
653,1,4718.1657510000005,1326.744188,3409.432128,79,1,1,0,0,1,1,1,0,0,1,1,0,0,0,0,1,0,0,1,0,0,0,0,0,0,1,1,0,0,1,1,1,0,1,11,45,34,0.7555555555555555,3.090909090909091,0.15555555555555556,4,8.0,0.2222222222222222,0, 0, 3, 0, 0, 3,3,0,0,1,7,3,2,4,0,0,1,4,0,0,1,4,3,0,0,1,0,2,4,6,9,7,3,0,0,1,7,3,2,4,0,0,1,4,0,0,1,4,3,0,0,1,0,2,4,6,9,7,3,0,0,1,7,3,2,4,0,0,1,4,0,0,1,4,3,0,0,1,0,2,4,6,9,7,0,0,0,0,0,0,0,1,1,0,0,0,1,1,1,34
654,1,4545.067055999999,997.3182329999999,3565.759388000001,4020,0,0,1,0,1,1,1,0,0,0,0,1,0,0,0,1,0,0,0,0,0,0,0,0,0,1,1,0,0,1,1,1,0,1,9,38,29,0.7631578947368421,3.2222222222222223,0.07894736842105263,0,0,1.0,1, 0, 0, 0, 0, 1,2,2,1,0,3,0,3,0,0,1,2,5,1,2,0,1,2,0,3,1,5,4,7,11,7,3,2,2,1,0,3,0,3,0,0,1,2,5,1,2,0,1,2,0,3,1,5,4,7,11,7,3,2,2,1,0,3,0,3,0,0,1,2,5,1,2,0,1,2,0,3,1,5,4,7,11,7,3,0,0,0,0,0,0,0,1,1,0,0,0,1,1,1,29
655,0,27522.657258000003,6754.579166000001,20786.08865699999,6144,0,0,1,0,1,1,1,0,1,1,0,1,0,0,0,1,0,0,0,0,0,0,0,0,0,1,1,0,0,1,1,1,0,1,63,252,189,0.75,3.0,0.027777777777777776,1,0,0.17063492063492064,1, 0, 0, 0, 1, 0,15,6,6,3,6,4,16,11,3,14,16,23,5,3,10,11,12,0,7,18,10,22,29,51,79,23,15,6,6,3,6,4,16,11,3,14,16,23,5,3,10,11,12,0,7,18,10,22,29,51,79,23,15,6,6,3,6,4,16,11,3,14,16,23,5,3,10,11,12,0,7,18,10,22,29,51,79,23,0,0,0,0,0,0,0,1,1,0,0,0,1,1,1,189
658,0,16201.511853999993,3917.060831,12302.461588,6699,0,0,1,1,0,0,0,1,0,0,0,0,0,0,0,1,0,0,0,0,0,0,0,0,0,1,1,0,0,1,1,1,0,0,36,146,110,0.7534246575342466,3.0555555555555554,0.00684931506849315,0,0,1.0,0, 0, 0, 0, 0, 0,8,3,6,3,1,6,8,3,3,9,6,10,3,5,3,7,10,0,2,14,7,14,13,27,43,17,8,3,6,3,1,6,8,3,3,9,6,10,3,5,3,7,10,0,2,14,7,14,13,27,43,17,8,3,6,3,1,6,8,3,3,9,6,10,3,5,3,7,10,0,2,14,7,14,13,27,43,17,0,0,0,0,0,0,0,1,1,0,0,0,1,0,1,110
660,0,16075.490221999995,4130.082299,11963.418488,5959,0,0,1,1,0,1,1,0,0,0,1,1,1,0,0,1,0,0,0,0,0,0,0,0,0,1,1,0,0,1,1,1,0,1,33,135,102,0.7555555555555555,3.090909090909091,0.02962962962962963,0,0,0.4888888888888889,1, 1, 0, 0, 0, 0,7,12,2,5,4,4,5,4,3,9,9,9,1,2,2,8,3,1,6,6,9,7,21,28,36,11,7,12,2,5,4,4,5,4,3,9,9,9,1,2,2,8,3,1,6,6,9,7,21,28,36,11,7,12,2,5,4,4,5,4,3,9,9,9,1,2,2,8,3,1,6,6,9,7,21,28,36,11,0,0,0,0,0,0,0,1,1,0,0,0,1,0,1,102
661,0,5485.074247999998,1375.8373599999998,4127.247453,5665,0,0,1,1,0,0,0,1,0,0,0,0,0,0,0,1,0,0,0,0,0,0,0,0,0,1,1,0,0,1,1,1,0,0,12,48,36,0.75,3.0,0.020833333333333332,1,0,1.0,0, 0, 0, 0, 0, 0,3,1,1,2,1,1,1,2,1,7,3,1,0,6,1,1,0,0,1,3,7,2,2,4,18,1,3,1,1,2,1,1,1,2,1,7,3,1,0,6,1,1,0,0,1,3,7,2,2,4,18,1,3,1,1,2,1,1,1,2,1,7,3,1,0,6,1,1,0,0,1,3,7,2,2,4,18,1,0,0,0,0,0,0,0,1,1,0,0,0,1,0,1,36
662,0,25037.62019299999,6189.483784000001,18866.14697399998,3088,0,0,1,1,0,0,0,1,0,0,0,0,0,0,0,1,0,0,0,0,0,0,0,0,0,1,1,0,0,1,1,1,0,0,54,219,165,0.7534246575342466,3.0555555555555554,0.0045662100456621,0,0,1.0,0, 0, 0, 0, 0, 0,5,5,4,12,1,2,2,5,1,23,18,8,5,15,3,19,13,2,8,14,25,6,13,19,70,32,5,5,4,12,1,2,2,5,1,23,18,8,5,15,3,19,13,2,8,14,25,6,13,19,70,32,5,5,4,12,1,2,2,5,1,23,18,8,5,15,3,19,13,2,8,14,25,6,13,19,70,32,0,0,0,0,0,0,0,1,1,0,0,0,1,0,1,165
663,0,33221.41463899998,8019.004404999999,25220.420798999978,2168,0,0,1,0,1,1,1,0,0,0,0,0,0,0,0,1,0,0,0,0,0,0,0,0,0,1,1,0,0,1,1,1,0,0,72,288,216,0.75,3.0,0.010416666666666666,0,0,1.0,0, 0, 0, 0, 0, 0,9,6,15,9,1,5,15,6,5,22,25,24,4,18,6,13,13,1,8,11,27,30,30,60,77,26,9,6,15,9,1,5,15,6,5,22,25,24,4,18,6,13,13,1,8,11,27,30,30,60,77,26,9,6,15,9,1,5,15,6,5,22,25,24,4,18,6,13,13,1,8,11,27,30,30,60,77,26,0,0,0,0,0,0,0,1,1,0,0,0,1,0,1,216
664,1,4155.981137,1112.5284410000002,3061.463261000001,252,1,0,0,0,1,1,1,0,1,0,1,0,0,0,0,1,0,0,0,0,0,0,0,0,0,1,1,0,0,1,1,1,0,1,10,40,30,0.75,3.0,0.1,4,2.0,0.475,0, 1, 0, 0, 2, 0,5,0,0,1,4,0,1,2,0,2,5,0,0,0,0,2,5,1,1,1,2,1,0,1,15,7,5,0,0,1,4,0,1,2,0,2,5,0,0,0,0,2,5,1,1,1,2,1,0,1,15,7,5,0,0,1,4,0,1,2,0,2,5,0,0,0,0,2,5,1,1,1,2,1,0,1,15,7,0,0,0,0,0,0,0,1,1,0,0,0,1,0,1,30
668,1,5376.528858999999,1290.6125639999998,4103.92686,86,1,1,0,0,1,1,1,0,0,1,0,0,0,0,0,1,0,0,0,0,0,0,0,0,0,1,0,0,0,1,1,1,0,1,12,50,38,0.76,3.1666666666666665,0.08,2,4.0,0.48,0, 0, 3, 0, 0, 0,7,0,2,0,4,1,0,2,1,2,3,1,1,3,2,2,1,2,1,3,6,2,1,3,18,3,7,0,2,0,4,1,0,2,1,2,3,1,1,3,2,2,1,2,1,3,6,2,1,3,18,3,7,0,2,0,4,1,0,2,1,2,3,1,1,3,2,2,1,2,1,3,6,2,1,3,18,3,0,0,0,0,0,0,0,1,0,0,0,0,1,1,1,38
674,1,4544.167076000001,1227.7121610000004,3334.4654799999994,122,1,1,0,1,0,1,1,0,0,1,1,0,0,0,0,1,0,0,1,0,0,0,0,0,0,0,0,0,0,0,1,1,0,1,10,41,31,0.7560975609756098,3.1,0.14634146341463414,2,1.0,0.2926829268292683,0, 0, 3, 0, 0, 2,2,1,1,3,6,3,1,1,0,1,1,3,0,0,0,3,3,0,0,2,0,2,4,6,7,6,2,1,1,3,6,3,1,1,0,1,1,3,0,0,0,3,3,0,0,2,0,2,4,6,7,6,2,1,1,3,6,3,1,1,0,1,1,3,0,0,0,3,3,0,0,2,0,2,4,6,7,6,0,0,0,0,0,0,0,0,0,0,0,0,0,1,1,31
675,0,17487.534558,4211.340045,13294.205077999999,1734,0,0,1,0,1,1,1,0,0,0,0,0,0,0,0,1,0,0,0,0,0,0,0,0,0,0,0,0,0,0,1,1,0,0,40,161,121,0.7515527950310559,3.025,0.018633540372670808,1,0,1.0,0, 0, 0, 0, 0, 0,10,2,4,4,2,3,1,8,1,10,19,7,6,4,4,5,11,2,6,12,12,5,9,14,65,16,10,2,4,4,2,3,1,8,1,10,19,7,6,4,4,5,11,2,6,12,12,5,9,14,65,16,10,2,4,4,2,3,1,8,1,10,19,7,6,4,4,5,11,2,6,12,12,5,9,14,65,16,0,0,0,0,0,0,0,0,0,0,0,0,0,1,1,121
676,0,4547.472182999999,1092.6035200000001,3472.8792279999993,7645,0,0,1,0,1,0,1,0,0,0,0,0,0,0,0,1,0,0,0,0,0,0,0,0,0,0,0,0,0,0,1,1,0,0,10,42,32,0.7619047619047619,3.2,0.047619047619047616,1,0,1.0,0, 0, 0, 0, 0, 0,2,1,1,1,1,1,1,2,0,2,4,2,0,2,4,2,2,0,1,3,3,2,3,5,13,4,2,1,1,1,1,1,1,2,0,2,4,2,0,2,4,2,2,0,1,3,3,2,3,5,13,4,2,1,1,1,1,1,1,2,0,2,4,2,0,2,4,2,2,0,1,3,3,2,3,5,13,4,0,0,0,0,0,0,0,0,0,0,0,0,0,1,1,32
679,0,22579.486387000008,5530.729136000002,17066.767816,1,1,1,0,0,1,0,1,0,0,0,0,0,0,0,0,1,0,0,0,0,0,0,0,0,0,0,0,0,0,0,1,1,0,0,51,204,153,0.75,3.0,0.00980392156862745,0,0,1.0,0, 0, 0, 0, 0, 0,6,7,12,3,1,3,13,17,11,7,18,11,2,6,8,5,8,1,3,11,10,25,18,43,61,13,6,7,12,3,1,3,13,17,11,7,18,11,2,6,8,5,8,1,3,11,10,25,18,43,61,13,6,7,12,3,1,3,13,17,11,7,18,11,2,6,8,5,8,1,3,11,10,25,18,43,61,13,0,0,0,0,0,0,0,0,0,0,0,0,0,1,1,153
680,0,16301.525891000008,3960.1353930000014,12359.401062999998,624,0,0,0,1,0,0,1,0,0,0,0,0,0,0,0,1,0,0,0,0,0,0,0,0,0,0,0,0,0,0,1,1,0,0,37,149,112,0.7516778523489933,3.027027027027027,0.013422818791946308,2,1.0,1.0,0, 0, 0, 0, 0, 0,12,9,7,3,2,4,7,9,1,9,11,5,3,4,3,5,8,0,4,6,8,14,14,28,50,13,12,9,7,3,2,4,7,9,1,9,11,5,3,4,3,5,8,0,4,6,8,14,14,28,50,13,12,9,7,3,2,4,7,9,1,9,11,5,3,4,3,5,8,0,4,6,8,14,14,28,50,13,0,0,0,0,0,0,0,0,0,0,0,0,0,1,1,112
682,0,19048.726358999993,4775.347117,14291.389806999992,2600,0,0,1,0,1,1,1,0,0,0,0,0,0,0,0,1,0,0,0,0,0,0,0,0,0,0,0,0,0,0,1,1,0,0,41,166,125,0.7530120481927711,3.048780487804878,0.018072289156626505,0,0,1.0,0, 0, 0, 0, 0, 0,8,4,11,3,2,7,10,2,2,6,18,13,4,3,2,8,11,0,4,7,7,21,17,38,45,19,8,4,11,3,2,7,10,2,2,6,18,13,4,3,2,8,11,0,4,7,7,21,17,38,45,19,8,4,11,3,2,7,10,2,2,6,18,13,4,3,2,8,11,0,4,7,7,21,17,38,45,19,0,0,0,0,0,0,0,0,0,0,0,0,0,1,1,125
683,1,4842.429102000001,1301.7601719999998,3558.6794950000003,57,1,1,0,1,0,1,1,0,0,1,1,0,0,0,0,1,0,0,1,0,0,0,0,0,0,0,0,0,0,0,1,1,0,1,11,45,34,0.7555555555555555,3.090909090909091,0.13333333333333333,4,7.666666666666667,0.2222222222222222,0, 0, 3, 0, 0, 2,4,0,0,3,6,1,2,1,0,0,4,5,0,0,1,3,3,0,0,1,0,2,5,7,10,6,4,0,0,3,6,1,2,1,0,0,4,5,0,0,1,3,3,0,0,1,0,2,5,7,10,6,4,0,0,3,6,1,2,1,0,0,4,5,0,0,1,3,3,0,0,1,0,2,5,7,10,6,0,0,0,0,0,0,0,0,0,0,0,0,0,1,1,34
688,0,5012.605305000001,1338.671416,3691.944454,8165,0,0,1,1,0,0,0,1,0,0,0,0,0,0,0,1,0,0,0,0,0,1,0,0,1,1,1,1,0,1,1,1,0,0,11,44,33,0.75,3.0,0.022727272727272728,0,0,1.0,0, 0, 0, 0, 0, 0,1,0,1,0,1,0,0,4,0,6,3,1,0,7,2,3,1,0,2,1,9,1,1,2,15,4,1,0,1,0,1,0,0,4,0,6,3,1,0,7,2,3,1,0,2,1,9,1,1,2,15,4,1,0,1,0,1,0,0,4,0,6,3,1,0,7,2,3,1,0,2,1,9,1,1,2,15,4,1,0,0,1,0,0,0,1,1,1,0,1,1,1,1,33
689,0,17179.81624900001,4251.279295,12946.547518999994,7612,0,0,1,0,1,0,0,1,0,0,0,0,0,0,0,1,0,0,0,0,0,1,0,0,1,1,1,1,0,1,1,1,0,0,40,162,122,0.7530864197530864,3.05,0.006172839506172839,1,0,1.0,0, 0, 0, 0, 0, 0,10,1,10,11,0,3,3,9,0,6,3,18,5,3,1,15,11,1,1,11,5,13,19,32,44,26,10,1,10,11,0,3,3,9,0,6,3,18,5,3,1,15,11,1,1,11,5,13,19,32,44,26,10,1,10,11,0,3,3,9,0,6,3,18,5,3,1,15,11,1,1,11,5,13,19,32,44,26,1,0,0,1,0,0,0,1,1,1,0,1,1,1,1,122
690,1,6641.986528,1648.8606729999997,5011.136420000001,3769,0,0,1,1,0,1,1,0,0,1,0,1,0,0,0,1,0,0,0,0,0,1,0,0,1,1,1,1,0,1,1,1,0,1,15,62,47,0.7580645161290323,3.1333333333333333,0.08064516129032258,3,2.5,0.6129032258064516,2, 0, 1, 0, 0, 0,3,1,3,6,5,1,1,4,1,1,2,0,0,1,0,5,5,2,1,5,4,4,1,5,15,10,3,1,3,6,5,1,1,4,1,1,2,0,0,1,0,5,5,2,1,5,4,4,1,5,15,10,3,1,3,6,5,1,1,4,1,1,2,0,0,1,0,5,5,2,1,5,4,4,1,5,15,10,1,0,0,1,0,0,0,1,1,1,0,1,1,1,1,47
691,1,6863.913118,1749.9083509999996,5132.015332,1449,0,0,1,1,0,1,1,0,0,1,0,1,0,0,0,1,0,0,0,0,0,1,0,0,1,1,1,1,0,1,1,1,0,1,16,64,48,0.75,3.0,0.09375,5,10.25,0.3125,2, 0, 2, 0, 0, 0,7,2,3,8,6,0,2,3,1,0,1,0,1,0,0,6,1,2,2,3,4,5,2,7,15,7,7,2,3,8,6,0,2,3,1,0,1,0,1,0,0,6,1,2,2,3,4,5,2,7,15,7,7,2,3,8,6,0,2,3,1,0,1,0,1,0,0,6,1,2,2,3,4,5,2,7,15,7,1,0,0,1,0,0,0,1,1,1,0,1,1,1,1,48
692,0,29596.395355999997,7453.7928070000025,22160.61311399999,922,0,0,0,0,1,1,1,0,0,0,0,1,0,0,0,1,0,0,0,0,0,1,0,0,1,1,1,1,0,1,1,1,0,0,62,248,186,0.75,3.0,0.024193548387096774,0,0,1.0,1, 0, 0, 0, 0, 0,7,12,7,18,4,1,13,5,4,20,14,20,4,12,2,11,7,0,13,12,25,20,32,52,62,18,7,12,7,18,4,1,13,5,4,20,14,20,4,12,2,11,7,0,13,12,25,20,32,52,62,18,7,12,7,18,4,1,13,5,4,20,14,20,4,12,2,11,7,0,13,12,25,20,32,52,62,18,1,0,0,1,0,0,0,1,1,1,0,1,1,1,1,186
693,0,21480.067111999986,5345.865707000001,16152.211969999993,3209,0,0,1,1,0,0,0,1,0,0,0,0,0,0,0,1,0,0,0,0,0,1,0,0,1,1,1,1,0,1,1,1,0,0,46,184,138,0.75,3.0,0.005434782608695652,0,0,1.0,0, 0, 0, 0, 0, 0,4,4,4,6,1,2,20,7,3,14,12,16,6,5,3,11,7,0,9,4,14,24,20,44,47,18,4,4,4,6,1,2,20,7,3,14,12,16,6,5,3,11,7,0,9,4,14,24,20,44,47,18,4,4,4,6,1,2,20,7,3,14,12,16,6,5,3,11,7,0,9,4,14,24,20,44,47,18,1,0,0,1,0,0,0,1,1,1,0,1,1,1,1,138
694,0,21137.840406999992,5244.818029000001,15911.032942999993,3218,0,0,1,1,0,0,0,1,0,0,0,0,0,0,0,1,0,0,0,0,0,1,0,0,1,1,1,1,0,1,1,1,0,0,45,181,136,0.7513812154696132,3.022222222222222,0.0055248618784530384,0,0,1.0,0, 0, 0, 0, 0, 0,4,4,4,6,1,2,20,7,3,14,11,15,6,5,3,11,7,0,9,4,14,24,19,43,46,18,4,4,4,6,1,2,20,7,3,14,11,15,6,5,3,11,7,0,9,4,14,24,19,43,46,18,4,4,4,6,1,2,20,7,3,14,11,15,6,5,3,11,7,0,9,4,14,24,19,43,46,18,1,0,0,1,0,0,0,1,1,1,0,1,1,1,1,136
695,0,32862.99756799997,8106.174767999997,24774.83336499999,3763,0,0,1,0,1,1,1,0,0,1,1,0,0,0,0,1,0,0,0,0,0,1,0,0,1,1,1,1,0,1,1,1,0,1,70,283,213,0.7526501766784452,3.0428571428571427,0.028268551236749116,2,221.0,0.12014134275618374,0, 2, 1, 0, 0, 1,8,2,18,23,4,4,6,7,3,18,27,29,5,12,7,15,3,1,14,7,27,24,31,55,72,18,8,2,18,23,4,4,6,7,3,18,27,29,5,12,7,15,3,1,14,7,27,24,31,55,72,18,8,2,18,23,4,4,6,7,3,18,27,29,5,12,7,15,3,1,14,7,27,24,31,55,72,18,1,0,0,1,0,0,0,1,1,1,0,1,1,1,1,213
696,0,22705.431122000005,5846.998861999999,16876.442825000006,4642,0,0,1,1,0,1,1,0,0,0,1,1,0,0,0,1,0,0,0,0,0,1,0,0,1,1,1,1,0,1,1,1,0,1,49,197,148,0.751269035532995,3.020408163265306,0.03553299492385787,3,30.0,0.005076142131979695,0, 1, 0, 2, 0, 2,11,9,10,22,7,5,5,9,0,4,10,4,7,3,2,18,3,3,13,3,19,15,13,28,44,21,11,9,10,22,7,5,5,9,0,4,10,4,7,3,2,18,3,3,13,3,19,15,13,28,44,21,11,9,10,22,7,5,5,9,0,4,10,4,7,3,2,18,3,3,13,3,19,15,13,28,44,21,1,0,0,1,0,0,0,1,1,1,0,1,1,1,1,148
697,0,7284.727424000001,1664.8061179999997,5637.931871000002,10757,0,0,1,0,1,0,0,1,0,0,0,0,0,0,0,1,0,0,0,0,0,1,0,0,1,1,1,1,0,1,1,1,0,0,16,67,51,0.7611940298507462,3.1875,0.014925373134328358,1,0,1.0,0, 0, 0, 0, 0, 0,2,3,5,1,0,1,4,5,2,6,7,1,0,1,1,4,3,0,2,3,3,9,4,13,23,7,2,3,5,1,0,1,4,5,2,6,7,1,0,1,1,4,3,0,2,3,3,9,4,13,23,7,2,3,5,1,0,1,4,5,2,6,7,1,0,1,1,4,3,0,2,3,3,9,4,13,23,7,1,0,0,1,0,0,0,1,1,1,0,1,1,1,1,51
698,1,6908.367915999998,1851.026115,5075.352365999999,64,1,1,0,1,0,1,1,0,0,1,1,0,0,0,0,1,0,0,1,0,0,0,0,0,0,0,0,0,0,0,1,1,0,1,16,65,49,0.7538461538461538,3.0625,0.09230769230769231,3,6.5,0.4461538461538462,0, 0, 3, 0, 0, 2,6,2,1,1,6,3,2,2,1,2,1,2,1,1,1,7,4,0,0,6,1,3,4,7,18,11,6,2,1,1,6,3,2,2,1,2,1,2,1,1,1,7,4,0,0,6,1,3,4,7,18,11,6,2,1,1,6,3,2,2,1,2,1,2,1,1,1,7,4,0,0,6,1,3,4,7,18,11,0,0,0,0,0,0,0,0,0,0,0,0,0,1,1,49
699,0,14427.427033000002,3466.8430399999997,10978.594557999992,724,0,0,0,0,1,1,1,0,0,0,0,0,1,0,0,1,0,0,0,0,0,0,0,0,0,0,0,0,0,0,1,1,0,0,33,135,102,0.7555555555555555,3.090909090909091,0.037037037037037035,3,20.0,1.0,0, 0, 0, 0, 0, 0,9,6,4,4,4,1,2,9,2,7,10,3,4,6,8,9,4,1,2,7,9,6,9,15,46,13,9,6,4,4,4,1,2,9,2,7,10,3,4,6,8,9,4,1,2,7,9,6,9,15,46,13,9,6,4,4,4,1,2,9,2,7,10,3,4,6,8,9,4,1,2,7,9,6,9,15,46,13,0,0,0,0,0,0,0,0,0,0,0,0,0,1,1,102
700,0,16104.422029000012,3985.9086299999994,12136.523964000007,62,1,1,0,0,1,1,1,0,0,0,0,0,0,0,0,1,0,0,0,0,0,0,0,0,0,0,0,0,0,0,1,1,0,0,35,140,105,0.75,3.0,0.02142857142857143,0,0,1.0,0, 0, 0, 0, 0, 0,12,13,2,2,1,10,7,5,3,3,9,11,1,3,5,8,3,1,3,3,7,9,24,33,33,11,12,13,2,2,1,10,7,5,3,3,9,11,1,3,5,8,3,1,3,3,7,9,24,33,33,11,12,13,2,2,1,10,7,5,3,3,9,11,1,3,5,8,3,1,3,3,7,9,24,33,33,11,0,0,0,0,0,0,0,0,0,0,0,0,0,1,1,105
701,1,4635.165022,1173.599831,3479.5757559999997,96,1,1,0,0,1,1,1,0,0,1,1,0,0,0,0,1,0,0,1,0,0,0,0,0,0,0,0,0,0,0,1,1,0,1,11,45,34,0.7555555555555555,3.090909090909091,0.15555555555555556,4,7.666666666666667,0.2222222222222222,0, 0, 3, 0, 0, 2,4,0,0,1,6,3,2,3,0,0,1,6,0,0,0,4,3,0,0,1,0,2,6,8,9,7,4,0,0,1,6,3,2,3,0,0,1,6,0,0,0,4,3,0,0,1,0,2,6,8,9,7,4,0,0,1,6,3,2,3,0,0,1,6,0,0,0,4,3,0,0,1,0,2,6,8,9,7,0,0,0,0,0,0,0,0,0,0,0,0,0,1,1,34
702,0,16397.791277000008,3892.9202109999997,12522.881631,413,1,0,0,0,1,1,1,0,0,0,0,0,0,0,0,1,0,0,0,0,0,0,0,0,0,0,0,0,0,0,1,1,0,0,36,146,110,0.7534246575342466,3.0555555555555554,0.0273972602739726,1,0,1.0,0, 0, 0, 0, 0, 0,8,6,5,11,3,7,3,9,2,9,3,1,1,6,8,7,6,2,10,3,18,8,7,15,33,13,8,6,5,11,3,7,3,9,2,9,3,1,1,6,8,7,6,2,10,3,18,8,7,15,33,13,8,6,5,11,3,7,3,9,2,9,3,1,1,6,8,7,6,2,10,3,18,8,7,15,33,13,0,0,0,0,0,0,0,0,0,0,0,0,0,1,1,110
703,0,13544.673394000001,3305.496885000002,10257.187074000001,875,0,0,0,1,0,0,1,0,0,0,0,0,0,0,0,1,0,0,0,0,0,0,0,0,0,0,0,0,0,0,1,1,0,0,29,118,89,0.7542372881355932,3.0689655172413794,0.01694915254237288,0,0,1.0,0, 0, 0, 0, 0, 0,3,5,2,8,2,7,6,5,0,6,9,3,1,4,2,7,4,0,7,8,11,8,8,16,32,11,3,5,2,8,2,7,6,5,0,6,9,3,1,4,2,7,4,0,7,8,11,8,8,16,32,11,3,5,2,8,2,7,6,5,0,6,9,3,1,4,2,7,4,0,7,8,11,8,8,16,32,11,0,0,0,0,0,0,0,0,0,0,0,0,0,1,1,89
704,0,28003.254135,6396.440026999999,21624.82467300001,1386,0,0,1,0,1,1,1,0,0,0,0,0,0,0,0,1,0,0,0,0,0,0,0,0,0,0,0,0,0,0,1,1,0,0,65,262,197,0.7519083969465649,3.0307692307692307,0.019083969465648856,1,0,1.0,0, 0, 0, 0, 0, 0,18,9,13,9,4,4,12,18,1,18,12,13,10,6,6,11,10,2,8,13,16,25,22,47,89,21,18,9,13,9,4,4,12,18,1,18,12,13,10,6,6,11,10,2,8,13,16,25,22,47,89,21,18,9,13,9,4,4,12,18,1,18,12,13,10,6,6,11,10,2,8,13,16,25,22,47,89,21,0,0,0,0,0,0,0,0,0,0,0,0,0,1,1,197
706,0,7366.662194000001,1956.9397270000002,5427.733031999999,3117,0,0,1,0,1,1,1,0,0,0,1,0,0,0,0,1,0,0,0,0,0,0,0,0,0,0,0,0,0,0,1,1,0,0,17,68,51,0.75,3.0,0.04411764705882353,1,0,0.029411764705882353,0, 1, 0, 0, 0, 0,9,2,4,0,2,2,4,2,0,1,5,4,0,2,2,3,5,0,1,3,3,8,6,14,20,8,9,2,4,0,2,2,4,2,0,1,5,4,0,2,2,3,5,0,1,3,3,8,6,14,20,8,9,2,4,0,2,2,4,2,0,1,5,4,0,2,2,3,5,0,1,3,3,8,6,14,20,8,0,0,0,0,0,0,0,0,0,0,0,0,0,1,1,51
710,0,13622.35546199999,3354.8559890000006,10285.510037999995,271,1,0,0,1,0,0,0,1,0,0,0,0,0,0,0,1,0,0,0,0,0,0,0,0,0,0,0,0,0,0,1,1,0,0,30,123,93,0.7560975609756098,3.1,0.008130081300813009,0,0,1.0,0, 0, 0, 0, 0, 0,6,3,2,5,1,1,1,9,0,15,13,3,7,4,0,9,1,1,6,6,11,3,6,9,56,10,6,3,2,5,1,1,1,9,0,15,13,3,7,4,0,9,1,1,6,6,11,3,6,9,56,10,6,3,2,5,1,1,1,9,0,15,13,3,7,4,0,9,1,1,6,6,11,3,6,9,56,10,0,0,0,0,0,0,0,0,0,0,0,0,0,1,1,93
711,1,4799.277746000001,1312.7285379999998,3504.559773,63,1,1,0,1,0,1,1,0,0,1,1,0,0,0,0,1,0,0,1,0,0,0,0,0,0,0,0,0,0,0,1,1,0,1,11,45,34,0.7555555555555555,3.090909090909091,0.13333333333333333,4,7.666666666666667,0.2222222222222222,0, 0, 3, 0, 0, 2,4,0,0,4,6,1,2,1,0,1,2,4,0,0,1,5,2,0,0,1,0,2,4,6,9,7,4,0,0,4,6,1,2,1,0,1,2,4,0,0,1,5,2,0,0,1,0,2,4,6,9,7,4,0,0,4,6,1,2,1,0,1,2,4,0,0,1,5,2,0,0,1,0,2,4,6,9,7,0,0,0,0,0,0,0,0,0,0,0,0,0,1,1,34
713,0,33190.01045899998,8512.25784,24695.76318399997,2373,0,0,1,0,1,1,1,0,0,0,0,0,0,0,0,1,0,0,0,0,0,0,0,0,0,0,0,0,0,0,1,1,0,0,72,288,216,0.75,3.0,0.020833333333333332,2,53.0,1.0,0, 0, 0, 0, 0, 1,11,7,10,23,6,3,18,9,3,22,26,19,4,5,4,13,8,1,12,12,18,28,26,54,84,21,11,7,10,23,6,3,18,9,3,22,26,19,4,5,4,13,8,1,12,12,18,28,26,54,84,21,11,7,10,23,6,3,18,9,3,22,26,19,4,5,4,13,8,1,12,12,18,28,26,54,84,21,0,0,0,0,0,0,0,0,0,0,0,0,0,1,1,216
715,0,18150.591824,4413.452979,13755.14941,640,0,0,0,1,0,0,0,1,0,0,0,0,0,0,0,1,0,0,0,0,0,0,0,0,0,0,0,0,0,0,1,1,0,0,40,162,122,0.7530864197530864,3.05,0.006172839506172839,0,0,1.0,0, 0, 0, 0, 0, 0,4,4,10,7,1,1,11,10,0,13,13,12,2,8,2,8,6,0,4,6,12,21,16,37,48,14,4,4,10,7,1,1,11,10,0,13,13,12,2,8,2,8,6,0,4,6,12,21,16,37,48,14,4,4,10,7,1,1,11,10,0,13,13,12,2,8,2,8,6,0,4,6,12,21,16,37,48,14,0,0,0,0,0,0,0,0,0,0,0,0,0,1,1,122
716,0,22011.224746000004,5409.722000000002,16619.51331099998,17,1,1,0,0,1,1,1,0,0,0,0,0,0,0,0,1,0,0,0,0,0,0,0,0,0,0,0,0,0,0,1,1,0,0,50,201,151,0.7512437810945274,3.02,0.014925373134328358,0,0,1.0,0, 0, 0, 0, 0, 0,3,2,11,5,2,3,11,19,6,14,13,14,3,9,5,6,11,0,4,10,13,22,16,38,62,17,3,2,11,5,2,3,11,19,6,14,13,14,3,9,5,6,11,0,4,10,13,22,16,38,62,17,3,2,11,5,2,3,11,19,6,14,13,14,3,9,5,6,11,0,4,10,13,22,16,38,62,17,0,0,0,0,0,0,0,0,0,0,0,0,0,1,1,151
718,0,5217.729169,1283.694596,3952.045138,6015,0,0,1,1,0,0,1,0,1,0,0,0,0,0,0,1,0,0,0,0,0,0,0,0,0,0,0,0,0,0,1,1,0,0,11,46,35,0.7608695652173914,3.1818181818181817,0.043478260869565216,0,0,0.10869565217391304,0, 0, 0, 0, 1, 0,1,2,1,5,2,1,1,3,0,5,2,2,0,0,0,2,1,1,2,4,3,2,4,6,15,3,1,2,1,5,2,1,1,3,0,5,2,2,0,0,0,2,1,1,2,4,3,2,4,6,15,3,1,2,1,5,2,1,1,3,0,5,2,2,0,0,0,2,1,1,2,4,3,2,4,6,15,3,0,0,0,0,0,0,0,0,0,0,0,0,0,1,1,35
719,0,22763.948807000004,5811.050034000001,16970.909337999987,5354,0,0,1,0,1,1,1,0,0,0,0,0,0,0,0,1,0,0,0,0,0,0,0,0,0,0,0,0,0,0,1,1,0,0,50,200,150,0.75,3.0,0.015,0,0,0.875,0, 1, 0, 0, 0, 0,12,5,12,6,1,4,14,11,1,13,7,25,2,5,1,7,6,0,8,10,13,26,30,56,55,13,12,5,12,6,1,4,14,11,1,13,7,25,2,5,1,7,6,0,8,10,13,26,30,56,55,13,12,5,12,6,1,4,14,11,1,13,7,25,2,5,1,7,6,0,8,10,13,26,30,56,55,13,0,0,0,0,0,0,0,0,0,0,0,0,0,1,1,150
724,1,4814.277412,1285.6812529999997,3546.606724,88,1,1,0,1,0,1,1,0,0,1,1,0,0,0,0,1,0,0,1,0,0,0,0,0,0,0,0,0,0,0,1,1,0,1,11,45,34,0.7555555555555555,3.090909090909091,0.13333333333333333,4,7.666666666666667,0.2222222222222222,0, 0, 3, 0, 0, 2,4,0,1,3,6,1,2,1,0,1,2,5,0,0,1,4,2,0,0,1,0,3,5,8,9,6,4,0,1,3,6,1,2,1,0,1,2,5,0,0,1,4,2,0,0,1,0,3,5,8,9,6,4,0,1,3,6,1,2,1,0,1,2,5,0,0,1,4,2,0,0,1,0,3,5,8,9,6,0,0,0,0,0,0,0,0,0,0,0,0,0,1,1,34
725,0,32457.717220999984,8220.34374,24255.38404599998,1420,0,0,1,1,0,1,1,0,0,0,0,0,0,0,0,1,0,0,0,0,0,0,0,0,0,0,0,0,0,0,1,1,0,1,73,293,220,0.7508532423208191,3.0136986301369864,0.010238907849829351,1,0,0.06825938566552901,0, 0, 0, 2, 0, 0,18,10,9,9,3,3,7,7,4,33,15,17,5,6,4,20,16,1,7,26,14,16,27,43,104,36,18,10,9,9,3,3,7,7,4,33,15,17,5,6,4,20,16,1,7,26,14,16,27,43,104,36,18,10,9,9,3,3,7,7,4,33,15,17,5,6,4,20,16,1,7,26,14,16,27,43,104,36,0,0,0,0,0,0,0,0,0,0,0,0,0,1,1,220
726,0,31901.430607999995,7970.204822000003,23949.236350999985,2463,0,0,1,0,1,1,1,0,0,0,0,0,0,0,0,1,0,0,0,0,0,0,0,0,0,0,0,0,0,0,1,1,0,0,70,282,212,0.75177304964539,3.0285714285714285,0.031914893617021274,2,2.0,1.0,0, 0, 0, 0, 0, 0,11,7,13,17,8,7,11,12,2,29,16,18,7,5,3,13,9,0,12,12,17,24,25,49,87,22,11,7,13,17,8,7,11,12,2,29,16,18,7,5,3,13,9,0,12,12,17,24,25,49,87,22,11,7,13,17,8,7,11,12,2,29,16,18,7,5,3,13,9,0,12,12,17,24,25,49,87,22,0,0,0,0,0,0,0,0,0,0,0,0,0,1,1,212
728,0,16740.761121000007,4048.294296000002,12710.477389999998,637,0,0,0,1,0,0,1,0,0,0,0,0,0,0,0,1,0,0,0,0,0,0,0,0,0,0,0,0,0,0,1,1,0,0,37,149,112,0.7516778523489933,3.027027027027027,0.013422818791946308,0,0,1.0,0, 0, 0, 0, 0, 0,4,6,10,5,2,2,10,9,0,7,10,13,4,6,2,7,5,0,3,7,9,20,19,39,41,12,4,6,10,5,2,2,10,9,0,7,10,13,4,6,2,7,5,0,3,7,9,20,19,39,41,12,4,6,10,5,2,2,10,9,0,7,10,13,4,6,2,7,5,0,3,7,9,20,19,39,41,12,0,0,0,0,0,0,0,0,0,0,0,0,0,1,1,112
729,0,22146.20396400001,5394.806340000002,16769.40818899999,4,1,1,0,0,1,1,1,0,0,0,0,0,0,0,0,1,0,0,0,0,0,0,0,0,0,0,0,0,0,0,1,1,0,0,50,200,150,0.75,3.0,0.015,1,0,1.0,0, 0, 0, 0, 0, 0,7,4,9,7,0,5,11,16,5,12,13,9,6,9,6,6,10,0,7,8,16,20,13,33,62,16,7,4,9,7,0,5,11,16,5,12,13,9,6,9,6,6,10,0,7,8,16,20,13,33,62,16,7,4,9,7,0,5,11,16,5,12,13,9,6,9,6,6,10,0,7,8,16,20,13,33,62,16,0,0,0,0,0,0,0,0,0,0,0,0,0,1,1,150
731,0,7760.018527,1864.028074,5914.001018000003,8668,0,0,1,1,0,1,1,0,0,0,1,0,0,0,0,1,0,0,0,0,0,1,0,0,1,1,1,1,0,1,1,1,0,0,16,66,50,0.7575757575757576,3.125,0.045454545454545456,1,0,0.5909090909090909,0, 1, 0, 0, 0, 0,2,2,3,3,3,0,3,2,0,1,9,6,1,3,1,3,1,0,5,2,8,6,8,14,17,4,2,2,3,3,3,0,3,2,0,1,9,6,1,3,1,3,1,0,5,2,8,6,8,14,17,4,2,2,3,3,3,0,3,2,0,1,9,6,1,3,1,3,1,0,5,2,8,6,8,14,17,4,1,0,0,1,0,0,0,1,1,1,0,1,1,1,1,50
732,0,21193.884384999983,5245.765659000001,15966.129290999992,8126,0,0,1,1,0,0,0,1,0,0,0,0,0,0,0,1,0,0,0,0,0,1,0,0,1,1,1,1,0,1,1,1,0,0,45,180,135,0.75,3.0,0.005555555555555556,0,0,1.0,0, 0, 0, 0, 0, 0,3,4,9,7,1,2,18,5,2,14,11,18,5,6,3,10,4,0,8,5,14,27,22,49,43,14,3,4,9,7,1,2,18,5,2,14,11,18,5,6,3,10,4,0,8,5,14,27,22,49,43,14,3,4,9,7,1,2,18,5,2,14,11,18,5,6,3,10,4,0,8,5,14,27,22,49,43,14,1,0,0,1,0,0,0,1,1,1,0,1,1,1,1,135
733,0,23088.302532000005,5832.354689999999,17273.95840699999,6264,0,0,1,0,1,1,1,0,0,0,0,0,0,0,0,1,0,0,0,0,0,1,0,0,1,1,1,1,0,1,1,1,0,0,49,196,147,0.75,3.0,0.015306122448979591,0,0,1.0,0, 0, 0, 0, 0, 1,3,4,6,8,2,2,8,7,3,16,17,8,8,17,7,8,6,4,3,10,24,14,12,26,61,14,3,4,6,8,2,2,8,7,3,16,17,8,8,17,7,8,6,4,3,10,24,14,12,26,61,14,3,4,6,8,2,2,8,7,3,16,17,8,8,17,7,8,6,4,3,10,24,14,12,26,61,14,1,0,0,1,0,0,0,1,1,1,0,1,1,1,1,147
734,1,7711.399315999999,1813.9607819999994,5915.449098999999,2518,0,0,1,0,1,1,1,0,0,1,0,1,0,0,0,1,0,0,0,0,0,1,0,0,1,1,1,1,0,1,1,1,0,1,16,67,51,0.7611940298507462,3.1875,0.07462686567164178,0,0,0.6417910447761194,2, 0, 1, 0, 0, 0,3,2,3,4,5,1,6,2,1,1,1,2,0,1,0,7,2,1,6,3,8,9,4,13,10,9,3,2,3,4,5,1,6,2,1,1,1,2,0,1,0,7,2,1,6,3,8,9,4,13,10,9,3,2,3,4,5,1,6,2,1,1,1,2,0,1,0,7,2,1,6,3,8,9,4,13,10,9,1,0,0,1,0,0,0,1,1,1,0,1,1,1,1,51
735,1,7410.224994999997,1813.9607819999994,5614.274778,1438,0,0,1,0,1,1,1,0,0,1,0,1,0,0,0,1,0,0,0,0,0,1,0,0,1,1,1,1,0,1,1,1,0,1,16,67,51,0.7611940298507462,3.1875,0.07462686567164178,1,0,0.6417910447761194,2, 0, 1, 0, 0, 0,5,2,5,3,5,0,3,5,3,2,0,2,1,1,0,5,3,0,5,1,6,8,4,12,14,8,5,2,5,3,5,0,3,5,3,2,0,2,1,1,0,5,3,0,5,1,6,8,4,12,14,8,5,2,5,3,5,0,3,5,3,2,0,2,1,1,0,5,3,0,5,1,6,8,4,12,14,8,1,0,0,1,0,0,0,1,1,1,0,1,1,1,1,51
736,0,17676.08347899999,4078.1952310000006,13615.898812999993,5302,0,0,1,0,1,1,1,0,0,0,0,0,0,0,0,1,0,0,0,0,0,1,0,0,1,1,1,1,0,1,1,1,0,0,39,159,120,0.7547169811320755,3.076923076923077,0.031446540880503145,1,0,0.8490566037735849,0, 0, 0, 0, 1, 0,2,5,10,11,3,5,6,9,2,12,6,16,2,2,1,11,7,2,3,5,7,16,21,37,36,18,2,5,10,11,3,5,6,9,2,12,6,16,2,2,1,11,7,2,3,5,7,16,21,37,36,18,2,5,10,11,3,5,6,9,2,12,6,16,2,2,1,11,7,2,3,5,7,16,21,37,36,18,1,0,0,1,0,0,0,1,1,1,0,1,1,1,1,120
737,0,32947.85161399998,8169.309864,24796.552314999994,7502,0,0,1,0,1,1,1,0,0,0,0,0,0,0,0,1,0,0,0,0,0,1,0,0,1,1,1,1,0,1,1,1,0,0,72,289,217,0.7508650519031141,3.013888888888889,0.010380622837370242,2,1.0,1.0,0, 0, 0, 0, 0, 0,13,5,4,14,2,6,6,9,1,31,25,12,5,19,8,14,8,3,12,20,34,10,17,27,103,22,13,5,4,14,2,6,6,9,1,31,25,12,5,19,8,14,8,3,12,20,34,10,17,27,103,22,13,5,4,14,2,6,6,9,1,31,25,12,5,19,8,14,8,3,12,20,34,10,17,27,103,22,1,0,0,1,0,0,0,1,1,1,0,1,1,1,1,217
738,0,31378.84625199999,8068.283316,23328.57350099998,8375,0,0,1,1,0,1,1,0,0,0,0,0,0,0,0,1,0,0,0,0,0,1,0,0,1,1,1,1,0,1,1,1,0,0,68,275,207,0.7527272727272727,3.0441176470588234,0.01090909090909091,1,0,1.0,0, 0, 0, 0, 0, 0,10,0,8,6,3,12,7,12,1,33,25,15,10,18,10,13,7,2,5,10,25,15,15,30,100,20,10,0,8,6,3,12,7,12,1,33,25,15,10,18,10,13,7,2,5,10,25,15,15,30,100,20,10,0,8,6,3,12,7,12,1,33,25,15,10,18,10,13,7,2,5,10,25,15,15,30,100,20,1,0,0,1,0,0,0,1,1,1,0,1,1,1,1,207
739,0,6913.680127999999,1714.0538949999998,5217.636798,9214,0,0,1,1,0,0,1,0,0,0,0,0,0,0,0,1,0,0,0,0,0,1,0,0,1,1,1,1,0,1,1,1,0,0,15,62,47,0.7580645161290323,3.1333333333333333,0.03225806451612903,0,0,1.0,0, 0, 0, 0, 0, 0,1,0,0,2,2,1,4,4,0,6,2,3,1,3,2,2,7,0,3,4,6,4,3,7,18,9,1,0,0,2,2,1,4,4,0,6,2,3,1,3,2,2,7,0,3,4,6,4,3,7,18,9,1,0,0,2,2,1,4,4,0,6,2,3,1,3,2,2,7,0,3,4,6,4,3,7,18,9,1,0,0,1,0,0,0,1,1,1,0,1,1,1,1,47
741,0,14636.602901999991,3441.7847300000003,11212.828737,4762,0,0,1,0,1,1,1,0,0,0,0,0,0,0,0,1,0,0,0,0,0,0,0,0,0,1,0,0,0,1,1,1,0,0,34,138,104,0.7536231884057971,3.0588235294117645,0.021739130434782608,1,0,1.0,0, 0, 0, 0, 0, 0,6,3,7,3,2,2,6,12,2,7,15,7,1,3,3,8,5,0,5,7,8,13,10,23,48,13,6,3,7,3,2,2,6,12,2,7,15,7,1,3,3,8,5,0,5,7,8,13,10,23,48,13,6,3,7,3,2,2,6,12,2,7,15,7,1,3,3,8,5,0,5,7,8,13,10,23,48,13,0,0,0,0,1,0,0,1,0,0,0,0,1,1,1,104
742,0,32506.66305099997,8329.180868999996,24195.492747000004,3021,0,0,1,0,1,1,1,0,0,0,0,0,0,0,0,1,0,0,0,0,0,0,0,0,0,1,0,0,0,1,1,1,0,0,69,278,209,0.7517985611510791,3.028985507246377,0.01079136690647482,1,0,1.0,0, 0, 0, 0, 0, 0,8,8,10,5,2,13,22,10,6,11,26,19,3,10,7,14,14,1,9,11,20,32,27,59,69,28,8,8,10,5,2,13,22,10,6,11,26,19,3,10,7,14,14,1,9,11,20,32,27,59,69,28,8,8,10,5,2,13,22,10,6,11,26,19,3,10,7,14,14,1,9,11,20,32,27,59,69,28,0,0,0,0,1,0,0,1,0,0,0,0,1,1,1,209
743,0,17868.28831499999,4397.4066060000005,13488.892273999998,2412,0,0,1,1,0,0,0,1,0,0,0,0,0,0,0,1,0,0,0,0,0,0,0,0,0,1,0,0,0,1,1,1,0,0,38,155,117,0.7548387096774194,3.0789473684210527,0.0064516129032258064,1,0,1.0,0, 0, 0, 0, 0, 0,6,10,7,3,1,5,12,9,4,6,12,5,1,3,2,7,7,4,3,10,10,19,15,34,44,14,6,10,7,3,1,5,12,9,4,6,12,5,1,3,2,7,7,4,3,10,10,19,15,34,44,14,6,10,7,3,1,5,12,9,4,6,12,5,1,3,2,7,7,4,3,10,10,19,15,34,44,14,0,0,0,0,1,0,0,1,0,0,0,0,1,1,1,117
745,1,5910.983622000002,1615.741287,4313.2528999999995,64,1,1,0,1,0,1,1,0,0,0,1,0,0,0,0,1,0,1,0,0,0,0,0,0,0,1,0,0,0,1,1,1,0,0,13,55,42,0.7636363636363637,3.230769230769231,0.05454545454545454,2,4.0,0.41818181818181815,0, 1, 0, 0, 0, 0,6,1,0,1,3,1,0,4,0,4,2,5,3,0,4,4,1,1,0,2,1,0,6,6,21,5,6,1,0,1,3,1,0,4,0,4,2,5,3,0,4,4,1,1,0,2,1,0,6,6,21,5,6,1,0,1,3,1,0,4,0,4,2,5,3,0,4,4,1,1,0,2,1,0,6,6,21,5,0,0,0,0,1,0,0,1,0,0,0,0,1,1,1,42
746,0,18525.746298999995,4563.578571999999,13980.178292000006,3768,0,0,1,1,0,0,1,0,0,0,0,0,0,0,1,1,0,0,0,0,0,0,0,0,0,1,0,0,0,1,1,1,0,0,42,170,128,0.7529411764705882,3.0476190476190474,0.011764705882352941,0,0,1.0,0, 0, 0, 0, 0, 0,19,4,2,3,2,2,19,8,1,11,13,11,4,3,7,11,1,3,2,2,8,21,15,36,57,12,19,4,2,3,2,2,19,8,1,11,13,11,4,3,7,11,1,3,2,2,8,21,15,36,57,12,19,4,2,3,2,2,19,8,1,11,13,11,4,3,7,11,1,3,2,2,8,21,15,36,57,12,0,0,0,0,1,0,0,1,0,0,0,0,1,1,1,128
747,0,15974.127337000005,3878.1015769999995,12114.036324999994,4293,0,0,1,0,1,1,1,0,0,0,1,0,0,0,0,1,0,0,0,0,0,0,0,0,0,1,0,0,0,1,1,1,0,0,34,139,105,0.7553956834532374,3.088235294117647,0.02877697841726619,1,0,0.6834532374100719,0, 1, 0, 0, 0, 0,3,1,2,7,4,6,8,4,4,6,10,7,2,8,3,11,2,2,4,11,14,10,8,18,36,13,3,1,2,7,4,6,8,4,4,6,10,7,2,8,3,11,2,2,4,11,14,10,8,18,36,13,3,1,2,7,4,6,8,4,4,6,10,7,2,8,3,11,2,2,4,11,14,10,8,18,36,13,0,0,0,0,1,0,0,1,0,0,0,0,1,1,1,105
749,0,9393.57584,2307.1106330000002,7104.475772,5802,0,0,1,1,0,0,0,1,0,0,0,0,0,0,0,1,0,0,0,0,0,0,0,0,0,1,0,0,0,1,1,1,0,0,19,77,58,0.7532467532467533,3.0526315789473686,0.012987012987012988,0,0,1.0,0, 0, 0, 0, 0, 0,0,2,7,0,1,1,2,1,4,5,4,5,2,5,1,6,2,1,5,4,11,9,7,16,16,8,0,2,7,0,1,1,2,1,4,5,4,5,2,5,1,6,2,1,5,4,11,9,7,16,16,8,0,2,7,0,1,1,2,1,4,5,4,5,2,5,1,6,2,1,5,4,11,9,7,16,16,8,0,0,0,0,1,0,0,1,0,0,0,0,1,1,1,58
751,0,3564.8585080000016,868.3748999999999,2714.494173,2786,0,0,1,1,0,0,0,1,0,0,0,0,0,0,0,1,0,0,0,0,0,0,0,0,0,1,0,0,0,1,1,1,0,0,7,31,24,0.7741935483870968,3.4285714285714284,0.03225806451612903,0,0,1.0,0, 0, 0, 0, 0, 0,1,1,0,3,1,0,1,1,1,3,5,1,0,2,0,2,1,0,0,1,2,1,2,3,11,3,1,1,0,3,1,0,1,1,1,3,5,1,0,2,0,2,1,0,0,1,2,1,2,3,11,3,1,1,0,3,1,0,1,1,1,3,5,1,0,2,0,2,1,0,0,1,2,1,2,3,11,3,0,0,0,0,0,0,0,1,0,0,0,0,1,1,1,24
752,0,27476.060917999996,6903.692082000001,20590.379400999995,2030,0,0,1,0,1,1,1,0,0,0,0,0,0,0,0,1,0,0,0,0,0,0,0,0,0,1,0,0,0,1,1,1,0,0,57,231,174,0.7532467532467533,3.0526315789473686,0.012987012987012988,0,0,1.0,0, 0, 0, 0, 0, 0,8,2,5,15,2,1,3,1,1,28,22,17,6,14,1,11,3,0,17,17,31,8,19,27,82,14,8,2,5,15,2,1,3,1,1,28,22,17,6,14,1,11,3,0,17,17,31,8,19,27,82,14,8,2,5,15,2,1,3,1,1,28,22,17,6,14,1,11,3,0,17,17,31,8,19,27,82,14,0,0,0,0,0,0,0,1,0,0,0,0,1,1,1,174
753,0,5729.129392999999,1361.7523089999997,4385.387649,26,1,1,0,1,0,0,0,1,0,0,0,0,0,0,0,1,0,0,0,0,0,0,0,0,0,1,0,0,0,1,1,1,0,0,12,50,38,0.76,3.1666666666666665,0.02,0,0,1.0,0, 0, 0, 0, 0, 0,3,1,0,2,1,0,1,3,0,3,6,3,1,4,0,2,0,1,3,4,8,1,4,5,20,2,3,1,0,2,1,0,1,3,0,3,6,3,1,4,0,2,0,1,3,4,8,1,4,5,20,2,3,1,0,2,1,0,1,3,0,3,6,3,1,4,0,2,0,1,3,4,8,1,4,5,20,2,0,0,0,0,0,0,0,1,0,0,0,0,1,1,1,38
754,1,6099.951421999998,1666.7728459999998,4451.189141000001,101,1,1,0,1,0,1,1,0,1,0,1,0,0,0,0,1,1,0,0,0,0,0,0,0,0,1,0,0,0,1,1,1,0,1,14,58,44,0.7586206896551724,3.142857142857143,0.05172413793103448,3,3.5,0.39655172413793105,0, 1, 0, 0, 1, 0,9,0,3,2,3,0,3,4,0,4,4,1,0,4,3,1,0,0,0,3,4,6,1,7,24,1,9,0,3,2,3,0,3,4,0,4,4,1,0,4,3,1,0,0,0,3,4,6,1,7,24,1,9,0,3,2,3,0,3,4,0,4,4,1,0,4,3,1,0,0,0,3,4,6,1,7,24,1,0,0,0,0,0,0,0,1,0,0,0,0,1,1,1,44
757,0,27081.080167000004,6413.5539260000005,20685.53680599998,181,1,0,0,1,0,0,0,1,0,0,0,0,0,0,0,1,0,0,0,0,0,0,0,0,0,1,0,0,0,1,1,1,0,0,58,234,176,0.7521367521367521,3.0344827586206895,0.004273504273504274,0,0,1.0,0, 0, 0, 0, 0, 0,4,6,12,9,1,3,13,9,1,19,16,16,5,16,4,17,5,1,12,7,29,25,22,47,60,22,4,6,12,9,1,3,13,9,1,19,16,16,5,16,4,17,5,1,12,7,29,25,22,47,60,22,4,6,12,9,1,3,13,9,1,19,16,16,5,16,4,17,5,1,12,7,29,25,22,47,60,22,0,0,0,0,0,0,0,1,0,0,0,0,1,1,1,176
758,0,5729.129392999999,1361.7523089999997,4385.387649,26,1,1,0,1,0,0,0,1,0,0,0,0,0,0,0,1,0,0,0,0,0,0,0,0,0,1,0,0,0,1,1,1,0,0,12,50,38,0.76,3.1666666666666665,0.02,0,0,1.0,0, 0, 0, 0, 0, 0,3,1,0,2,1,0,1,3,0,3,6,3,1,4,0,2,0,1,3,4,8,1,4,5,20,2,3,1,0,2,1,0,1,3,0,3,6,3,1,4,0,2,0,1,3,4,8,1,4,5,20,2,3,1,0,2,1,0,1,3,0,3,6,3,1,4,0,2,0,1,3,4,8,1,4,5,20,2,0,0,0,0,0,0,0,1,0,0,0,0,1,1,1,38
759,1,6099.951421999998,1666.7728459999998,4451.189141000001,101,1,1,0,1,0,1,1,0,1,0,1,0,0,0,0,1,1,0,0,0,0,0,0,0,0,1,0,0,0,1,1,1,0,1,14,58,44,0.7586206896551724,3.142857142857143,0.05172413793103448,3,3.5,0.39655172413793105,0, 1, 0, 0, 1, 0,9,0,3,2,3,0,3,4,0,4,4,1,0,4,3,1,0,0,0,3,4,6,1,7,24,1,9,0,3,2,3,0,3,4,0,4,4,1,0,4,3,1,0,0,0,3,4,6,1,7,24,1,9,0,3,2,3,0,3,4,0,4,4,1,0,4,3,1,0,0,0,3,4,6,1,7,24,1,0,0,0,0,0,0,0,1,0,0,0,0,1,1,1,44
760,0,13679.202138999997,3556.0035350000007,10141.209169000002,643,0,0,0,0,1,0,1,0,0,0,0,0,0,0,0,1,0,0,0,0,0,0,0,0,0,1,0,0,0,1,1,1,0,0,29,116,87,0.75,3.0,0.017241379310344827,0,0,1.0,0, 0, 0, 0, 0, 0,2,6,5,7,2,4,7,5,3,8,9,7,2,3,1,6,3,1,2,4,6,12,13,25,30,9,2,6,5,7,2,4,7,5,3,8,9,7,2,3,1,6,3,1,2,4,6,12,13,25,30,9,2,6,5,7,2,4,7,5,3,8,9,7,2,3,1,6,3,1,2,4,6,12,13,25,30,9,0,0,0,0,0,0,0,1,0,0,0,0,1,1,1,87
761,0,31278.806223,8113.846841,23182.969946999976,2398,0,0,1,1,0,0,0,1,0,0,0,0,0,0,0,1,0,0,0,0,0,0,0,0,0,1,0,0,0,1,1,1,0,0,68,272,204,0.75,3.0,0.003676470588235294,0,0,1.0,0, 0, 0, 0, 0, 0,10,6,17,11,1,11,24,14,2,13,12,34,2,6,4,14,4,1,5,13,12,41,40,81,64,18,10,6,17,11,1,11,24,14,2,13,12,34,2,6,4,14,4,1,5,13,12,41,40,81,64,18,10,6,17,11,1,11,24,14,2,13,12,34,2,6,4,14,4,1,5,13,12,41,40,81,64,18,0,0,0,0,0,0,0,1,0,0,0,0,1,1,1,204
762,0,9259.922384000003,2270.38719,7007.545759000002,15059,0,0,1,1,0,0,0,1,0,0,0,0,0,0,0,1,0,0,0,0,0,0,0,0,0,1,0,0,0,1,1,1,0,0,19,78,59,0.7564102564102564,3.1052631578947367,0.01282051282051282,0,0,1.0,0, 0, 0, 0, 0, 0,4,3,3,4,1,1,14,0,0,6,5,7,2,1,1,1,3,0,1,2,2,17,10,27,19,4,4,3,3,4,1,1,14,0,0,6,5,7,2,1,1,1,3,0,1,2,2,17,10,27,19,4,4,3,3,4,1,1,14,0,0,6,5,7,2,1,1,1,3,0,1,2,2,17,10,27,19,4,0,0,0,0,0,0,0,1,0,0,0,0,1,1,1,59
764,0,14201.213398999993,3660.713833,10558.510130999995,5890,0,0,1,1,0,0,0,1,0,0,0,0,0,0,0,1,0,0,0,0,0,0,0,0,0,1,0,0,0,1,1,1,0,0,30,121,91,0.7520661157024794,3.033333333333333,0.008264462809917356,0,0,1.0,0, 0, 0, 0, 0, 0,1,7,5,3,1,2,10,4,1,9,9,6,1,4,1,13,2,2,2,8,8,15,13,28,32,15,1,7,5,3,1,2,10,4,1,9,9,6,1,4,1,13,2,2,2,8,8,15,13,28,32,15,1,7,5,3,1,2,10,4,1,9,9,6,1,4,1,13,2,2,2,8,8,15,13,28,32,15,0,0,0,0,0,0,0,1,0,0,0,0,1,1,1,91
765,0,11704.687256000001,3059.4222489999997,8663.275572,5610,0,0,1,1,0,0,0,1,0,0,0,0,0,0,0,1,0,0,0,0,0,0,0,0,0,1,0,0,0,1,1,1,0,0,24,96,72,0.75,3.0,0.010416666666666666,0,0,1.0,0, 0, 0, 0, 0, 0,2,4,7,3,1,3,1,2,3,5,6,7,3,6,1,8,3,0,6,1,12,8,11,19,19,11,2,4,7,3,1,3,1,2,3,5,6,7,3,6,1,8,3,0,6,1,12,8,11,19,19,11,2,4,7,3,1,3,1,2,3,5,6,7,3,6,1,8,3,0,6,1,12,8,11,19,19,11,0,0,0,0,0,0,0,1,0,0,0,0,1,1,1,72
766,0,14534.47731100001,3677.928002000001,10874.559874,4956,0,0,1,1,0,0,0,1,0,0,0,0,0,0,0,1,0,0,0,0,0,0,0,0,0,1,0,0,0,1,1,1,0,0,29,119,90,0.7563025210084033,3.103448275862069,0.008403361344537815,0,0,1.0,0, 0, 0, 0, 0, 0,2,6,3,4,1,10,10,1,2,4,9,5,1,6,1,8,2,2,3,10,11,13,11,24,27,10,2,6,3,4,1,10,10,1,2,4,9,5,1,6,1,8,2,2,3,10,11,13,11,24,27,10,2,6,3,4,1,10,10,1,2,4,9,5,1,6,1,8,2,2,3,10,11,13,11,24,27,10,0,0,0,0,0,0,0,1,0,0,0,0,1,1,1,90
768,0,32958.13386899998,7962.403083000001,25013.74135099998,1840,0,0,1,0,1,1,1,0,0,0,0,0,0,0,0,1,0,0,0,0,0,0,0,0,0,1,0,0,0,1,1,1,0,0,70,282,212,0.75177304964539,3.0285714285714285,0.02127659574468085,1,0,1.0,0, 0, 0, 0, 0, 1,5,3,4,22,5,10,17,7,3,17,27,19,3,12,3,14,13,1,18,9,31,21,22,43,68,27,5,3,4,22,5,10,17,7,3,17,27,19,3,12,3,14,13,1,18,9,31,21,22,43,68,27,5,3,4,22,5,10,17,7,3,17,27,19,3,12,3,14,13,1,18,9,31,21,22,43,68,27,0,0,0,0,0,0,0,1,0,0,0,0,1,1,1,212
769,0,33764.42728299997,8107.29925,25675.138597999983,339,1,0,0,1,0,1,1,0,0,0,0,0,0,0,0,1,0,0,0,0,0,0,0,0,0,1,0,0,0,1,1,1,0,0,71,285,214,0.7508771929824561,3.0140845070422535,0.014035087719298246,0,0,1.0,0, 0, 0, 0, 0, 0,3,11,10,15,4,4,24,2,3,22,27,16,7,14,2,19,10,2,10,9,26,34,27,61,70,29,3,11,10,15,4,4,24,2,3,22,27,16,7,14,2,19,10,2,10,9,26,34,27,61,70,29,3,11,10,15,4,4,24,2,3,22,27,16,7,14,2,19,10,2,10,9,26,34,27,61,70,29,0,0,0,0,0,0,0,1,0,0,0,0,1,1,1,214
771,1,5722.887105999998,1600.860674,4140.036997,71,1,1,0,1,0,1,1,0,1,0,1,0,0,0,0,1,1,0,0,0,0,0,0,0,0,1,0,0,0,1,1,1,0,1,14,56,42,0.75,3.0,0.05357142857142857,2,4.0,0.4107142857142857,0, 1, 0, 0, 1, 0,7,0,2,2,3,0,2,5,0,3,1,2,0,3,2,2,2,0,0,6,3,4,2,6,22,4,7,0,2,2,3,0,2,5,0,3,1,2,0,3,2,2,2,0,0,6,3,4,2,6,22,4,7,0,2,2,3,0,2,5,0,3,1,2,0,3,2,2,2,0,0,6,3,4,2,6,22,4,0,0,0,0,0,0,0,1,0,0,0,0,1,1,1,42
772,0,34015.39807899998,8365.201999999996,25668.206643999994,927,0,0,0,0,1,0,1,0,0,0,0,0,0,0,0,1,0,0,0,0,0,0,0,0,0,1,0,0,0,1,1,1,0,0,70,282,212,0.75177304964539,3.0285714285714285,0.0070921985815602835,0,0,1.0,0, 0, 0, 0, 0, 0,2,5,16,21,1,6,15,3,2,20,25,22,5,20,2,9,15,3,11,9,34,31,27,58,64,24,2,5,16,21,1,6,15,3,2,20,25,22,5,20,2,9,15,3,11,9,34,31,27,58,64,24,2,5,16,21,1,6,15,3,2,20,25,22,5,20,2,9,15,3,11,9,34,31,27,58,64,24,0,0,0,0,0,0,0,1,0,0,0,0,1,1,1,212
773,0,21919.991811999975,5285.961308000002,16652.04106899998,1885,0,0,1,0,1,1,1,0,1,0,0,1,0,0,0,1,0,0,0,0,0,0,0,0,0,1,0,0,0,1,1,1,0,1,46,186,140,0.7526881720430108,3.0434782608695654,0.021505376344086023,0,0,0.0913978494623656,1, 0, 0, 0, 1, 0,2,2,2,9,3,1,2,1,0,20,23,9,4,18,2,13,9,0,12,8,30,4,11,15,58,22,2,2,2,9,3,1,2,1,0,20,23,9,4,18,2,13,9,0,12,8,30,4,11,15,58,22,2,2,2,9,3,1,2,1,0,20,23,9,4,18,2,13,9,0,12,8,30,4,11,15,58,22,0,0,0,0,0,0,0,1,0,0,0,0,1,1,1,140
775,0,27249.140358000004,6369.554199000001,20897.596723999988,2568,0,0,1,1,0,1,1,0,0,0,0,0,0,0,0,1,0,0,0,0,0,0,0,0,0,1,0,0,0,1,1,1,0,0,57,230,173,0.7521739130434782,3.0350877192982457,0.017391304347826087,0,0,0.5217391304347826,0, 0, 0, 1, 0, 0,2,8,6,9,4,7,19,6,2,7,25,12,2,17,2,11,8,2,12,12,31,25,20,45,54,19,2,8,6,9,4,7,19,6,2,7,25,12,2,17,2,11,8,2,12,12,31,25,20,45,54,19,2,8,6,9,4,7,19,6,2,7,25,12,2,17,2,11,8,2,12,12,31,25,20,45,54,19,0,0,0,0,0,0,0,1,0,0,0,0,1,1,1,173
779,0,28460.26577699999,7484.056548999999,20994.219793000004,8048,0,0,1,1,0,0,0,1,0,0,0,0,0,0,0,1,0,0,0,0,0,0,0,0,0,1,0,0,0,1,1,1,0,0,64,259,195,0.752895752895753,3.046875,0.003861003861003861,0,0,1.0,0, 0, 0, 0, 0, 0,20,4,10,6,1,12,11,15,4,20,19,18,4,4,9,14,8,0,5,11,9,21,22,43,89,22,20,4,10,6,1,12,11,15,4,20,19,18,4,4,9,14,8,0,5,11,9,21,22,43,89,22,20,4,10,6,1,12,11,15,4,20,19,18,4,4,9,14,8,0,5,11,9,21,22,43,89,22,0,0,0,0,0,0,0,1,0,0,0,0,1,1,1,195
781,1,6873.113823,1755.930149,5135.194239000001,125,1,1,0,1,0,1,1,0,0,1,1,1,0,0,0,1,0,0,0,0,0,0,0,0,0,1,1,0,0,1,1,1,0,1,16,66,50,0.7575757575757576,3.125,0.09090909090909091,5,6.75,0.3484848484848485,2, 0, 1, 0, 0, 1,6,3,1,5,6,1,0,6,2,0,0,1,1,2,1,5,6,1,0,3,3,1,4,5,16,11,6,3,1,5,6,1,0,6,2,0,0,1,1,2,1,5,6,1,0,3,3,1,4,5,16,11,6,3,1,5,6,1,0,6,2,0,0,1,1,2,1,5,6,1,0,3,3,1,4,5,16,11,0,0,0,0,0,0,0,1,1,0,0,0,1,1,1,50
782,0,33006.43654299995,7933.048768000002,25091.398339999963,456,1,0,0,0,1,0,1,0,0,0,0,0,0,0,0,1,0,0,0,0,0,0,0,0,0,1,1,0,0,1,1,1,0,0,73,293,220,0.7508532423208191,3.0136986301369864,0.006825938566552901,1,0,1.0,0, 0, 0, 0, 0, 0,10,9,10,27,1,4,14,9,2,29,25,19,5,4,6,16,8,3,8,11,15,24,28,52,89,24,10,9,10,27,1,4,14,9,2,29,25,19,5,4,6,16,8,3,8,11,15,24,28,52,89,24,10,9,10,27,1,4,14,9,2,29,25,19,5,4,6,16,8,3,8,11,15,24,28,52,89,24,0,0,0,0,0,0,0,1,1,0,0,0,1,1,1,220
783,0,13951.299320999999,3528.873114000001,10440.436771999997,7399,0,0,1,0,1,1,1,0,0,0,0,0,0,0,0,1,0,0,0,0,0,0,0,0,0,1,1,0,0,1,1,1,0,0,29,116,87,0.75,3.0,0.02586206896551724,0,0,1.0,0, 0, 0, 0, 0, 0,1,4,5,6,2,1,10,3,2,9,5,14,2,5,0,4,5,1,3,5,9,15,18,33,25,9,1,4,5,6,2,1,10,3,2,9,5,14,2,5,0,4,5,1,3,5,9,15,18,33,25,9,1,4,5,6,2,1,10,3,2,9,5,14,2,5,0,4,5,1,3,5,9,15,18,33,25,9,0,0,0,0,0,0,0,1,1,0,0,0,1,1,1,87
788,0,21444.941798,5336.596935,16126.355427999997,4564,0,0,1,1,0,0,1,0,0,0,0,0,0,0,0,1,0,0,0,0,0,0,1,0,0,1,0,0,0,1,1,1,0,0,50,200,150,0.75,3.0,0.01,2,2.0,1.0,0, 0, 0, 0, 0, 0,19,17,10,1,2,6,11,15,0,5,18,1,5,4,7,8,6,1,1,13,6,21,18,39,75,14,19,17,10,1,2,6,11,15,0,5,18,1,5,4,7,8,6,1,1,13,6,21,18,39,75,14,19,17,10,1,2,6,11,15,0,5,18,1,5,4,7,8,6,1,1,13,6,21,18,39,75,14,0,1,0,0,0,0,0,1,0,0,0,0,1,1,1,150
789,1,8825.305081999995,2159.104481,6684.211165999998,74,1,1,0,1,0,0,1,0,0,0,0,1,0,0,1,1,0,0,0,0,0,0,1,0,0,1,0,0,0,1,1,1,0,0,21,86,65,0.7558139534883721,3.0952380952380953,0.023255813953488372,4,1.6666666666666667,1.0,1, 0, 0, 0, 0, 0,8,2,3,1,2,3,6,10,1,2,5,2,1,2,3,6,1,2,0,5,4,9,4,13,31,7,8,2,3,1,2,3,6,10,1,2,5,2,1,2,3,6,1,2,0,5,4,9,4,13,31,7,8,2,3,1,2,3,6,10,1,2,5,2,1,2,3,6,1,2,0,5,4,9,4,13,31,7,0,1,0,0,0,0,0,1,0,0,0,0,1,1,1,65
790,0,10032.956467999995,2520.2318690000006,7530.7351640000015,15,1,1,0,0,1,0,0,1,0,0,0,0,0,0,0,1,0,0,0,0,0,0,1,0,0,1,0,0,0,1,1,1,0,0,22,89,67,0.7528089887640449,3.0454545454545454,0.0,0,0,1.0,0, 0, 0, 0, 0, 0,5,4,4,2,0,1,11,5,2,4,7,2,2,3,0,4,5,1,0,5,4,15,6,21,28,9,5,4,4,2,0,1,11,5,2,4,7,2,2,3,0,4,5,1,0,5,4,15,6,21,28,9,5,4,4,2,0,1,11,5,2,4,7,2,2,3,0,4,5,1,0,5,4,15,6,21,28,9,0,1,0,0,0,0,0,1,0,0,0,0,1,1,1,67
794,0,33046.034103,8134.076576999998,24929.968091000017,7154,0,0,1,0,1,1,1,0,0,0,0,0,0,0,0,1,0,0,0,0,0,0,0,0,0,0,0,0,0,0,1,1,0,0,75,300,225,0.75,3.0,0.013333333333333334,3,109.5,1.0,0, 0, 0, 0, 0, 0,18,12,10,16,2,4,18,20,3,15,16,21,9,6,9,9,7,1,8,21,15,28,33,61,99,16,18,12,10,16,2,4,18,20,3,15,16,21,9,6,9,9,7,1,8,21,15,28,33,61,99,16,18,12,10,16,2,4,18,20,3,15,16,21,9,6,9,9,7,1,8,21,15,28,33,61,99,16,0,0,0,0,0,0,0,0,0,0,0,0,0,1,1,225
795,0,30943.28433300003,7483.019180000002,23478.27571800001,953,0,0,0,1,0,1,1,0,0,0,0,0,0,0,0,1,0,0,0,0,0,0,0,0,0,0,0,0,0,0,1,1,0,0,65,262,197,0.7519083969465649,3.0307692307692307,0.015267175572519083,1,0,1.0,0, 0, 0, 0, 0, 1,7,6,3,3,4,4,5,11,3,16,24,15,11,21,10,10,8,3,20,13,44,8,21,29,82,18,7,6,3,3,4,4,5,11,3,16,24,15,11,21,10,10,8,3,20,13,44,8,21,29,82,18,7,6,3,3,4,4,5,11,3,16,24,15,11,21,10,10,8,3,20,13,44,8,21,29,82,18,0,0,0,0,0,0,0,0,0,0,0,0,0,1,1,197
796,0,16199.928712,3983.0601630000006,12234.879114,419,1,0,0,1,0,0,0,1,0,0,0,0,0,0,0,1,0,0,0,0,0,0,0,0,0,0,0,0,0,0,1,1,0,0,35,141,106,0.75177304964539,3.0285714285714285,0.0070921985815602835,0,0,1.0,0, 0, 0, 0, 0, 0,8,3,13,5,1,3,8,7,1,5,15,3,2,5,3,3,5,3,8,5,16,21,6,27,42,8,8,3,13,5,1,3,8,7,1,5,15,3,2,5,3,3,5,3,8,5,16,21,6,27,42,8,8,3,13,5,1,3,8,7,1,5,15,3,2,5,3,3,5,3,8,5,16,21,6,27,42,8,0,0,0,0,0,0,0,0,0,0,0,0,0,1,1,106
797,0,16075.325067000002,3940.059708999999,12153.275922999996,0,1,1,0,1,0,1,1,0,0,0,0,1,0,0,0,1,0,0,0,0,0,0,0,0,0,0,0,0,0,0,1,1,0,1,34,138,104,0.7536231884057971,3.0588235294117645,0.036231884057971016,0,0,0.45652173913043476,1, 0, 0, 1, 0, 0,8,10,5,5,5,1,2,4,6,5,11,9,1,5,2,8,6,2,5,4,12,7,19,26,33,14,8,10,5,5,5,1,2,4,6,5,11,9,1,5,2,8,6,2,5,4,12,7,19,26,33,14,8,10,5,5,5,1,2,4,6,5,11,9,1,5,2,8,6,2,5,4,12,7,19,26,33,14,0,0,0,0,0,0,0,0,0,0,0,0,0,1,1,104
799,1,4873.318549000001,1343.738375,3547.5907390000007,2339,0,0,1,1,0,1,1,0,0,1,1,0,0,0,0,1,0,0,1,0,0,0,0,0,0,0,0,0,0,0,1,1,0,1,11,44,33,0.75,3.0,0.13636363636363635,2,11.0,0.25,0, 0, 3, 0, 0, 2,3,0,0,1,6,2,2,0,0,0,1,6,0,0,0,6,4,0,1,1,1,2,6,8,5,10,3,0,0,1,6,2,2,0,0,0,1,6,0,0,0,6,4,0,1,1,1,2,6,8,5,10,3,0,0,1,6,2,2,0,0,0,1,6,0,0,0,6,4,0,1,1,1,2,6,8,5,10,0,0,0,0,0,0,0,0,0,0,0,0,0,1,1,33
802,0,28051.559146999967,6696.226424,21373.343287999967,3041,0,0,1,0,1,1,1,0,0,0,0,0,0,0,0,1,0,0,0,0,0,0,0,0,0,0,0,0,0,0,1,1,0,0,61,247,186,0.7530364372469636,3.0491803278688523,0.012145748987854251,0,0,1.0,0, 0, 0, 0, 0, 0,14,6,4,11,2,8,18,7,5,21,20,17,1,6,11,10,8,2,10,5,18,22,23,45,68,18,14,6,4,11,2,8,18,7,5,21,20,17,1,6,11,10,8,2,10,5,18,22,23,45,68,18,14,6,4,11,2,8,18,7,5,21,20,17,1,6,11,10,8,2,10,5,18,22,23,45,68,18,0,0,0,0,0,0,0,0,0,0,0,0,0,1,1,186
803,0,29070.264737999976,7468.953267999999,21619.322035000005,4179,0,0,1,0,1,1,1,0,0,0,0,0,0,0,0,1,0,0,0,0,0,0,0,0,0,0,0,0,0,0,1,1,0,0,63,253,190,0.7509881422924901,3.015873015873016,0.019762845849802372,1,0,0.758893280632411,0, 0, 1, 0, 0, 0,9,8,12,12,3,5,14,13,3,19,22,17,2,8,1,13,8,2,8,11,18,26,25,51,76,21,9,8,12,12,3,5,14,13,3,19,22,17,2,8,1,13,8,2,8,11,18,26,25,51,76,21,9,8,12,12,3,5,14,13,3,19,22,17,2,8,1,13,8,2,8,11,18,26,25,51,76,21,0,0,0,0,0,0,0,0,0,0,0,0,0,1,1,190
804,0,13035.509316999993,3443.5669580000003,9609.952924000003,6649,0,0,1,1,0,0,0,1,0,0,0,0,0,0,0,1,0,0,0,0,0,1,0,0,1,1,1,0,1,0,1,1,0,0,27,108,81,0.75,3.0,0.009259259259259259,0,0,1.0,0, 0, 0, 0, 0, 0,5,8,7,4,1,2,11,2,1,9,8,6,1,1,2,5,2,2,2,2,5,18,14,32,27,7,5,8,7,4,1,2,11,2,1,9,8,6,1,1,2,5,2,2,2,2,5,18,14,32,27,7,5,8,7,4,1,2,11,2,1,9,8,6,1,1,2,5,2,2,2,2,5,18,14,32,27,7,1,0,0,1,0,0,0,1,1,0,1,0,0,1,1,81
805,1,7282.40067,1926.0179179999993,5374.393317,96,1,1,0,1,0,1,1,0,0,1,0,1,0,0,0,1,0,0,0,0,0,1,0,0,1,1,1,0,1,0,1,1,0,1,17,68,51,0.75,3.0,0.07352941176470588,4,9.0,0.2647058823529412,2, 0, 1, 0, 0, 0,7,0,2,4,5,2,1,5,3,2,0,5,1,0,2,5,0,0,4,3,4,3,5,8,18,5,7,0,2,4,5,2,1,5,3,2,0,5,1,0,2,5,0,0,4,3,4,3,5,8,18,5,7,0,2,4,5,2,1,5,3,2,0,5,1,0,2,5,0,0,4,3,4,3,5,8,18,5,1,0,0,1,0,0,0,1,1,0,1,0,0,1,1,51
806,0,33809.42914899999,8589.190334999998,25238.249378999997,1647,0,0,1,0,1,0,1,0,0,0,0,0,0,0,1,1,0,0,0,0,0,1,0,0,1,1,1,0,1,0,1,1,0,0,75,300,225,0.75,3.0,0.006666666666666667,0,0,1.0,0, 0, 0, 0, 0, 0,20,7,17,11,1,8,16,20,6,9,22,8,7,8,14,10,11,11,7,12,26,33,15,48,90,21,20,7,17,11,1,8,16,20,6,9,22,8,7,8,14,10,11,11,7,12,26,33,15,48,90,21,20,7,17,11,1,8,16,20,6,9,22,8,7,8,14,10,11,11,7,12,26,33,15,48,90,21,1,0,0,1,0,0,0,1,1,0,1,0,0,1,1,225
811,1,4425.076247999998,1257.759109,3185.327704,65,1,1,0,1,0,1,1,0,0,0,0,1,0,0,0,1,0,0,0,0,0,0,0,0,0,1,0,0,0,1,1,1,0,0,11,44,33,0.75,3.0,0.06818181818181818,1,0,1.0,1, 0, 0, 0, 0, 0,6,1,1,0,3,0,1,6,1,0,0,0,0,1,1,6,0,0,3,3,4,2,1,3,15,6,6,1,1,0,3,0,1,6,1,0,0,0,0,1,1,6,0,0,3,3,4,2,1,3,15,6,6,1,1,0,3,0,1,6,1,0,0,0,0,1,1,6,0,0,3,3,4,2,1,3,15,6,0,0,0,0,0,0,0,1,0,0,0,1,1,1,1,33
812,0,24088.604172999985,5906.1332090000005,18200.481528999997,1479,0,0,1,1,0,0,0,1,0,0,0,0,0,0,0,1,0,0,0,0,0,0,0,0,0,1,0,0,0,1,1,1,0,0,54,219,165,0.7534246575342466,3.0555555555555554,0.0045662100456621,0,0,1.0,0, 0, 0, 0, 0, 0,10,7,9,8,1,6,18,15,7,11,18,12,2,2,5,8,7,1,3,15,6,27,19,46,71,15,10,7,9,8,1,6,18,15,7,11,18,12,2,2,5,8,7,1,3,15,6,27,19,46,71,15,10,7,9,8,1,6,18,15,7,11,18,12,2,2,5,8,7,1,3,15,6,27,19,46,71,15,0,0,0,0,0,0,0,1,0,0,0,1,1,1,1,165
813,0,14488.587225999998,3501.705438,11004.892352999996,2150,0,0,1,0,1,1,1,0,0,0,0,0,0,0,1,1,0,0,0,0,0,0,0,0,0,1,0,0,0,1,1,1,0,0,30,122,92,0.7540983606557377,3.066666666666667,0.02459016393442623,0,0,1.0,0, 0, 0, 0, 0, 0,2,5,2,8,2,1,9,4,0,8,13,11,2,5,1,5,2,2,5,5,12,11,16,27,34,7,2,5,2,8,2,1,9,4,0,8,13,11,2,5,1,5,2,2,5,5,12,11,16,27,34,7,2,5,2,8,2,1,9,4,0,8,13,11,2,5,1,5,2,2,5,5,12,11,16,27,34,7,0,0,0,0,0,0,0,1,0,0,0,1,1,1,1,92
814,0,4446.337633000001,1089.571309,3374.7768890000016,2499,0,0,1,1,0,0,0,1,0,0,0,0,0,0,0,1,0,0,0,0,0,0,0,0,0,1,0,0,0,1,1,1,0,0,9,37,28,0.7567567567567568,3.111111111111111,0.02702702702702703,0,0,1.0,0, 0, 0, 0, 0, 0,0,3,0,3,1,2,4,1,0,3,3,1,0,0,1,1,0,0,2,3,2,4,4,8,10,1,0,3,0,3,1,2,4,1,0,3,3,1,0,0,1,1,0,0,2,3,2,4,4,8,10,1,0,3,0,3,1,2,4,1,0,3,3,1,0,0,1,1,0,0,2,3,2,4,4,8,10,1,0,0,0,0,0,0,0,1,0,0,0,1,1,1,1,28
815,0,24743.072687000007,6343.162126,18417.921125999972,629,0,0,0,1,0,1,1,0,0,0,0,0,0,0,0,1,0,0,0,0,0,0,0,0,0,1,0,0,0,1,1,1,0,0,54,219,165,0.7534246575342466,3.0555555555555554,0.0136986301369863,3,39.0,1.0,0, 0, 0, 0, 0, 0,7,4,7,9,3,8,11,18,3,10,13,8,6,6,7,12,11,5,8,9,19,18,12,30,63,23,7,4,7,9,3,8,11,18,3,10,13,8,6,6,7,12,11,5,8,9,19,18,12,30,63,23,7,4,7,9,3,8,11,18,3,10,13,8,6,6,7,12,11,5,8,9,19,18,12,30,63,23,0,0,0,0,0,0,0,1,0,0,0,1,1,1,1,165
817,1,6343.035402999998,1633.897392,4727.148576,66,1,1,0,1,0,1,1,0,0,1,0,1,0,0,0,1,0,0,0,0,0,0,0,0,0,1,0,0,0,1,1,1,0,1,15,63,48,0.7619047619047619,3.2,0.06349206349206349,2,25.0,0.30158730158730157,1, 0, 1, 0, 0, 0,7,1,0,6,4,0,1,8,2,1,0,2,0,0,1,4,2,0,3,6,3,1,3,4,22,6,7,1,0,6,4,0,1,8,2,1,0,2,0,0,1,4,2,0,3,6,3,1,3,4,22,6,7,1,0,6,4,0,1,8,2,1,0,2,0,0,1,4,2,0,3,6,3,1,3,4,22,6,0,0,0,0,0,0,0,1,0,0,0,1,1,1,1,48
820,1,4841.238008,1380.802373,3478.4462,63,1,1,0,1,0,1,1,0,0,1,1,0,0,0,0,1,0,0,1,0,0,0,0,0,0,0,0,0,0,0,1,1,0,1,11,44,33,0.75,3.0,0.13636363636363635,4,5.0,0.25,0, 0, 3, 0, 0, 2,2,1,1,3,6,2,3,3,0,0,0,4,0,0,1,3,3,0,0,1,0,4,5,9,6,6,2,1,1,3,6,2,3,3,0,0,0,4,0,0,1,3,3,0,0,1,0,4,5,9,6,6,2,1,1,3,6,2,3,3,0,0,0,4,0,0,1,3,3,0,0,1,0,4,5,9,6,6,0,0,0,0,0,0,0,0,0,0,0,0,0,1,1,33
821,0,13612.821378999997,3474.6911680000003,10156.140776,266,1,0,0,0,1,1,1,0,0,0,0,0,0,0,0,1,0,0,0,0,0,0,0,0,0,0,0,0,0,0,1,1,0,0,31,126,95,0.753968253968254,3.064516129032258,0.023809523809523808,3,13.5,1.0,0, 0, 0, 0, 0, 0,10,2,7,7,3,0,6,6,1,7,6,9,2,4,3,6,7,0,1,8,5,13,11,24,39,13,10,2,7,7,3,0,6,6,1,7,6,9,2,4,3,6,7,0,1,8,5,13,11,24,39,13,10,2,7,7,3,0,6,6,1,7,6,9,2,4,3,6,7,0,1,8,5,13,11,24,39,13,0,0,0,0,0,0,0,0,0,0,0,0,0,1,1,95
823,0,9488.641983999998,2269.0138770000003,7237.638672,2786,0,0,1,0,1,0,1,0,0,0,0,0,0,0,0,1,0,0,0,0,0,0,0,0,0,0,0,0,0,0,1,1,0,0,20,81,61,0.7530864197530864,3.05,0.024691358024691357,0,0,0.8271604938271605,0, 1, 0, 0, 0, 0,0,3,4,0,0,3,9,5,2,3,6,5,1,5,1,2,5,0,3,4,8,13,8,21,19,7,0,3,4,0,0,3,9,5,2,3,6,5,1,5,1,2,5,0,3,4,8,13,8,21,19,7,0,3,4,0,0,3,9,5,2,3,6,5,1,5,1,2,5,0,3,4,8,13,8,21,19,7,0,0,0,0,0,0,0,0,0,0,0,0,0,1,1,61
824,0,11804.112840000002,3174.6616650000005,8647.461739999999,4530,0,0,1,0,1,1,1,0,0,0,0,0,0,0,0,1,0,0,0,0,0,0,0,0,0,0,0,0,0,0,1,1,0,0,27,109,82,0.7522935779816514,3.037037037037037,0.03669724770642202,1,0,1.0,0, 0, 0, 0, 0, 0,12,6,1,3,3,3,2,7,1,2,9,3,1,4,7,5,9,0,2,2,6,3,9,12,33,14,12,6,1,3,3,3,2,7,1,2,9,3,1,4,7,5,9,0,2,2,6,3,9,12,33,14,12,6,1,3,3,3,2,7,1,2,9,3,1,4,7,5,9,0,2,2,6,3,9,12,33,14,0,0,0,0,0,0,0,0,0,0,0,0,0,1,1,82
825,0,10563.993633999999,2846.2913310000004,7735.712868,4896,0,0,1,0,1,1,1,0,1,0,1,0,0,0,0,1,0,0,0,0,0,0,0,0,0,0,0,0,0,0,1,1,0,1,23,92,69,0.75,3.0,0.07608695652173914,2,48.0,0.18478260869565216,0, 2, 0, 0, 1, 0,1,2,2,3,4,4,7,8,2,4,3,5,2,3,1,3,5,1,2,7,6,9,7,16,25,8,1,2,2,3,4,4,7,8,2,4,3,5,2,3,1,3,5,1,2,7,6,9,7,16,25,8,1,2,2,3,4,4,7,8,2,4,3,5,2,3,1,3,5,1,2,7,6,9,7,16,25,8,0,0,0,0,0,0,0,0,0,0,0,0,0,1,1,69
829,0,22554.014399999985,5603.0153340000015,16969.009630999994,17,1,1,0,1,0,1,1,0,1,1,1,1,0,0,0,1,0,0,0,0,0,0,0,0,0,1,1,0,0,0,1,1,0,1,47,191,144,0.7539267015706806,3.0638297872340425,0.04712041884816754,0,0,0.3089005235602094,0, 1, 0, 1, 1, 1,3,5,12,13,9,3,10,6,2,13,9,12,4,9,2,10,5,2,9,6,20,22,17,39,41,15,3,5,12,13,9,3,10,6,2,13,9,12,4,9,2,10,5,2,9,6,20,22,17,39,41,15,3,5,12,13,9,3,10,6,2,13,9,12,4,9,2,10,5,2,9,6,20,22,17,39,41,15,0,0,0,0,0,0,0,1,1,0,0,0,0,1,1,144
830,0,25279.001518,6403.054306000004,18893.957777,0,1,1,0,0,1,1,1,0,0,1,1,0,0,0,0,1,0,0,0,0,1,0,0,0,0,1,1,0,0,0,1,1,0,1,53,215,162,0.7534883720930232,3.056603773584906,0.018604651162790697,0,0,0.7209302325581395,0, 1, 0, 0, 0, 1,3,7,6,14,4,3,8,11,3,18,13,18,2,11,3,5,13,0,11,9,22,14,25,39,56,18,3,7,6,14,4,3,8,11,3,18,13,18,2,11,3,5,13,0,11,9,22,14,25,39,56,18,3,7,6,14,4,3,8,11,3,18,13,18,2,11,3,5,13,0,11,9,22,14,25,39,56,18,0,0,0,0,0,0,0,1,1,0,0,0,0,1,1,162
831,0,25652.23806,6575.215893000002,19095.032732000003,0,1,1,0,0,1,1,1,0,0,1,1,0,0,0,0,1,0,0,0,0,1,0,0,0,0,1,1,0,0,0,1,1,0,1,54,218,164,0.7522935779816514,3.037037037037037,0.01834862385321101,0,0,0.7110091743119266,0, 1, 0, 0, 0, 1,3,7,6,15,4,3,8,11,3,18,13,18,2,11,3,6,13,0,11,9,22,14,25,39,56,19,3,7,6,15,4,3,8,11,3,18,13,18,2,11,3,6,13,0,11,9,22,14,25,39,56,19,3,7,6,15,4,3,8,11,3,18,13,18,2,11,3,6,13,0,11,9,22,14,25,39,56,19,0,0,0,0,0,0,0,1,1,0,0,0,0,1,1,164
832,1,3673.776308000001,946.4793670000003,2745.307506000001,63,1,1,0,1,0,0,1,0,1,0,0,0,0,0,0,1,0,0,0,0,0,0,0,0,0,1,1,0,0,0,1,1,0,0,8,35,27,0.7714285714285715,3.375,0.05714285714285714,2,6.0,0.14285714285714285,0, 0, 0, 0, 1, 0,2,2,1,2,2,1,0,5,1,1,3,0,0,0,1,3,1,0,1,1,1,1,2,3,12,4,2,2,1,2,2,1,0,5,1,1,3,0,0,0,1,3,1,0,1,1,1,1,2,3,12,4,2,2,1,2,2,1,0,5,1,1,3,0,0,0,1,3,1,0,1,1,1,1,2,3,12,4,0,0,0,0,0,0,0,1,1,0,0,0,0,1,1,27
833,0,31169.173466000022,8014.072229000001,23173.111802000007,688,0,0,0,0,1,1,1,0,0,0,1,0,0,0,0,1,0,0,0,0,0,0,0,0,0,1,1,0,0,0,1,1,0,1,67,270,203,0.7518518518518519,3.029850746268657,0.022222222222222223,1,0,0.5259259259259259,0, 2, 0, 0, 0, 0,14,15,9,10,5,6,9,11,5,15,20,15,7,12,8,12,10,0,8,12,20,18,30,48,79,22,14,15,9,10,5,6,9,11,5,15,20,15,7,12,8,12,10,0,8,12,20,18,30,48,79,22,14,15,9,10,5,6,9,11,5,15,20,15,7,12,8,12,10,0,8,12,20,18,30,48,79,22,0,0,0,0,0,0,0,1,1,0,0,0,0,1,1,203
835,0,6335.039539,1569.702793,4783.347311000001,2078,0,0,1,0,1,0,1,0,0,0,0,0,0,0,0,1,0,0,0,0,0,0,0,0,0,1,1,0,0,0,1,1,0,0,13,54,41,0.7592592592592593,3.1538461538461537,0.037037037037037035,0,0,1.0,0, 0, 0, 0, 0, 0,2,1,2,4,1,2,5,1,0,2,5,5,1,2,0,5,1,0,2,0,4,7,6,13,11,6,2,1,2,4,1,2,5,1,0,2,5,5,1,2,0,5,1,0,2,0,4,7,6,13,11,6,2,1,2,4,1,2,5,1,0,2,5,5,1,2,0,5,1,0,2,0,4,7,6,13,11,6,0,0,0,0,0,0,0,1,1,0,0,0,0,1,1,41
836,0,8204.495422999995,2039.1814629999997,6183.324525,4290,0,0,1,1,0,0,0,1,0,0,0,0,0,0,0,1,0,0,0,0,0,0,0,0,0,1,1,0,0,0,1,1,0,0,17,70,53,0.7571428571428571,3.1176470588235294,0.014285714285714285,1,0,1.0,0, 0, 0, 0, 0, 0,3,1,2,3,1,0,3,3,1,3,12,5,3,6,0,1,2,0,2,2,8,5,6,11,26,3,3,1,2,3,1,0,3,3,1,3,12,5,3,6,0,1,2,0,2,2,8,5,6,11,26,3,3,1,2,3,1,0,3,3,1,3,12,5,3,6,0,1,2,0,2,2,8,5,6,11,26,3,0,0,0,0,0,0,0,1,1,0,0,0,0,1,1,53
837,0,10097.461358999997,2453.2805979999994,7662.191326000005,4552,0,0,1,0,1,0,1,0,0,0,0,0,0,0,0,1,0,0,0,0,0,0,0,0,0,1,1,0,0,0,1,1,0,0,22,91,69,0.7582417582417582,3.1363636363636362,0.02197802197802198,1,0,1.0,0, 0, 0, 0, 0, 0,7,1,3,0,1,3,3,5,1,8,11,7,3,4,0,5,1,0,3,3,7,6,8,14,37,6,7,1,3,0,1,3,3,5,1,8,11,7,3,4,0,5,1,0,3,3,7,6,8,14,37,6,7,1,3,0,1,3,3,5,1,8,11,7,3,4,0,5,1,0,3,3,7,6,8,14,37,6,0,0,0,0,0,0,0,1,1,0,0,0,0,1,1,69
840,0,7702.403303000001,1914.903325,5805.510543000001,5918,0,0,1,1,0,0,1,0,0,0,0,0,1,0,0,1,0,0,0,0,0,0,0,1,0,1,0,1,0,1,1,1,0,0,16,66,50,0.7575757575757576,3.125,0.030303030303030304,0,0,1.0,0, 0, 0, 0, 0, 0,3,1,7,2,2,2,11,2,0,2,3,4,0,1,1,2,4,0,3,0,4,18,5,23,10,6,3,1,7,2,2,2,11,2,0,2,3,4,0,1,1,2,4,0,3,0,4,18,5,23,10,6,3,1,7,2,2,2,11,2,0,2,3,4,0,1,1,2,4,0,3,0,4,18,5,23,10,6,0,0,1,0,0,0,0,1,0,1,0,1,1,1,1,50
842,0,28443.840367,7236.620037999998,21225.230893999986,3363,0,0,1,0,1,1,1,0,0,0,0,0,0,0,0,1,0,0,0,0,0,0,0,1,0,1,0,1,0,1,1,1,0,0,62,248,186,0.75,3.0,0.016129032258064516,2,19.0,1.0,0, 0, 0, 0, 0, 0,9,5,9,14,2,7,27,13,1,18,10,12,9,4,5,10,10,3,8,10,15,36,17,53,69,20,9,5,9,14,2,7,27,13,1,18,10,12,9,4,5,10,10,3,8,10,15,36,17,53,69,20,9,5,9,14,2,7,27,13,1,18,10,12,9,4,5,10,10,3,8,10,15,36,17,53,69,20,0,0,1,0,0,0,0,1,0,1,0,1,1,1,1,186
843,0,22488.931450999986,5751.180107,16755.761908999993,2807,0,0,1,1,0,0,0,1,0,0,0,0,0,0,0,1,0,0,0,0,0,0,0,1,0,1,0,1,0,1,1,1,0,0,47,188,141,0.75,3.0,0.005319148936170213,0,0,1.0,0, 0, 0, 0, 0, 0,7,11,8,5,1,8,17,4,2,12,15,12,3,2,2,6,9,2,7,8,11,25,23,48,49,15,7,11,8,5,1,8,17,4,2,12,15,12,3,2,2,6,9,2,7,8,11,25,23,48,49,15,7,11,8,5,1,8,17,4,2,12,15,12,3,2,2,6,9,2,7,8,11,25,23,48,49,15,0,0,1,0,0,0,0,1,0,1,0,1,1,1,1,141
844,0,25802.83163299999,6572.737547000002,19248.104650999983,2729,0,0,1,1,0,0,0,1,0,0,0,0,0,0,0,1,0,0,0,0,0,0,0,1,0,1,0,1,0,1,1,1,0,0,53,214,161,0.7523364485981309,3.0377358490566038,0.004672897196261682,0,0,1.0,0, 0, 0, 0, 0, 0,7,13,9,5,1,8,20,5,2,14,17,14,3,2,2,6,11,3,9,10,14,29,27,56,56,17,7,13,9,5,1,8,20,5,2,14,17,14,3,2,2,6,11,3,9,10,14,29,27,56,56,17,7,13,9,5,1,8,20,5,2,14,17,14,3,2,2,6,11,3,9,10,14,29,27,56,56,17,0,0,1,0,0,0,0,1,0,1,0,1,1,1,1,161
845,1,4644.255200000001,1307.6213539999999,3354.6444110000007,195,1,0,0,1,0,1,1,0,0,1,0,0,0,0,0,1,0,0,0,0,0,0,0,1,0,1,0,1,0,1,1,1,0,1,11,46,35,0.7608695652173914,3.1818181818181817,0.06521739130434782,3,2.5,0.391304347826087,0, 0, 2, 0, 0, 0,4,1,0,0,3,1,2,8,0,2,5,0,1,1,0,2,3,0,0,2,1,2,1,3,22,5,4,1,0,0,3,1,2,8,0,2,5,0,1,1,0,2,3,0,0,2,1,2,1,3,22,5,4,1,0,0,3,1,2,8,0,2,5,0,1,1,0,2,3,0,0,2,1,2,1,3,22,5,0,0,1,0,0,0,0,1,0,1,0,1,1,1,1,35
846,1,4568.221181,1259.6656029999997,3326.5661429999996,388,1,0,0,1,0,1,1,0,0,1,0,0,0,0,0,1,0,0,0,0,0,0,0,1,0,1,0,1,0,1,1,1,0,1,11,46,35,0.7608695652173914,3.1818181818181817,0.06521739130434782,3,3.0,0.391304347826087,0, 0, 2, 0, 0, 0,6,0,0,0,3,0,2,8,0,2,2,0,0,2,0,1,3,0,2,4,4,2,0,2,22,4,6,0,0,0,3,0,2,8,0,2,2,0,0,2,0,1,3,0,2,4,4,2,0,2,22,4,6,0,0,0,3,0,2,8,0,2,2,0,0,2,0,1,3,0,2,4,4,2,0,2,22,4,0,0,1,0,0,0,0,1,0,1,0,1,1,1,1,35
847,0,24024.751436999984,5865.145438,18177.616563999985,559,0,0,0,0,1,1,1,0,0,0,1,0,0,0,0,1,0,0,0,0,0,0,0,1,0,1,0,1,0,1,1,1,0,0,51,207,156,0.7536231884057971,3.0588235294117645,0.043478260869565216,2,3.0,0.028985507246376812,0, 1, 0, 0, 0, 0,8,4,3,7,7,3,6,6,1,22,21,9,4,14,2,10,5,1,13,10,28,9,13,22,71,15,8,4,3,7,7,3,6,6,1,22,21,9,4,14,2,10,5,1,13,10,28,9,13,22,71,15,8,4,3,7,7,3,6,6,1,22,21,9,4,14,2,10,5,1,13,10,28,9,13,22,71,15,0,0,1,0,0,0,0,1,0,1,0,1,1,1,1,156
848,0,31843.104441000018,7674.1871200000005,24186.92788599999,1175,0,0,1,1,0,0,0,1,0,0,0,0,0,0,0,1,0,0,0,0,0,0,0,1,0,1,0,1,0,1,1,1,0,0,70,281,211,0.7508896797153025,3.0142857142857142,0.0035587188612099642,0,0,1.0,0, 0, 0, 0, 0, 0,8,7,12,5,1,5,19,13,1,22,23,25,5,8,6,16,9,3,10,13,21,31,32,63,84,25,8,7,12,5,1,5,19,13,1,22,23,25,5,8,6,16,9,3,10,13,21,31,32,63,84,25,8,7,12,5,1,5,19,13,1,22,23,25,5,8,6,16,9,3,10,13,21,31,32,63,84,25,0,0,1,0,0,0,0,1,0,1,0,1,1,1,1,211
850,0,21106.705966000023,5281.633518999999,15843.08301200001,4598,0,0,1,1,0,0,0,1,0,0,0,0,0,0,0,1,0,0,0,0,0,0,0,1,0,1,0,1,0,1,1,1,0,0,44,178,134,0.7528089887640449,3.0454545454545454,0.0056179775280898875,1,0,1.0,0, 0, 0, 0, 0, 0,7,3,10,7,1,4,10,5,3,11,9,16,6,9,3,4,5,1,9,11,19,20,19,39,49,9,7,3,10,7,1,4,10,5,3,11,9,16,6,9,3,4,5,1,9,11,19,20,19,39,49,9,7,3,10,7,1,4,10,5,3,11,9,16,6,9,3,4,5,1,9,11,19,20,19,39,49,9,0,0,1,0,0,0,0,1,0,1,0,1,1,1,1,134
851,0,3626.767901000001,957.5932749999998,2687.185191,5258,0,0,1,0,1,1,1,0,1,0,0,1,0,0,0,1,0,0,0,0,0,0,0,1,0,1,0,1,0,1,1,1,0,1,8,34,26,0.7647058823529411,3.25,0.11764705882352941,5,4.5,0.3235294117647059,0, 0, 0, 1, 1, 1,4,0,1,1,4,1,2,3,0,1,2,2,0,1,2,1,0,0,1,0,2,3,2,5,10,1,4,0,1,1,4,1,2,3,0,1,2,2,0,1,2,1,0,0,1,0,2,3,2,5,10,1,4,0,1,1,4,1,2,3,0,1,2,2,0,1,2,1,0,0,1,0,2,3,2,5,10,1,0,0,1,0,0,0,0,1,0,1,0,1,1,1,1,26
852,0,22997.471785999984,5766.198395000002,17249.283955999992,5337,0,0,1,1,0,1,1,0,0,0,1,0,0,0,0,1,0,0,0,0,0,0,0,1,0,1,0,1,0,1,1,1,0,1,50,203,153,0.7536945812807881,3.06,0.03940886699507389,0,0,0.14285714285714285,0, 2, 0, 0, 0, 0,6,2,2,7,8,2,6,8,3,22,18,13,4,11,2,11,8,1,6,13,18,8,15,23,71,19,6,2,2,7,8,2,6,8,3,22,18,13,4,11,2,11,8,1,6,13,18,8,15,23,71,19,6,2,2,7,8,2,6,8,3,22,18,13,4,11,2,11,8,1,6,13,18,8,15,23,71,19,0,0,1,0,0,0,0,1,0,1,0,1,1,1,1,153
853,0,27039.199919999985,6697.262779999999,20359.94770499999,6382,0,0,1,0,1,1,1,0,0,0,0,0,0,0,0,1,0,0,0,0,0,0,0,1,0,1,0,1,0,1,1,1,0,0,58,232,174,0.75,3.0,0.03017241379310345,1,0,1.0,0, 0, 0, 0, 0, 0,9,10,11,10,6,6,19,7,3,15,12,11,4,7,4,11,8,3,9,9,19,30,21,51,56,19,9,10,11,10,6,6,19,7,3,15,12,11,4,7,4,11,8,3,9,9,19,30,21,51,56,19,9,10,11,10,6,6,19,7,3,15,12,11,4,7,4,11,8,3,9,9,19,30,21,51,56,19,0,0,1,0,0,0,0,1,0,1,0,1,1,1,1,174
854,0,28709.01733099998,7054.527056999998,21672.50083899998,6382,0,0,1,0,1,1,1,0,0,0,0,0,0,0,0,1,0,0,0,0,0,0,0,1,0,1,0,1,0,1,1,1,0,0,61,247,186,0.7530364372469636,3.0491803278688523,0.02834008097165992,1,0,1.0,0, 0, 0, 0, 0, 0,10,10,13,11,6,8,21,8,3,15,12,12,4,7,5,11,9,3,9,9,19,34,22,56,58,20,10,10,13,11,6,8,21,8,3,15,12,12,4,7,5,11,9,3,9,9,19,34,22,56,58,20,10,10,13,11,6,8,21,8,3,15,12,12,4,7,5,11,9,3,9,9,19,34,22,56,58,20,0,0,1,0,0,0,0,1,0,1,0,1,1,1,1,186
856,0,32392.303180999985,8439.428064,23970.885682000026,10781,0,0,1,1,0,0,0,1,0,0,0,0,0,0,0,1,0,0,0,0,0,0,0,0,1,1,0,0,0,1,1,1,0,0,73,292,219,0.75,3.0,0.003424657534246575,1,0,1.0,0, 0, 0, 0, 0, 0,14,6,5,6,1,4,5,20,2,21,31,10,10,14,7,15,22,3,8,15,25,10,16,26,111,37,14,6,5,6,1,4,5,20,2,21,31,10,10,14,7,15,22,3,8,15,25,10,16,26,111,37,14,6,5,6,1,4,5,20,2,21,31,10,10,14,7,15,22,3,8,15,25,10,16,26,111,37,0,0,0,1,0,0,0,1,0,0,0,0,1,1,1,219
857,0,30562.394856000006,7361.186832999999,23219.218588,9954,0,0,1,0,1,1,1,0,0,0,0,0,0,0,0,1,0,0,0,0,0,0,0,0,1,1,0,0,0,1,1,1,0,0,69,276,207,0.75,3.0,0.014492753623188406,2,68.0,1.0,0, 0, 0, 0, 0, 0,13,5,4,10,4,2,3,9,2,13,29,8,10,17,9,19,12,3,11,24,31,7,13,20,98,31,13,5,4,10,4,2,3,9,2,13,29,8,10,17,9,19,12,3,11,24,31,7,13,20,98,31,13,5,4,10,4,2,3,9,2,13,29,8,10,17,9,19,12,3,11,24,31,7,13,20,98,31,0,0,0,1,0,0,0,1,0,0,0,0,1,1,1,207
858,0,33854.14499399994,8546.912170999998,25325.243387999988,5134,0,0,1,1,0,0,1,0,0,0,0,0,0,0,0,1,0,0,0,0,0,0,0,0,1,1,0,0,0,1,1,1,0,0,72,290,218,0.7517241379310344,3.0277777777777777,0.006896551724137931,0,0,1.0,0, 0, 0, 0, 0, 0,7,15,8,14,2,14,14,8,5,18,27,13,3,8,12,19,12,0,12,7,20,22,28,50,70,31,7,15,8,14,2,14,14,8,5,18,27,13,3,8,12,19,12,0,12,7,20,22,28,50,70,31,7,15,8,14,2,14,14,8,5,18,27,13,3,8,12,19,12,0,12,7,20,22,28,50,70,31,0,0,0,1,0,0,0,1,0,0,0,0,1,1,1,218
859,0,30314.35385900002,7552.561753,22779.802671000012,1275,0,0,1,0,1,1,1,0,0,0,0,0,0,0,1,1,0,0,0,0,0,0,0,0,1,1,0,0,0,1,1,1,0,0,66,266,200,0.7518796992481203,3.0303030303030303,0.018796992481203006,3,60.0,1.0,0, 0, 0, 0, 0, 0,18,7,14,5,4,10,14,15,3,6,14,10,7,12,8,13,9,5,14,12,31,28,17,45,72,22,18,7,14,5,4,10,14,15,3,6,14,10,7,12,8,13,9,5,14,12,31,28,17,45,72,22,18,7,14,5,4,10,14,15,3,6,14,10,7,12,8,13,9,5,14,12,31,28,17,45,72,22,0,0,0,1,0,0,0,1,0,0,0,0,1,1,1,200
860,0,31522.555170999978,7819.737333999999,23720.828401999977,243,1,0,0,0,1,1,1,0,0,0,0,0,0,0,0,1,0,0,0,0,0,0,0,0,1,1,0,0,0,1,1,1,0,0,68,274,206,0.7518248175182481,3.0294117647058822,0.01824817518248175,1,0,1.0,0, 0, 0, 0, 0, 0,9,4,17,18,3,3,15,9,5,21,15,18,2,17,7,15,10,2,8,8,27,32,22,54,64,25,9,4,17,18,3,3,15,9,5,21,15,18,2,17,7,15,10,2,8,8,27,32,22,54,64,25,9,4,17,18,3,3,15,9,5,21,15,18,2,17,7,15,10,2,8,8,27,32,22,54,64,25,0,0,0,1,0,0,0,1,0,0,0,0,1,1,1,206
861,1,7328.212986,1893.9076979999998,5452.315852999998,75,1,1,0,1,0,1,1,0,0,1,0,1,0,0,0,1,0,0,0,0,0,0,0,0,1,1,0,0,0,1,1,1,0,1,17,68,51,0.75,3.0,0.058823529411764705,1,0,0.25,1, 0, 1, 0, 0, 0,5,1,1,6,4,3,3,6,2,4,0,1,2,0,2,5,1,0,4,1,4,4,2,6,18,6,5,1,1,6,4,3,3,6,2,4,0,1,2,0,2,5,1,0,4,1,4,4,2,6,18,6,5,1,1,6,4,3,3,6,2,4,0,1,2,0,2,5,1,0,4,1,4,4,2,6,18,6,0,0,0,1,0,0,0,1,0,0,0,0,1,1,1,51
863,0,29698.10771600001,7564.206192999999,22151.912088000005,8892,0,0,1,1,0,0,1,0,0,0,0,0,0,0,0,1,0,0,0,0,0,0,0,0,1,1,0,0,0,1,1,1,0,0,68,273,205,0.7509157509157509,3.014705882352941,0.007326007326007326,0,0,1.0,0, 0, 0, 0, 0, 0,19,8,2,5,2,2,10,19,0,17,24,6,7,13,9,11,16,2,9,24,24,12,14,26,110,27,19,8,2,5,2,2,10,19,0,17,24,6,7,13,9,11,16,2,9,24,24,12,14,26,110,27,19,8,2,5,2,2,10,19,0,17,24,6,7,13,9,11,16,2,9,24,24,12,14,26,110,27,0,0,0,1,0,0,0,1,0,0,0,0,1,1,1,205
864,0,6553.486920999999,1804.925398,4766.572088,9726,0,0,1,1,0,0,0,1,0,0,0,0,0,0,0,1,0,0,0,0,0,0,0,0,1,1,0,0,0,1,1,1,0,0,15,61,46,0.7540983606557377,3.066666666666667,0.01639344262295082,1,0,1.0,0, 0, 0, 0, 0, 0,3,0,0,2,1,2,2,6,1,7,5,1,0,1,1,5,2,1,1,5,3,2,1,3,26,7,3,0,0,2,1,2,2,6,1,7,5,1,0,1,1,5,2,1,1,5,3,2,1,3,26,7,3,0,0,2,1,2,2,6,1,7,5,1,0,1,1,5,2,1,1,5,3,2,1,3,26,7,0,0,0,1,0,0,0,1,0,0,0,0,1,1,1,46
866,0,9117.081964000003,2422.3208750000003,6712.771654000001,6551,0,0,1,0,1,1,1,0,0,0,0,0,0,0,0,1,0,0,0,0,0,0,0,0,0,0,0,0,0,0,1,1,0,0,19,77,58,0.7532467532467533,3.0526315789473686,0.03896103896103896,1,0,0.7792207792207793,0, 1, 0, 0, 0, 0,5,7,2,1,1,1,3,2,2,5,5,6,2,1,3,2,2,0,2,6,3,5,13,18,25,4,5,7,2,1,1,1,3,2,2,5,5,6,2,1,3,2,2,0,2,6,3,5,13,18,25,4,5,7,2,1,1,1,3,2,2,5,5,6,2,1,3,2,2,0,2,6,3,5,13,18,25,4,0,0,0,0,0,0,0,0,0,0,0,0,0,1,1,58
868,0,22958.442693,5894.188913000001,17082.264344999996,423,1,0,0,0,1,0,1,0,0,0,0,0,0,0,0,1,0,0,0,0,0,0,0,0,0,0,0,0,0,0,1,1,0,0,52,210,158,0.7523809523809524,3.0384615384615383,0.009523809523809525,1,0,1.0,0, 0, 0, 0, 0, 0,14,9,4,4,1,2,15,10,1,11,20,8,4,3,8,13,8,0,4,19,7,19,17,36,78,21,14,9,4,4,1,2,15,10,1,11,20,8,4,3,8,13,8,0,4,19,7,19,17,36,78,21,14,9,4,4,1,2,15,10,1,11,20,8,4,3,8,13,8,0,4,19,7,19,17,36,78,21,0,0,0,0,0,0,0,0,0,0,0,0,0,1,1,158
869,1,4738.295067,1193.695447,3562.6101850000005,272,1,0,0,1,0,1,1,0,0,1,1,0,0,0,0,1,0,0,1,0,0,0,0,0,0,0,0,0,0,0,1,1,0,1,11,45,34,0.7555555555555555,3.090909090909091,0.13333333333333333,3,6.5,0.26666666666666666,0, 0, 3, 0, 0, 2,3,3,0,1,6,3,2,4,0,0,0,4,0,0,0,4,2,0,0,2,0,2,7,9,9,6,3,3,0,1,6,3,2,4,0,0,0,4,0,0,0,4,2,0,0,2,0,2,7,9,9,6,3,3,0,1,6,3,2,4,0,0,0,4,0,0,0,4,2,0,0,2,0,2,7,9,9,6,0,0,0,0,0,0,0,0,0,0,0,0,0,1,1,34
870,0,20038.736709000008,4889.881285,15166.865989,1694,0,0,1,1,0,0,0,1,0,0,0,0,0,0,1,1,0,0,0,0,0,0,0,0,0,0,0,0,0,0,1,1,0,0,45,182,137,0.7527472527472527,3.0444444444444443,0.005494505494505495,0,0,1.0,0, 0, 0, 0, 0, 0,26,9,9,5,1,11,10,7,2,5,14,10,1,3,3,3,4,1,6,7,10,19,19,38,60,7,26,9,9,5,1,11,10,7,2,5,14,10,1,3,3,3,4,1,6,7,10,19,19,38,60,7,26,9,9,5,1,11,10,7,2,5,14,10,1,3,3,3,4,1,6,7,10,19,19,38,60,7,0,0,0,0,0,0,0,0,0,0,0,0,0,1,1,137
871,0,34513.48967300003,8772.603835,25758.896403000013,2344,0,0,1,0,1,1,1,0,0,0,0,0,0,0,0,1,0,0,0,0,0,0,0,0,0,0,0,0,0,0,1,1,0,0,74,298,224,0.7516778523489933,3.027027027027027,0.016778523489932886,0,0,0.8422818791946308,0, 1, 0, 0, 0, 1,20,20,10,3,2,8,21,19,4,9,21,6,7,17,15,11,7,7,7,10,31,31,26,57,86,18,20,20,10,3,2,8,21,19,4,9,21,6,7,17,15,11,7,7,7,10,31,31,26,57,86,18,20,20,10,3,2,8,21,19,4,9,21,6,7,17,15,11,7,7,7,10,31,31,26,57,86,18,0,0,0,0,0,0,0,0,0,0,0,0,0,1,1,224
872,0,6434.960090000002,1701.7160590000003,4751.254596000001,4761,0,0,1,0,1,1,1,0,1,1,1,0,0,0,0,1,0,0,0,0,0,0,0,0,0,0,0,0,0,0,1,1,0,1,15,61,46,0.7540983606557377,3.066666666666667,0.13114754098360656,5,7.75,0.18032786885245902,0, 0, 2, 0, 2, 2,4,1,2,0,6,1,6,4,0,4,3,1,0,0,2,0,6,0,0,6,0,8,2,10,21,6,4,1,2,0,6,1,6,4,0,4,3,1,0,0,2,0,6,0,0,6,0,8,2,10,21,6,4,1,2,0,6,1,6,4,0,4,3,1,0,0,2,0,6,0,0,6,0,8,2,10,21,6,0,0,0,0,0,0,0,0,0,0,0,0,0,1,1,46
874,0,11926.046024999996,3060.4790370000005,8883.577553,7371,0,0,1,1,0,1,1,0,0,0,0,0,0,0,0,1,0,0,0,0,0,0,0,0,0,0,0,0,0,0,1,1,0,0,26,105,79,0.7523809523809524,3.0384615384615383,0.02857142857142857,2,12.0,1.0,0, 0, 0, 0, 0, 0,7,3,4,1,3,2,5,6,1,4,7,9,4,2,6,0,5,1,4,5,7,9,12,21,33,5,7,3,4,1,3,2,5,6,1,4,7,9,4,2,6,0,5,1,4,5,7,9,12,21,33,5,7,3,4,1,3,2,5,6,1,4,7,9,4,2,6,0,5,1,4,5,7,9,12,21,33,5,0,0,0,0,0,0,0,0,0,0,0,0,0,1,1,79
876,0,29036.124860000025,7335.726237999998,21718.409187000016,8163,0,0,1,1,0,1,1,0,0,0,0,0,0,0,0,1,0,0,0,0,0,0,1,0,0,1,0,0,0,1,1,1,0,0,68,272,204,0.75,3.0,0.011029411764705883,3,5.0,1.0,0, 0, 0, 0, 0, 0,23,22,16,5,3,9,5,27,3,5,26,3,1,5,7,7,12,2,4,19,11,21,25,46,101,19,23,22,16,5,3,9,5,27,3,5,26,3,1,5,7,7,12,2,4,19,11,21,25,46,101,19,23,22,16,5,3,9,5,27,3,5,26,3,1,5,7,7,12,2,4,19,11,21,25,46,101,19,0,1,0,0,0,0,1,1,0,0,0,0,1,1,1,204
877,0,25093.901946000005,6566.7640500000025,18545.148460999997,7474,0,0,1,1,0,0,1,0,0,0,0,0,1,0,0,1,0,0,0,0,0,0,1,0,0,1,0,0,0,1,1,1,0,0,57,230,173,0.7521739130434782,3.0350877192982457,0.008695652173913044,0,0,1.0,0, 0, 0, 0, 0, 0,21,15,5,0,2,1,6,18,6,6,31,1,4,6,9,6,14,3,3,16,12,11,16,27,96,20,21,15,5,0,2,1,6,18,6,6,31,1,4,6,9,6,14,3,3,16,12,11,16,27,96,20,21,15,5,0,2,1,6,18,6,6,31,1,4,6,9,6,14,3,3,16,12,11,16,27,96,20,0,1,0,0,0,0,1,1,0,0,0,0,1,1,1,173
878,0,10047.027126,2572.209025,7492.828665999999,20,1,1,0,0,1,0,0,1,0,0,0,0,0,0,0,1,0,0,0,0,0,0,1,0,0,1,0,0,0,1,1,1,0,0,23,93,70,0.7526881720430108,3.0434782608695654,0.0,0,0,1.0,0, 0, 0, 0, 0, 0,10,4,7,2,0,1,5,6,0,3,8,3,2,2,1,3,5,1,1,6,4,12,7,19,35,8,10,4,7,2,0,1,5,6,0,3,8,3,2,2,1,3,5,1,1,6,4,12,7,19,35,8,10,4,7,2,0,1,5,6,0,3,8,3,2,2,1,3,5,1,1,6,4,12,7,19,35,8,0,1,0,0,0,0,1,1,0,0,0,0,1,1,1,70
879,1,9541.381496000002,2236.0616290000003,7323.330431999999,68,1,1,0,1,0,1,1,0,0,0,0,1,0,0,1,1,0,0,0,0,0,0,1,0,0,1,0,0,0,1,1,1,0,0,22,88,66,0.75,3.0,0.03409090909090909,3,1.5,1.0,1, 0, 0, 0, 0, 0,6,2,2,3,3,4,9,4,1,1,5,1,2,4,2,6,5,2,0,4,6,11,3,14,22,11,6,2,2,3,3,4,9,4,1,1,5,1,2,4,2,6,5,2,0,4,6,11,3,14,22,11,6,2,2,3,3,4,9,4,1,1,5,1,2,4,2,6,5,2,0,4,6,11,3,14,22,11,0,1,0,0,0,0,1,1,0,0,0,0,1,1,1,66
881,0,10600.553912,2549.404645,8069.159832000001,4804,0,0,1,1,0,0,1,0,0,0,0,0,0,0,1,1,0,0,0,0,0,0,1,0,0,1,0,0,0,1,1,1,0,0,23,93,70,0.7526881720430108,3.0434782608695654,0.021505376344086023,1,0,1.0,0, 0, 0, 0, 0, 0,5,9,4,2,2,1,5,4,3,3,8,0,0,1,6,2,4,1,4,6,6,9,9,18,26,6,5,9,4,2,2,1,5,4,3,3,8,0,0,1,6,2,4,1,4,6,6,9,9,18,26,6,5,9,4,2,2,1,5,4,3,3,8,0,0,1,6,2,4,1,4,6,6,9,9,18,26,6,0,1,0,0,0,0,1,1,0,0,0,0,1,1,1,70
882,0,6261.234806000001,1481.675515,4797.569856,5078,0,0,1,0,1,0,1,0,0,0,0,0,0,0,0,1,0,0,0,0,0,0,1,0,0,1,0,0,0,1,1,1,0,0,14,59,45,0.7627118644067796,3.2142857142857144,0.03389830508474576,1,0,1.0,0, 0, 0, 0, 0, 0,9,2,3,1,1,4,4,1,1,0,10,1,0,0,0,1,2,0,0,5,0,7,3,10,25,3,9,2,3,1,1,4,4,1,1,0,10,1,0,0,0,1,2,0,0,5,0,7,3,10,25,3,9,2,3,1,1,4,4,1,1,0,10,1,0,0,0,1,2,0,0,5,0,7,3,10,25,3,0,1,0,0,0,0,1,1,0,0,0,0,1,1,1,45
885,0,30585.091351000006,7561.670595,23041.43132100001,522,0,0,0,0,1,1,1,0,0,0,0,0,1,0,1,1,0,0,0,0,0,0,0,0,0,0,0,0,0,0,1,1,0,0,67,269,202,0.7509293680297398,3.014925373134328,0.03345724907063197,3,14.5,1.0,0, 0, 0, 0, 0, 0,13,9,15,8,7,4,15,13,5,11,17,11,5,11,10,7,10,8,4,19,23,30,20,50,78,17,13,9,15,8,7,4,15,13,5,11,17,11,5,11,10,7,10,8,4,19,23,30,20,50,78,17,13,9,15,8,7,4,15,13,5,11,17,11,5,11,10,7,10,8,4,19,23,30,20,50,78,17,0,0,0,0,0,0,0,0,0,0,0,0,0,1,1,202
887,1,4929.363206000001,1253.72781,3693.6459609999997,85,1,1,0,1,0,1,1,0,0,1,1,0,0,0,0,1,0,0,1,0,0,0,0,0,0,0,0,0,0,0,1,1,0,1,11,46,35,0.7608695652173914,3.1818181818181817,0.13043478260869565,3,6.0,0.2608695652173913,0, 0, 3, 0, 0, 2,2,0,1,3,6,4,1,3,0,0,1,6,0,0,0,3,4,0,0,1,0,2,6,8,7,7,2,0,1,3,6,4,1,3,0,0,1,6,0,0,0,3,4,0,0,1,0,2,6,8,7,7,2,0,1,3,6,4,1,3,0,0,1,6,0,0,0,3,4,0,0,1,0,2,6,8,7,7,0,0,0,0,0,0,0,0,0,0,0,0,0,1,1,35
891,0,9160.543483000001,2507.201102000001,6671.352946000002,12601,0,0,1,0,1,1,1,0,0,0,0,0,0,0,0,1,0,0,0,0,0,0,0,0,0,1,0,0,0,1,1,1,0,1,21,84,63,0.75,3.0,0.05952380952380952,4,19.333333333333332,0.14285714285714285,0, 0, 0, 1, 0, 1,6,2,3,4,4,1,5,6,0,3,6,6,1,1,1,3,5,0,1,5,2,8,8,16,27,8,6,2,3,4,4,1,5,6,0,3,6,6,1,1,1,3,5,0,1,5,2,8,8,16,27,8,6,2,3,4,4,1,5,6,0,3,6,6,1,1,1,3,5,0,1,5,2,8,8,16,27,8,0,0,0,0,0,0,0,1,0,0,0,0,1,1,1,63
893,0,27723.67743099999,7175.407960999999,20566.28003500001,656,0,0,0,0,1,1,1,0,0,0,1,0,0,0,0,1,0,0,0,0,0,0,0,0,0,1,0,0,0,1,1,1,0,0,63,252,189,0.75,3.0,0.01984126984126984,4,26.333333333333332,0.7341269841269841,0, 1, 0, 0, 0, 0,16,4,13,2,2,3,12,12,4,14,17,4,4,12,17,14,16,2,7,14,21,25,8,33,77,30,16,4,13,2,2,3,12,12,4,14,17,4,4,12,17,14,16,2,7,14,21,25,8,33,77,30,16,4,13,2,2,3,12,12,4,14,17,4,4,12,17,14,16,2,7,14,21,25,8,33,77,30,0,0,0,0,0,0,0,1,0,0,0,0,1,1,1,189
894,1,4813.315861000001,1296.6972369999999,3534.629189,74,1,1,0,1,0,1,1,0,0,1,1,0,0,0,0,1,0,0,1,0,0,0,0,0,0,1,0,0,0,1,1,1,0,1,11,45,34,0.7555555555555555,3.090909090909091,0.13333333333333333,3,6.5,0.2222222222222222,0, 0, 3, 0, 0, 2,4,1,0,1,6,3,2,3,0,0,1,6,0,0,0,4,2,0,0,1,0,2,7,9,9,6,4,1,0,1,6,3,2,3,0,0,1,6,0,0,0,4,2,0,0,1,0,2,7,9,9,6,4,1,0,1,6,3,2,3,0,0,1,6,0,0,0,4,2,0,0,1,0,2,7,9,9,6,0,0,0,0,0,0,0,1,0,0,0,0,1,1,1,34
895,0,18001.00315,4232.505717000002,13786.507998000001,5502,0,0,1,0,1,1,1,0,0,0,1,0,0,0,0,1,0,0,0,0,0,0,0,0,0,1,0,0,0,1,1,1,0,0,39,159,120,0.7547169811320755,3.076923076923077,0.03773584905660377,1,0,0.6918238993710691,0, 1, 0, 0, 0, 0,5,2,10,5,4,1,10,4,2,10,7,9,3,6,4,16,5,1,10,6,17,20,11,31,35,21,5,2,10,5,4,1,10,4,2,10,7,9,3,6,4,16,5,1,10,6,17,20,11,31,35,21,5,2,10,5,4,1,10,4,2,10,7,9,3,6,4,16,5,1,10,6,17,20,11,31,35,21,0,0,0,0,0,0,0,1,0,0,0,0,1,1,1,120
896,0,31130.189247000024,7601.811732999998,23546.388079000008,11173,0,0,1,0,1,1,1,0,0,0,0,0,0,0,0,1,0,0,0,0,0,0,0,0,0,1,0,0,0,1,1,1,0,0,68,274,206,0.7518248175182481,3.0294117647058822,0.029197080291970802,4,143.0,0.48905109489051096,0, 0, 0, 1, 0, 0,19,16,17,2,5,6,16,9,3,9,14,8,11,12,9,15,10,1,10,14,23,33,24,57,76,25,19,16,17,2,5,6,16,9,3,9,14,8,11,12,9,15,10,1,10,14,23,33,24,57,76,25,19,16,17,2,5,6,16,9,3,9,14,8,11,12,9,15,10,1,10,14,23,33,24,57,76,25,0,0,0,0,0,0,0,1,0,0,0,0,1,1,1,206
901,0,18602.381369000002,4813.624643000001,13806.767290999987,895,0,0,0,1,0,0,0,1,0,0,0,0,0,0,0,1,0,0,0,0,0,0,0,0,0,0,0,0,0,0,1,1,0,0,43,173,130,0.7514450867052023,3.0232558139534884,0.005780346820809248,0,0,1.0,0, 0, 0, 0, 0, 0,14,0,1,3,1,2,2,14,3,21,14,8,3,9,5,4,9,0,6,11,15,3,8,11,77,13,14,0,1,3,1,2,2,14,3,21,14,8,3,9,5,4,9,0,6,11,15,3,8,11,77,13,14,0,1,3,1,2,2,14,3,21,14,8,3,9,5,4,9,0,6,11,15,3,8,11,77,13,0,0,0,0,0,0,0,0,0,0,0,0,0,1,1,130
903,1,4854.308712999999,1308.7951619999997,3563.5241159999996,49,1,1,0,1,0,1,1,0,0,1,1,0,0,0,0,1,0,0,1,0,0,0,0,0,0,0,0,0,0,0,1,1,0,1,11,45,34,0.7555555555555555,3.090909090909091,0.13333333333333333,3,6.0,0.28888888888888886,0, 0, 3, 0, 0, 2,2,1,0,2,6,3,4,3,0,1,0,2,0,0,0,3,3,0,0,4,0,4,3,7,10,6,2,1,0,2,6,3,4,3,0,1,0,2,0,0,0,3,3,0,0,4,0,4,3,7,10,6,2,1,0,2,6,3,4,3,0,1,0,2,0,0,0,3,3,0,0,4,0,4,3,7,10,6,0,0,0,0,0,0,0,0,0,0,0,0,0,1,1,34
906,0,18239.539755999995,4820.550294999999,13437.000026000005,678,0,0,0,1,0,1,1,0,0,0,0,0,0,0,0,1,0,0,0,0,0,0,0,0,0,0,0,0,0,0,1,1,0,0,42,168,126,0.75,3.0,0.017857142857142856,2,27.0,1.0,0, 0, 0, 0, 0, 0,9,5,6,7,3,2,8,14,4,13,8,10,2,0,4,7,9,0,4,11,4,14,15,29,57,16,9,5,6,7,3,2,8,14,4,13,8,10,2,0,4,7,9,0,4,11,4,14,15,29,57,16,9,5,6,7,3,2,8,14,4,13,8,10,2,0,4,7,9,0,4,11,4,14,15,29,57,16,0,0,0,0,0,0,0,0,0,0,0,0,0,1,1,126
907,0,5417.1119180000005,1506.8452989999998,3928.2771840000005,1459,0,0,1,0,1,0,1,0,0,0,0,0,0,0,0,1,0,0,0,0,0,0,0,0,0,0,0,0,0,0,1,1,0,0,12,51,39,0.7647058823529411,3.25,0.0392156862745098,0,0,1.0,0, 0, 0, 0, 0, 0,8,1,1,3,1,0,0,3,1,4,5,5,0,0,0,3,1,0,0,3,0,1,6,7,23,4,8,1,1,3,1,0,0,3,1,4,5,5,0,0,0,3,1,0,0,3,0,1,6,7,23,4,8,1,1,3,1,0,0,3,1,4,5,5,0,0,0,3,1,0,0,3,0,1,6,7,23,4,0,0,0,0,0,0,0,0,0,0,0,0,0,1,1,39
908,0,5417.1119180000005,1506.8452989999998,3928.2771840000005,1459,0,0,1,0,1,0,1,0,0,0,0,0,0,0,0,1,0,0,0,0,0,0,0,0,0,0,0,0,0,0,1,1,0,0,12,51,39,0.7647058823529411,3.25,0.0392156862745098,0,0,1.0,0, 0, 0, 0, 0, 0,8,1,1,3,1,0,0,3,1,4,5,5,0,0,0,3,1,0,0,3,0,1,6,7,23,4,8,1,1,3,1,0,0,3,1,4,5,5,0,0,0,3,1,0,0,3,0,1,6,7,23,4,8,1,1,3,1,0,0,3,1,4,5,5,0,0,0,3,1,0,0,3,0,1,6,7,23,4,0,0,0,0,0,0,0,0,0,0,0,0,0,1,1,39
909,0,6097.977620000001,1608.797696,4507.1904890000005,284,1,0,0,0,1,0,0,1,0,0,0,0,0,0,0,1,0,0,0,0,0,0,0,0,0,1,1,0,0,1,1,1,0,0,14,56,42,0.75,3.0,0.0,0,0,1.0,0, 0, 0, 0, 0, 0,7,1,5,2,0,2,2,5,2,2,0,5,0,1,2,0,3,1,1,1,3,7,6,13,15,3,7,1,5,2,0,2,2,5,2,2,0,5,0,1,2,0,3,1,1,1,3,7,6,13,15,3,7,1,5,2,0,2,2,5,2,2,0,5,0,1,2,0,3,1,1,1,3,7,6,13,15,3,0,0,0,0,0,0,0,1,1,0,0,0,1,1,1,42
910,0,5017.485509,1286.628884,3748.8671900000004,131,1,1,0,1,0,0,0,1,0,0,0,0,0,0,0,1,0,0,0,0,0,0,0,0,0,1,1,0,0,1,1,1,0,0,11,44,33,0.75,3.0,0.022727272727272728,0,0,1.0,0, 0, 0, 0, 0, 0,3,2,1,6,1,2,2,1,1,3,0,4,2,0,2,1,1,0,0,1,0,3,6,9,10,2,3,2,1,6,1,2,2,1,1,3,0,4,2,0,2,1,1,0,0,1,0,3,6,9,10,2,3,2,1,6,1,2,2,1,1,3,0,4,2,0,2,1,1,0,0,1,0,3,6,9,10,2,0,0,0,0,0,0,0,1,1,0,0,0,1,1,1,33
911,0,9379.887480999998,2557.364799,6840.533246999998,184,1,0,0,0,1,0,0,1,0,0,0,0,0,0,0,1,0,0,0,0,0,0,0,0,0,1,1,0,0,1,1,1,0,0,21,84,63,0.75,3.0,0.0,0,0,1.0,0, 0, 0, 0, 0, 0,2,0,3,1,0,1,3,8,0,3,4,6,1,2,7,4,3,0,7,8,9,6,6,12,26,7,2,0,3,1,0,1,3,8,0,3,4,6,1,2,7,4,3,0,7,8,9,6,6,12,26,7,2,0,3,1,0,1,3,8,0,3,4,6,1,2,7,4,3,0,7,8,9,6,6,12,26,7,0,0,0,0,0,0,0,1,1,0,0,0,1,1,1,63
912,0,7199.807663,1964.0223359999998,5253.795891999998,2722,0,0,1,1,0,0,0,1,0,0,0,0,0,0,0,1,0,0,0,0,0,0,0,0,0,1,1,0,0,1,1,1,0,0,16,66,50,0.7575757575757576,3.125,0.015151515151515152,0,0,1.0,0, 0, 0, 0, 0, 0,4,0,1,3,1,1,3,4,1,5,3,5,0,0,3,4,5,0,2,5,2,4,5,9,21,9,4,0,1,3,1,1,3,4,1,5,3,5,0,0,3,4,5,0,2,5,2,4,5,9,21,9,4,0,1,3,1,1,3,4,1,5,3,5,0,0,3,4,5,0,2,5,2,4,5,9,21,9,0,0,0,0,0,0,0,1,1,0,0,0,1,1,1,50
913,0,7979.820748000001,1843.8233000000002,6154.008013,1939,0,0,1,0,1,0,1,0,0,0,0,0,0,0,0,1,0,0,0,0,0,0,0,0,0,1,1,0,0,1,1,1,0,0,17,68,51,0.75,3.0,0.029411764705882353,1,0,1.0,0, 0, 0, 0, 0, 0,1,1,1,3,1,2,3,1,2,7,2,2,0,4,5,5,4,2,5,0,11,4,3,7,11,9,1,1,1,3,1,2,3,1,2,7,2,2,0,4,5,5,4,2,5,0,11,4,3,7,11,9,1,1,1,3,1,2,3,1,2,7,2,2,0,4,5,5,4,2,5,0,11,4,3,7,11,9,0,0,0,0,0,0,0,1,1,0,0,0,1,1,1,51
914,1,5837.545880000001,1539.753767,4315.802677999999,20,1,1,0,0,1,1,1,0,0,0,1,0,0,0,0,1,0,0,0,0,0,0,0,0,0,1,1,0,0,1,1,1,0,1,12,51,39,0.7647058823529411,3.25,0.11764705882352941,1,0,0.3137254901960784,0, 2, 0, 0, 0, 0,0,2,6,2,5,0,0,4,3,2,1,0,0,3,0,4,2,1,0,4,4,6,2,8,11,6,0,2,6,2,5,0,0,4,3,2,1,0,0,3,0,4,2,1,0,4,4,6,2,8,11,6,0,2,6,2,5,0,0,4,3,2,1,0,0,3,0,4,2,1,0,4,4,6,2,8,11,6,0,0,0,0,0,0,0,1,1,0,0,0,1,1,1,39
915,0,25425.693745000015,6468.146445000001,18975.557865000002,4507,0,0,1,0,1,1,1,0,0,0,0,0,0,0,1,1,0,0,0,0,0,0,0,0,0,1,1,0,0,1,1,1,0,0,57,228,171,0.75,3.0,0.013157894736842105,0,0,1.0,0, 0, 0, 0, 0, 0,13,8,10,8,2,4,12,14,4,12,15,8,7,6,8,10,7,1,8,14,15,22,16,38,75,17,13,8,10,8,2,4,12,14,4,12,15,8,7,6,8,10,7,1,8,14,15,22,16,38,75,17,13,8,10,8,2,4,12,14,4,12,15,8,7,6,8,10,7,1,8,14,15,22,16,38,75,17,0,0,0,0,0,0,0,1,1,0,0,0,1,1,1,171
916,0,20492.225259999985,4818.640674,15691.595150999981,5331,0,0,1,0,1,1,1,0,0,0,0,0,0,0,0,1,0,0,0,0,0,0,0,0,0,1,1,0,0,1,1,1,0,0,44,179,135,0.7541899441340782,3.0681818181818183,0.0223463687150838,2,10.0,1.0,0, 0, 0, 0, 0, 1,5,4,3,6,2,4,3,5,1,18,19,11,2,10,0,13,8,1,11,9,22,6,15,21,58,21,5,4,3,6,2,4,3,5,1,18,19,11,2,10,0,13,8,1,11,9,22,6,15,21,58,21,5,4,3,6,2,4,3,5,1,18,19,11,2,10,0,13,8,1,11,9,22,6,15,21,58,21,0,0,0,0,0,0,0,1,1,0,0,0,1,1,1,135
917,0,4215.049238999998,1054.487446,3178.572358,7988,0,0,1,0,1,0,1,0,0,0,0,0,0,0,0,1,0,0,0,0,0,0,0,0,0,1,0,1,0,1,1,1,0,0,9,39,30,0.7692307692307693,3.3333333333333335,0.05128205128205128,0,0,0.7948717948717948,0, 1, 0, 0, 0, 0,4,1,3,1,0,1,1,2,1,0,3,0,0,2,5,2,0,0,1,3,3,4,1,5,12,2,4,1,3,1,0,1,1,2,1,0,3,0,0,2,5,2,0,0,1,3,3,4,1,5,12,2,4,1,3,1,0,1,1,2,1,0,3,0,0,2,5,2,0,0,1,3,3,4,1,5,12,2,0,0,0,0,0,0,0,1,0,1,0,1,1,1,1,30
919,0,23112.207478000004,5655.805154999999,17474.41288800001,338,1,0,0,0,1,0,0,1,0,0,0,0,0,0,0,1,0,0,0,0,0,0,0,0,0,1,0,1,0,1,1,1,0,0,52,211,159,0.7535545023696683,3.0576923076923075,0.004739336492890996,0,0,1.0,0, 0, 0, 0, 0, 0,25,19,13,3,0,6,6,7,2,2,19,5,1,0,9,6,9,1,7,19,8,19,24,43,73,15,25,19,13,3,0,6,6,7,2,2,19,5,1,0,9,6,9,1,7,19,8,19,24,43,73,15,25,19,13,3,0,6,6,7,2,2,19,5,1,0,9,6,9,1,7,19,8,19,24,43,73,15,0,0,0,0,0,0,0,1,0,1,0,1,1,1,1,159
920,1,3616.7523380000002,1130.615801,2504.147102,73,1,1,0,1,0,1,1,0,0,1,0,1,0,0,1,1,0,0,0,0,0,0,0,0,0,1,0,1,0,1,1,1,0,1,9,36,27,0.75,3.0,0.08333333333333333,6,1.8,0.3611111111111111,1, 0, 1, 0, 0, 0,9,1,0,1,3,1,1,5,1,0,2,1,0,1,0,1,0,0,0,0,1,1,2,3,16,1,9,1,0,1,3,1,1,5,1,0,2,1,0,1,0,1,0,0,0,0,1,1,2,3,16,1,9,1,0,1,3,1,1,5,1,0,2,1,0,1,0,1,0,0,0,0,1,1,2,3,16,1,0,0,0,0,0,0,0,1,0,1,0,1,1,1,1,27
921,0,10845.361790000003,2783.3224769999997,8080.0498780000025,13,1,1,0,0,1,0,0,1,0,0,0,0,0,0,0,1,0,0,0,0,0,0,0,0,0,1,0,1,0,1,1,1,0,0,24,96,72,0.75,3.0,0.0,0,0,1.0,0, 0, 0, 0, 0, 0,9,9,8,2,0,5,6,6,1,3,6,1,1,3,1,2,4,1,0,4,4,14,10,24,29,6,9,9,8,2,0,5,6,6,1,3,6,1,1,3,1,2,4,1,0,4,4,14,10,24,29,6,9,9,8,2,0,5,6,6,1,3,6,1,1,3,1,2,4,1,0,4,4,14,10,24,29,6,0,0,0,0,0,0,0,1,0,1,0,1,1,1,1,72
922,0,28379.358618999988,7143.869941000003,21253.499242999987,1946,0,0,1,1,0,0,1,0,0,0,0,0,0,0,1,1,0,0,0,0,0,0,0,0,0,1,0,1,0,1,1,1,0,0,66,266,200,0.7518796992481203,3.0303030303030303,0.007518796992481203,3,4.0,1.0,0, 0, 0, 0, 0, 1,37,10,4,3,2,8,3,14,0,5,41,1,4,11,8,13,11,4,8,13,23,7,11,18,114,24,37,10,4,3,2,8,3,14,0,5,41,1,4,11,8,13,11,4,8,13,23,7,11,18,114,24,37,10,4,3,2,8,3,14,0,5,41,1,4,11,8,13,11,4,8,13,23,7,11,18,114,24,0,0,0,0,0,0,0,1,0,1,0,1,1,1,1,200
923,0,28069.824251000013,6621.412339999999,21466.422476000007,5376,0,0,1,1,0,0,1,0,0,0,0,0,1,0,0,1,0,0,0,0,0,0,0,0,0,1,0,1,0,1,1,1,0,0,64,259,195,0.752895752895753,3.046875,0.007722007722007722,0,0,1.0,0, 0, 0, 0, 0, 0,21,10,18,8,2,11,12,17,5,13,13,6,9,9,7,9,7,2,4,12,15,30,16,46,85,16,21,10,18,8,2,11,12,17,5,13,13,6,9,9,7,9,7,2,4,12,15,30,16,46,85,16,21,10,18,8,2,11,12,17,5,13,13,6,9,9,7,9,7,2,4,12,15,30,16,46,85,16,0,0,0,0,0,0,0,1,0,1,0,1,1,1,1,195
925,0,31150.64345600002,7843.9613359999985,23324.692684999995,4863,0,0,1,0,1,1,1,0,0,0,0,0,0,0,0,1,0,0,0,0,0,0,0,0,0,0,0,0,1,0,1,1,0,0,74,298,224,0.7516778523489933,3.027027027027027,0.026845637583892617,4,47.333333333333336,1.0,0, 0, 0, 0, 0, 0,24,8,9,13,7,4,17,31,2,10,24,9,6,8,9,11,8,3,2,19,13,26,17,43,114,19,24,8,9,13,7,4,17,31,2,10,24,9,6,8,9,11,8,3,2,19,13,26,17,43,114,19,24,8,9,13,7,4,17,31,2,10,24,9,6,8,9,11,8,3,2,19,13,26,17,43,114,19,0,0,0,0,0,0,0,0,0,0,1,0,0,1,1,224
926,0,30964.54301400002,7857.9406,23124.612978999994,4863,0,0,1,0,1,1,1,0,0,0,0,0,0,0,0,1,0,0,0,0,0,0,0,0,0,0,0,0,1,0,1,1,0,0,74,296,222,0.75,3.0,0.02702702702702703,4,47.333333333333336,1.0,0, 0, 0, 0, 0, 0,23,8,9,13,7,4,16,31,2,10,24,9,6,8,9,11,8,3,2,19,13,25,17,42,113,19,23,8,9,13,7,4,16,31,2,10,24,9,6,8,9,11,8,3,2,19,13,25,17,42,113,19,23,8,9,13,7,4,16,31,2,10,24,9,6,8,9,11,8,3,2,19,13,25,17,42,113,19,0,0,0,0,0,0,0,0,0,0,1,0,0,1,1,222
927,0,27224.792781999993,6650.466914999998,20592.336431999986,4077,0,0,1,0,1,1,1,0,0,0,0,0,0,0,0,1,0,0,0,0,0,0,0,0,0,0,0,0,1,0,1,1,0,0,61,247,186,0.7530364372469636,3.0491803278688523,0.012145748987854251,2,63.0,1.0,0, 0, 0, 0, 0, 0,21,12,13,10,2,6,13,14,7,15,17,4,5,8,11,7,7,2,4,8,14,26,16,42,80,14,21,12,13,10,2,6,13,14,7,15,17,4,5,8,11,7,7,2,4,8,14,26,16,42,80,14,21,12,13,10,2,6,13,14,7,15,17,4,5,8,11,7,7,2,4,8,14,26,16,42,80,14,0,0,0,0,0,0,0,0,0,0,1,0,0,1,1,186
928,0,16441.38182299998,4145.092724999999,12314.299662999996,2404,0,0,1,1,0,0,1,0,0,0,1,0,0,0,0,1,0,0,0,0,0,0,0,0,0,0,0,0,1,0,1,1,0,0,39,156,117,0.75,3.0,0.01282051282051282,1,0,0.6602564102564102,0, 1, 0, 0, 0, 0,13,1,8,6,2,2,10,8,2,3,12,10,5,2,4,6,7,0,0,16,2,18,11,29,57,13,13,1,8,6,2,2,10,8,2,3,12,10,5,2,4,6,7,0,0,16,2,18,11,29,57,13,13,1,8,6,2,2,10,8,2,3,12,10,5,2,4,6,7,0,0,16,2,18,11,29,57,13,0,0,0,0,0,0,0,0,0,0,1,0,0,1,1,117
930,0,10812.549583999997,2853.3108489999986,7977.249300000004,325,1,0,0,1,0,0,0,1,0,0,0,0,0,0,0,1,0,0,0,0,0,0,0,0,0,0,0,0,1,0,1,1,0,0,22,90,68,0.7555555555555555,3.090909090909091,0.011111111111111112,1,0,1.0,0, 0, 0, 0, 0, 0,3,7,6,5,1,1,3,4,2,10,5,5,0,3,3,1,5,1,2,1,6,9,12,21,23,6,3,7,6,5,1,1,3,4,2,10,5,5,0,3,3,1,5,1,2,1,6,9,12,21,23,6,3,7,6,5,1,1,3,4,2,10,5,5,0,3,3,1,5,1,2,1,6,9,12,21,23,6,0,0,0,0,0,0,0,0,0,0,1,0,0,1,1,68
931,1,4641.172217,1295.738375,3363.444407,78,1,1,0,1,0,1,1,0,0,1,1,0,0,0,0,1,0,0,1,0,0,0,0,0,0,0,0,0,1,0,1,1,0,1,11,45,34,0.7555555555555555,3.090909090909091,0.13333333333333333,3,6.5,0.2222222222222222,0, 0, 3, 0, 0, 2,3,0,0,1,6,4,2,5,0,0,1,3,0,0,0,4,2,0,0,3,0,2,3,5,12,6,3,0,0,1,6,4,2,5,0,0,1,3,0,0,0,4,2,0,0,3,0,2,3,5,12,6,3,0,0,1,6,4,2,5,0,0,1,3,0,0,0,4,2,0,0,3,0,2,3,5,12,6,0,0,0,0,0,0,0,0,0,0,1,0,0,1,1,34
932,0,27389.540506000016,6480.561288000001,20926.989783000015,2515,0,0,1,0,1,1,1,0,0,0,0,0,0,0,0,1,0,0,0,0,0,0,0,0,0,0,0,0,1,0,1,1,0,0,62,251,189,0.7529880478087649,3.0483870967741935,0.01593625498007968,0,0,1.0,0, 0, 0, 0, 0, 0,23,13,7,3,3,6,17,16,4,14,10,17,2,5,7,6,12,2,8,14,15,24,30,54,79,18,23,13,7,3,3,6,17,16,4,14,10,17,2,5,7,6,12,2,8,14,15,24,30,54,79,18,23,13,7,3,3,6,17,16,4,14,10,17,2,5,7,6,12,2,8,14,15,24,30,54,79,18,0,0,0,0,0,0,0,0,0,0,1,0,0,1,1,189
933,0,24968.437446000007,6149.93184,18836.516171000003,4852,0,0,1,0,1,1,1,0,0,0,0,0,0,0,1,1,0,0,0,0,0,0,0,0,0,0,0,0,1,0,1,1,0,0,57,230,173,0.7521739130434782,3.0350877192982457,0.021739130434782608,3,11.5,1.0,0, 0, 0, 0, 0, 1,16,9,11,5,2,5,15,18,1,11,19,9,7,4,4,7,14,0,7,9,11,26,18,44,80,21,16,9,11,5,2,5,15,18,1,11,19,9,7,4,4,7,14,0,7,9,11,26,18,44,80,21,16,9,11,5,2,5,15,18,1,11,19,9,7,4,4,7,14,0,7,9,11,26,18,44,80,21,0,0,0,0,0,0,0,0,0,0,1,0,0,1,1,173
934,0,21763.60100299998,5491.799083999999,16289.812483999987,6637,0,0,1,1,0,1,1,0,0,0,0,0,0,0,0,1,0,0,0,0,0,0,0,0,0,0,0,0,1,0,1,1,0,0,51,204,153,0.75,3.0,0.0196078431372549,1,0,1.0,0, 0, 0, 0, 0, 0,18,3,2,2,4,3,7,18,1,21,22,4,5,13,2,7,6,2,3,10,18,9,7,16,94,13,18,3,2,2,4,3,7,18,1,21,22,4,5,13,2,7,6,2,3,10,18,9,7,16,94,13,18,3,2,2,4,3,7,18,1,21,22,4,5,13,2,7,6,2,3,10,18,9,7,16,94,13,0,0,0,0,0,0,0,0,0,0,1,0,0,1,1,153
935,0,20470.90589099998,4929.505344,15559.41111199999,6670,0,0,1,1,0,1,1,0,0,0,0,0,0,0,0,1,0,0,0,0,0,0,0,0,0,0,0,0,1,0,1,1,0,0,48,193,145,0.7512953367875648,3.0208333333333335,0.02072538860103627,1,0,1.0,0, 0, 0, 0, 0, 0,16,3,2,2,4,3,7,16,1,20,21,4,5,12,2,7,5,2,3,10,17,9,7,16,88,12,16,3,2,2,4,3,7,16,1,20,21,4,5,12,2,7,5,2,3,10,17,9,7,16,88,12,16,3,2,2,4,3,7,16,1,20,21,4,5,12,2,7,5,2,3,10,17,9,7,16,88,12,0,0,0,0,0,0,0,0,0,0,1,0,0,1,1,145
936,0,15662.64539700001,4020.02881,11660.627152000001,7344,0,0,1,0,1,0,1,0,0,0,0,0,0,0,0,1,0,0,0,0,0,0,0,0,0,0,0,0,1,0,1,1,0,0,34,136,102,0.75,3.0,0.014705882352941176,0,0,1.0,0, 0, 0, 0, 0, 0,6,5,7,8,1,4,6,7,1,7,2,4,3,6,4,5,6,0,9,11,15,13,9,22,36,11,6,5,7,8,1,4,6,7,1,7,2,4,3,6,4,5,6,0,9,11,15,13,9,22,36,11,6,5,7,8,1,4,6,7,1,7,2,4,3,6,4,5,6,0,9,11,15,13,9,22,36,11,0,0,0,0,0,0,0,0,0,0,1,0,0,1,1,102
937,0,15375.50380200001,3847.914158000001,11545.600209000002,7350,0,0,1,0,1,0,1,0,0,0,0,0,0,0,0,1,0,0,0,0,0,0,0,0,0,0,0,0,1,0,1,1,0,0,33,134,101,0.753731343283582,3.0606060606060606,0.014925373134328358,0,0,1.0,0, 0, 0, 0, 0, 0,6,5,6,8,1,4,6,7,1,7,2,4,3,6,4,5,6,0,9,11,15,12,9,21,36,11,6,5,6,8,1,4,6,7,1,7,2,4,3,6,4,5,6,0,9,11,15,12,9,21,36,11,6,5,6,8,1,4,6,7,1,7,2,4,3,6,4,5,6,0,9,11,15,12,9,21,36,11,0,0,0,0,0,0,0,0,0,0,1,0,0,1,1,101
939,0,22393.446183000007,5664.808174000001,16746.648573999977,7828,0,0,1,0,1,1,1,0,0,0,0,1,0,0,0,1,0,0,0,0,0,0,0,0,0,0,0,0,0,0,1,1,0,0,51,205,154,0.751219512195122,3.019607843137255,0.01951219512195122,2,1.0,1.0,1, 0, 0, 0, 0, 0,7,1,14,8,2,3,8,16,8,15,17,16,3,4,6,8,9,0,3,6,7,22,17,39,64,17,7,1,14,8,2,3,8,16,8,15,17,16,3,4,6,8,9,0,3,6,7,22,17,39,64,17,7,1,14,8,2,3,8,16,8,15,17,16,3,4,6,8,9,0,3,6,7,22,17,39,64,17,0,0,0,0,0,0,0,0,0,0,0,0,0,1,1,154
943,0,18192.32810599998,4641.216437,13569.122234000002,8,1,1,0,0,1,1,1,0,0,0,0,0,0,0,0,1,0,0,0,0,0,0,0,0,0,0,0,0,0,0,1,1,0,0,41,166,125,0.7530120481927711,3.048780487804878,0.018072289156626505,1,0,1.0,0, 0, 0, 0, 0, 0,8,3,6,9,1,1,10,14,4,18,8,12,2,0,4,6,7,0,6,6,6,16,15,31,56,13,8,3,6,9,1,1,10,14,4,18,8,12,2,0,4,6,7,0,6,6,6,16,15,31,56,13,8,3,6,9,1,1,10,14,4,18,8,12,2,0,4,6,7,0,6,6,6,16,15,31,56,13,0,0,0,0,0,0,0,0,0,0,0,0,0,1,1,125
944,1,4733.230794000001,1242.7118249999996,3508.5295340000002,137,1,1,0,1,0,1,1,0,0,1,1,0,0,0,0,1,0,0,1,0,0,0,0,0,0,0,0,0,0,0,1,1,0,1,11,45,34,0.7555555555555555,3.090909090909091,0.13333333333333333,3,6.5,0.2222222222222222,0, 0, 3, 0, 0, 2,4,1,0,1,6,3,3,3,0,0,1,4,0,0,0,4,3,0,0,1,0,3,5,8,9,7,4,1,0,1,6,3,3,3,0,0,1,4,0,0,0,4,3,0,0,1,0,3,5,8,9,7,4,1,0,1,6,3,3,3,0,0,1,4,0,0,0,4,3,0,0,1,0,3,5,8,9,7,0,0,0,0,0,0,0,0,0,0,0,0,0,1,1,34
945,0,13588.269098999985,3538.991738000001,10067.287925999992,332,1,0,0,1,0,0,0,1,0,0,0,0,0,0,0,1,0,0,0,0,0,0,0,0,0,0,0,0,0,0,1,1,0,0,30,122,92,0.7540983606557377,3.066666666666667,0.00819672131147541,2,2.0,1.0,0, 0, 0, 0, 0, 0,6,0,3,4,1,1,1,11,0,17,7,7,4,8,1,9,3,0,7,2,15,4,7,11,47,12,6,0,3,4,1,1,1,11,0,17,7,7,4,8,1,9,3,0,7,2,15,4,7,11,47,12,6,0,3,4,1,1,1,11,0,17,7,7,4,8,1,9,3,0,7,2,15,4,7,11,47,12,0,0,0,0,0,0,0,0,0,0,0,0,0,1,1,92
948,0,6653.440309,1643.841336,5027.609538,6263,0,0,1,0,1,1,1,0,0,1,0,0,0,0,0,1,0,0,0,0,0,0,0,0,0,0,0,0,0,0,1,1,0,0,14,59,45,0.7627118644067796,3.2142857142857144,0.06779661016949153,0,0,0.288135593220339,0, 0, 1, 0, 0, 0,5,0,0,3,3,1,7,1,0,2,7,6,1,0,0,2,1,0,2,4,2,7,6,13,20,3,5,0,0,3,3,1,7,1,0,2,7,6,1,0,0,2,1,0,2,4,2,7,6,13,20,3,5,0,0,3,3,1,7,1,0,2,7,6,1,0,0,2,1,0,2,4,2,7,6,13,20,3,0,0,0,0,0,0,0,0,0,0,0,0,0,1,1,45
949,0,27948.736804999986,6899.584318000003,21067.163051999985,3610,0,0,1,0,1,0,1,0,0,0,0,0,0,0,0,1,0,0,0,0,0,0,0,1,0,1,0,1,0,1,1,1,0,0,59,238,179,0.7521008403361344,3.0338983050847457,0.008403361344537815,0,0,1.0,0, 0, 0, 0, 0, 0,6,6,9,13,1,3,14,7,4,31,12,18,3,8,2,13,4,1,14,10,23,23,24,47,69,17,6,6,9,13,1,3,14,7,4,31,12,18,3,8,2,13,4,1,14,10,23,23,24,47,69,17,6,6,9,13,1,3,14,7,4,31,12,18,3,8,2,13,4,1,14,10,23,23,24,47,69,17,0,0,1,0,0,0,0,1,0,1,0,0,1,1,1,179
950,0,33597.586315999986,7966.167292000002,25649.42958899998,1173,0,0,1,0,1,1,1,0,0,0,0,0,0,0,0,1,0,0,0,0,0,0,0,1,0,1,0,1,0,1,1,1,0,0,73,292,219,0.75,3.0,0.02054794520547945,0,0,1.0,0, 0, 0, 0, 0, 0,2,5,15,15,5,2,21,5,4,21,26,26,3,9,5,17,6,1,12,19,22,36,31,67,76,23,2,5,15,15,5,2,21,5,4,21,26,26,3,9,5,17,6,1,12,19,22,36,31,67,76,23,2,5,15,15,5,2,21,5,4,21,26,26,3,9,5,17,6,1,12,19,22,36,31,67,76,23,0,0,1,0,0,0,0,1,0,1,0,0,1,1,1,219
951,0,25230.418118,6164.336470000002,19084.09221299999,563,0,0,0,0,1,1,1,0,0,0,0,0,0,0,0,1,0,0,0,0,0,0,0,1,0,1,0,1,0,1,1,1,0,0,52,209,157,0.7511961722488039,3.019230769230769,0.014354066985645933,1,0,1.0,0, 0, 0, 0, 0, 0,3,3,6,11,2,3,5,5,1,28,14,13,5,20,1,9,3,1,16,8,37,11,16,27,63,12,3,3,6,11,2,3,5,5,1,28,14,13,5,20,1,9,3,1,16,8,37,11,16,27,63,12,3,3,6,11,2,3,5,5,1,28,14,13,5,20,1,9,3,1,16,8,37,11,16,27,63,12,0,0,1,0,0,0,0,1,0,1,0,0,1,1,1,157
952,1,4474.196608000002,1303.607813,3188.59936,350,1,0,0,1,0,1,1,0,0,1,0,0,0,0,0,1,0,0,0,0,0,0,0,1,0,1,0,1,0,1,1,1,0,1,11,44,33,0.75,3.0,0.06818181818181818,3,2.5,0.4090909090909091,0, 0, 2, 0, 0, 0,5,0,0,0,3,0,1,5,0,3,4,0,1,1,0,3,2,0,1,4,2,1,0,1,22,5,5,0,0,0,3,0,1,5,0,3,4,0,1,1,0,3,2,0,1,4,2,1,0,1,22,5,5,0,0,0,3,0,1,5,0,3,4,0,1,1,0,3,2,0,1,4,2,1,0,1,22,5,0,0,1,0,0,0,0,1,0,1,0,0,1,1,1,33
953,1,4644.226862999999,1333.6006189999998,3328.636809,180,1,0,0,1,0,1,1,0,0,1,0,0,0,0,0,1,0,0,0,0,0,0,0,1,0,1,0,1,0,1,1,1,0,1,11,45,34,0.7555555555555555,3.090909090909091,0.06666666666666667,3,2.5,0.4222222222222222,0, 0, 2, 0, 0, 0,5,0,0,0,3,0,2,6,0,2,4,0,1,2,0,3,0,1,0,5,3,2,0,2,23,3,5,0,0,0,3,0,2,6,0,2,4,0,1,2,0,3,0,1,0,5,3,2,0,2,23,3,5,0,0,0,3,0,2,6,0,2,4,0,1,2,0,3,0,1,0,5,3,2,0,2,23,3,0,0,1,0,0,0,0,1,0,1,0,0,1,1,1,34
955,0,15293.414790999985,3805.0847270000017,11506.340628999991,3022,0,0,1,1,0,0,1,0,0,0,0,0,0,0,0,1,0,0,0,0,0,0,0,1,0,1,0,1,0,1,1,1,0,0,35,140,105,0.75,3.0,0.014285714285714285,1,0,1.0,0, 0, 0, 0, 0, 1,5,1,3,2,2,1,4,7,0,16,17,9,6,6,1,14,2,0,3,6,9,7,10,17,57,16,5,1,3,2,2,1,4,7,0,16,17,9,6,6,1,14,2,0,3,6,9,7,10,17,57,16,5,1,3,2,2,1,4,7,0,16,17,9,6,6,1,14,2,0,3,6,9,7,10,17,57,16,0,0,1,0,0,0,0,1,0,1,0,0,1,1,1,105
956,0,26110.785109000004,6430.592576000002,19698.203098,4604,0,0,1,1,0,0,0,1,0,0,0,0,0,0,0,1,0,0,0,0,0,0,0,1,0,1,0,1,0,1,1,1,0,0,57,231,174,0.7532467532467533,3.0526315789473686,0.004329004329004329,0,0,1.0,0, 0, 0, 0, 0, 0,9,8,12,14,1,5,15,13,2,16,18,13,4,6,6,6,6,0,8,12,14,27,21,48,72,12,9,8,12,14,1,5,15,13,2,16,18,13,4,6,6,6,6,0,8,12,14,27,21,48,72,12,9,8,12,14,1,5,15,13,2,16,18,13,4,6,6,6,6,0,8,12,14,27,21,48,72,12,0,0,1,0,0,0,0,1,0,1,0,0,1,1,1,174
963,1,4889.247902000001,1339.739437,3567.5190300000004,124,1,1,0,1,0,1,1,0,0,1,1,0,0,0,0,1,0,0,1,0,0,0,0,0,0,0,0,0,0,0,1,1,0,1,11,45,34,0.7555555555555555,3.090909090909091,0.13333333333333333,3,6.0,0.2222222222222222,0, 0, 3, 0, 0, 2,1,0,0,3,6,3,3,3,0,0,2,4,0,0,0,5,3,0,0,1,0,3,4,7,7,8,1,0,0,3,6,3,3,3,0,0,2,4,0,0,0,5,3,0,0,1,0,3,4,7,7,8,1,0,0,3,6,3,3,3,0,0,2,4,0,0,0,5,3,0,0,1,0,3,4,7,7,8,0,0,0,0,0,0,0,0,0,0,0,0,0,1,1,34
964,0,18085.29925799997,4562.391682999999,13540.918139999996,1,1,1,0,1,0,1,1,0,1,0,0,0,1,0,0,1,0,0,0,0,0,0,0,0,0,0,0,0,0,0,1,1,0,0,41,166,125,0.7530120481927711,3.048780487804878,0.03614457831325301,2,18.0,0.3313253012048193,0, 0, 0, 0, 1, 0,4,4,5,9,6,2,9,14,4,20,6,6,2,2,6,5,6,0,4,11,6,14,10,24,57,11,4,4,5,9,6,2,9,14,4,20,6,6,2,2,6,5,6,0,4,11,6,14,10,24,57,11,4,4,5,9,6,2,9,14,4,20,6,6,2,2,6,5,6,0,4,11,6,14,10,24,57,11,0,0,0,0,0,0,0,0,0,0,0,0,0,1,1,125
972,0,17854.24185999998,4740.408396999999,13131.844028,30,1,1,0,0,1,1,1,0,0,0,0,0,0,0,0,1,0,0,0,0,0,0,0,0,0,0,0,0,0,0,1,1,0,0,41,166,125,0.7530120481927711,3.048780487804878,0.024096385542168676,1,0,1.0,0, 0, 0, 0, 0, 0,8,2,6,11,3,2,8,15,4,15,9,7,2,0,5,4,6,0,3,15,3,14,9,23,64,10,8,2,6,11,3,2,8,15,4,15,9,7,2,0,5,4,6,0,3,15,3,14,9,23,64,10,8,2,6,11,3,2,8,15,4,15,9,7,2,0,5,4,6,0,3,15,3,14,9,23,64,10,0,0,0,0,0,0,0,0,0,0,0,0,0,1,1,125
973,1,4885.216600000001,1185.6539749999997,3717.5731899999996,140,1,1,0,1,0,1,1,0,0,1,1,0,0,0,0,1,0,0,1,0,0,0,0,0,0,0,0,0,0,0,1,1,0,1,11,46,35,0.7608695652173914,3.1818181818181817,0.13043478260869565,3,6.5,0.2391304347826087,0, 0, 3, 0, 0, 2,4,1,0,2,6,3,4,2,1,0,1,3,0,0,0,3,4,0,0,1,0,4,4,8,8,7,4,1,0,2,6,3,4,2,1,0,1,3,0,0,0,3,4,0,0,1,0,4,4,8,8,7,4,1,0,2,6,3,4,2,1,0,1,3,0,0,0,3,4,0,0,1,0,4,4,8,8,7,0,0,0,0,0,0,0,0,0,0,0,0,0,1,1,35
978,0,22562.831126000016,5633.0438680000025,16947.797822999986,24,1,1,0,0,1,1,1,0,0,0,0,0,0,0,0,1,0,0,0,0,0,0,0,0,0,0,0,0,0,0,1,1,0,0,51,205,154,0.751219512195122,3.019607843137255,0.01951219512195122,1,0,0.9073170731707317,0, 0, 0, 1, 0, 0,3,3,8,7,2,4,9,15,7,17,14,13,4,7,9,12,10,0,3,7,10,17,16,33,60,22,3,3,8,7,2,4,9,15,7,17,14,13,4,7,9,12,10,0,3,7,10,17,16,33,60,22,3,3,8,7,2,4,9,15,7,17,14,13,4,7,9,12,10,0,3,7,10,17,16,33,60,22,0,0,0,0,0,0,0,0,0,0,0,0,0,1,1,154
979,0,17125.009110000003,4168.294295000002,12974.725379999998,662,0,0,0,1,0,0,0,1,0,0,0,0,0,0,0,1,0,0,0,0,0,0,0,0,0,0,0,0,0,0,1,1,0,0,37,149,112,0.7516778523489933,3.027027027027027,0.006711409395973154,0,0,1.0,0, 0, 0, 0, 0, 0,4,6,7,6,1,7,8,8,2,10,10,11,5,7,3,4,5,0,3,5,10,15,17,32,42,9,4,6,7,6,1,7,8,8,2,10,10,11,5,7,3,4,5,0,3,5,10,15,17,32,42,9,4,6,7,6,1,7,8,8,2,10,10,11,5,7,3,4,5,0,3,5,10,15,17,32,42,9,0,0,0,0,0,0,0,0,0,0,0,0,0,1,1,112
981,1,4816.267908000001,1240.7325609999998,3593.545912,90,1,1,0,1,0,1,1,0,0,1,1,0,0,0,0,1,0,0,1,0,0,0,0,0,0,0,0,0,0,0,1,1,0,1,11,46,35,0.7608695652173914,3.1818181818181817,0.13043478260869565,3,6.5,0.2391304347826087,0, 0, 3, 0, 0, 2,2,0,0,4,6,3,2,4,0,0,1,4,0,0,0,3,4,0,0,2,0,2,4,6,9,7,2,0,0,4,6,3,2,4,0,0,1,4,0,0,0,3,4,0,0,2,0,2,4,6,9,7,2,0,0,4,6,3,2,4,0,0,1,4,0,0,0,3,4,0,0,2,0,2,4,6,9,7,0,0,0,0,0,0,0,0,0,0,0,0,0,1,1,35
987,0,7321.259804000003,1935.279479,5403.990890000002,8578,0,0,1,0,1,0,0,1,0,0,0,0,0,0,0,1,0,0,0,0,0,1,0,0,1,1,1,1,0,1,1,1,0,0,16,64,48,0.75,3.0,0.0,0,0,1.0,0, 0, 0, 0, 0, 0,0,0,2,9,0,0,2,2,0,6,11,4,0,1,0,4,3,0,2,2,3,4,4,8,21,7,0,0,2,9,0,0,2,2,0,6,11,4,0,1,0,4,3,0,2,2,3,4,4,8,21,7,0,0,2,9,0,0,2,2,0,6,11,4,0,1,0,4,3,0,2,2,3,4,4,8,21,7,1,0,0,1,0,0,0,1,1,1,0,1,1,1,1,48
988,0,31197.013439999988,8165.451765000004,23049.572239999983,6606,0,0,1,1,0,0,1,0,0,0,0,0,0,0,0,1,0,0,0,0,0,1,0,0,1,1,1,1,0,1,1,1,0,0,68,275,207,0.7527272727272727,3.0441176470588234,0.007272727272727273,0,0,1.0,0, 0, 0, 0, 0, 0,13,0,5,8,2,11,7,10,2,27,28,13,6,20,12,18,4,2,4,15,26,12,13,25,99,22,13,0,5,8,2,11,7,10,2,27,28,13,6,20,12,18,4,2,4,15,26,12,13,25,99,22,13,0,5,8,2,11,7,10,2,27,28,13,6,20,12,18,4,2,4,15,26,12,13,25,99,22,1,0,0,1,0,0,0,1,1,1,0,1,1,1,1,207
989,0,32549.395634999943,7981.1686169999975,24586.237582999995,5739,0,0,1,0,1,1,1,0,0,0,0,0,0,0,0,1,0,0,0,0,0,1,0,0,1,1,1,1,0,1,1,1,0,0,71,284,213,0.75,3.0,0.01056338028169014,3,14.0,1.0,0, 0, 0, 0, 0, 0,8,5,4,17,2,7,4,8,1,32,30,8,5,21,8,20,7,3,12,11,36,8,13,21,94,27,8,5,4,17,2,7,4,8,1,32,30,8,5,21,8,20,7,3,12,11,36,8,13,21,94,27,8,5,4,17,2,7,4,8,1,32,30,8,5,21,8,20,7,3,12,11,36,8,13,21,94,27,1,0,0,1,0,0,0,1,1,1,0,1,1,1,1,213
990,0,18446.513073,4618.5077740000015,13846.015863999992,5182,0,0,1,0,1,0,0,1,0,0,0,0,0,0,0,1,0,0,0,0,0,1,0,0,1,1,1,1,0,1,1,1,0,0,43,172,129,0.75,3.0,0.005813953488372093,1,0,1.0,0, 0, 0, 0, 0, 0,5,1,7,21,0,4,5,10,0,12,4,15,2,4,2,18,7,1,1,10,6,12,16,28,43,25,5,1,7,21,0,4,5,10,0,12,4,15,2,4,2,18,7,1,1,10,6,12,16,28,43,25,5,1,7,21,0,4,5,10,0,12,4,15,2,4,2,18,7,1,1,10,6,12,16,28,43,25,1,0,0,1,0,0,0,1,1,1,0,1,1,1,1,129
991,1,6953.801953,1762.9035999999994,5208.908917999999,1537,0,0,1,1,0,1,1,0,0,1,0,1,0,0,0,1,0,0,0,0,0,1,0,0,1,1,1,1,0,1,1,1,0,1,16,64,48,0.75,3.0,0.09375,2,1.0,0.28125,2, 0, 2, 0, 0, 0,7,1,3,6,6,1,3,1,0,0,1,0,1,0,0,10,2,1,5,0,6,6,1,7,10,12,7,1,3,6,6,1,3,1,0,0,1,0,1,0,0,10,2,1,5,0,6,6,1,7,10,12,7,1,3,6,6,1,3,1,0,0,1,0,1,0,0,10,2,1,5,0,6,6,1,7,10,12,1,0,0,1,0,0,0,1,1,1,0,1,1,1,1,48
992,1,7554.143703000003,1813.0066250000002,5759.147642999998,1519,0,0,1,1,0,1,1,0,0,1,0,1,0,0,0,1,0,0,0,0,0,1,0,0,1,1,1,1,0,1,1,1,0,1,17,70,53,0.7571428571428571,3.1176470588235294,0.08571428571428572,2,1.0,0.2571428571428571,2, 0, 2, 0, 0, 0,7,1,3,7,6,1,3,1,0,0,1,0,1,1,0,11,4,1,5,0,7,6,1,7,10,15,7,1,3,7,6,1,3,1,0,0,1,0,1,1,0,11,4,1,5,0,7,6,1,7,10,15,7,1,3,7,6,1,3,1,0,0,1,0,1,1,0,11,4,1,5,0,7,6,1,7,10,15,1,0,0,1,0,0,0,1,1,1,0,1,1,1,1,53
993,0,29228.651171999987,6912.759972000003,22333.901764999984,315,1,0,0,0,1,1,1,0,1,1,0,0,0,0,0,1,0,0,0,0,0,1,0,0,1,1,1,1,0,1,1,1,0,1,62,250,188,0.752,3.032258064516129,0.028,2,28.0,0.22,0, 0, 1, 0, 1, 0,6,5,8,15,6,6,9,3,4,38,10,21,3,7,3,9,9,1,16,9,24,17,26,43,69,18,6,5,8,15,6,6,9,3,4,38,10,21,3,7,3,9,9,1,16,9,24,17,26,43,69,18,6,5,8,15,6,6,9,3,4,38,10,21,3,7,3,9,9,1,16,9,24,17,26,43,69,18,1,0,0,1,0,0,0,1,1,1,0,1,1,1,1,188
994,0,5058.874545000001,1342.8118740000002,3734.0732359999997,2409,0,0,1,0,1,0,0,1,0,0,0,0,0,0,1,1,0,0,0,0,0,1,0,0,1,1,1,1,0,1,1,1,0,0,11,46,35,0.7608695652173914,3.1818181818181817,0.0,0,0,1.0,0, 0, 0, 0, 0, 0,3,0,2,1,0,1,1,2,0,3,7,2,1,1,3,4,0,1,0,3,2,3,2,5,19,4,3,0,2,1,0,1,1,2,0,3,7,2,1,1,3,4,0,1,0,3,2,3,2,5,19,4,3,0,2,1,0,1,1,2,0,3,7,2,1,1,3,4,0,1,0,3,2,3,2,5,19,4,1,0,0,1,0,0,0,1,1,1,0,1,1,1,1,35
995,0,21794.12932099997,5349.795426000001,16462.344459999982,2613,0,0,1,0,1,1,1,0,0,0,0,0,0,0,0,1,0,0,0,0,0,1,0,0,1,1,1,1,0,1,1,1,0,0,47,189,142,0.7513227513227513,3.021276595744681,0.037037037037037035,1,0,1.0,0, 0, 0, 0, 0, 1,3,7,0,9,5,2,0,3,2,23,22,9,3,18,6,12,6,0,3,9,21,0,16,16,63,18,3,7,0,9,5,2,0,3,2,23,22,9,3,18,6,12,6,0,3,9,21,0,16,16,63,18,3,7,0,9,5,2,0,3,2,23,22,9,3,18,6,12,6,0,3,9,21,0,16,16,63,18,1,0,0,1,0,0,0,1,1,1,0,1,1,1,1,142
996,0,25592.470838999983,6414.1928960000005,19196.288507999998,4680,0,0,1,0,1,1,1,0,0,0,0,0,0,0,0,1,0,0,0,0,0,1,0,0,1,1,1,1,0,1,1,1,0,0,55,223,168,0.7533632286995515,3.0545454545454547,0.02242152466367713,0,0,1.0,0, 0, 0, 0, 0, 0,8,10,11,11,3,1,11,9,4,18,19,17,3,4,3,7,12,1,6,10,11,22,27,49,67,19,8,10,11,11,3,1,11,9,4,18,19,17,3,4,3,7,12,1,6,10,11,22,27,49,67,19,8,10,11,11,3,1,11,9,4,18,19,17,3,4,3,7,12,1,6,10,11,22,27,49,67,19,1,0,0,1,0,0,0,1,1,1,0,1,1,1,1,168
997,0,7316.249381000002,1851.0263000000002,5483.233646000002,5559,0,0,1,1,0,0,0,1,0,0,0,0,0,0,0,1,0,0,0,0,0,1,0,0,1,1,1,1,0,1,1,1,0,0,15,62,47,0.7580645161290323,3.1333333333333333,0.016129032258064516,0,0,1.0,0, 0, 0, 0, 0, 0,2,0,4,2,1,1,1,1,1,5,12,10,0,0,0,1,2,0,3,1,3,5,10,15,21,3,2,0,4,2,1,1,1,1,1,5,12,10,0,0,0,1,2,0,3,1,3,5,10,15,21,3,2,0,4,2,1,1,1,1,1,5,12,10,0,0,0,1,2,0,3,1,3,5,10,15,21,3,1,0,0,1,0,0,0,1,1,1,0,1,1,1,1,47
998,0,27303.208862000014,6464.473640000001,20856.745787,7035,0,0,1,0,1,1,1,0,0,0,0,0,0,0,0,1,0,0,0,0,0,1,0,0,1,1,1,1,0,1,1,1,0,0,60,242,182,0.7520661157024794,3.033333333333333,0.012396694214876033,0,0,1.0,0, 0, 0, 0, 0, 0,8,11,13,8,2,4,19,12,6,16,15,19,7,7,3,12,5,0,4,11,11,32,30,62,69,17,8,11,13,8,2,4,19,12,6,16,15,19,7,7,3,12,5,0,4,11,11,32,30,62,69,17,8,11,13,8,2,4,19,12,6,16,15,19,7,7,3,12,5,0,4,11,11,32,30,62,69,17,1,0,0,1,0,0,0,1,1,1,0,1,1,1,1,182
1000,0,18266.625780000006,5017.556433000002,13267.079912000003,6237,0,0,1,0,1,0,1,0,0,0,0,0,0,0,0,1,0,0,0,0,0,0,0,0,1,1,0,0,0,1,1,1,0,0,41,164,123,0.75,3.0,0.012195121951219513,0,0,1.0,0, 0, 0, 0, 0, 0,19,3,9,6,1,5,12,11,2,3,5,4,7,6,8,4,5,0,6,7,12,21,7,28,52,9,19,3,9,6,1,5,12,11,2,3,5,4,7,6,8,4,5,0,6,7,12,21,7,28,52,9,19,3,9,6,1,5,12,11,2,3,5,4,7,6,8,4,5,0,6,7,12,21,7,28,52,9,0,0,0,1,0,0,0,1,0,0,0,0,1,1,1,123
1001,0,20900.65259299999,5371.520725000001,15547.142432999994,2930,0,0,1,0,1,1,1,0,0,0,0,0,0,0,0,1,0,0,0,0,0,0,0,0,1,1,0,0,0,1,1,1,0,0,43,174,131,0.7528735632183908,3.046511627906977,0.017241379310344827,0,0,0.7873563218390804,0, 0, 1, 0, 0, 0,8,9,6,4,1,7,17,5,0,9,21,10,3,4,2,4,7,0,10,4,14,23,19,42,50,11,8,9,6,4,1,7,17,5,0,9,21,10,3,4,2,4,7,0,10,4,14,23,19,42,50,11,8,9,6,4,1,7,17,5,0,9,21,10,3,4,2,4,7,0,10,4,14,23,19,42,50,11,0,0,0,1,0,0,0,1,0,0,0,0,1,1,1,131
1002,0,29585.624572999997,7774.198637000002,21829.436500999975,2173,0,0,1,0,1,1,1,0,0,0,0,0,0,0,0,1,0,0,0,0,0,0,0,0,1,1,0,0,0,1,1,1,0,0,62,250,188,0.752,3.032258064516129,0.024,0,0,0.288,0, 0, 0, 1, 0, 0,13,5,2,5,5,8,8,7,2,23,29,2,8,14,5,14,7,8,10,13,32,10,7,17,93,21,13,5,2,5,5,8,8,7,2,23,29,2,8,14,5,14,7,8,10,13,32,10,7,17,93,21,13,5,2,5,5,8,8,7,2,23,29,2,8,14,5,14,7,8,10,13,32,10,7,17,93,21,0,0,0,1,0,0,0,1,0,0,0,0,1,1,1,188
1003,0,33275.28109899999,8076.013981000002,25217.277682999997,1295,0,0,1,0,1,1,1,0,0,0,0,0,0,0,0,1,0,0,0,0,0,0,0,0,1,1,0,0,0,1,1,1,0,0,73,295,222,0.752542372881356,3.041095890410959,0.013559322033898305,0,0,1.0,0, 0, 0, 0, 0, 0,10,10,11,13,2,4,21,14,3,18,26,20,8,6,10,11,8,1,9,17,16,32,30,62,93,19,10,10,11,13,2,4,21,14,3,18,26,20,8,6,10,11,8,1,9,17,16,32,30,62,93,19,10,10,11,13,2,4,21,14,3,18,26,20,8,6,10,11,8,1,9,17,16,32,30,62,93,19,0,0,0,1,0,0,0,1,0,0,0,0,1,1,1,222
1004,0,21503.32107599999,5185.626341999999,16335.705298999997,1653,0,0,1,1,0,1,1,0,1,1,1,0,1,0,0,1,0,0,0,0,0,0,0,0,1,1,0,0,0,1,1,1,0,1,46,187,141,0.7540106951871658,3.0652173913043477,0.058823529411764705,2,5.0,0.2727272727272727,0, 2, 1, 1, 2, 1,2,10,10,12,11,2,10,11,1,11,10,8,3,4,6,7,5,1,11,6,16,20,18,38,43,12,2,10,10,12,11,2,10,11,1,11,10,8,3,4,6,7,5,1,11,6,16,20,18,38,43,12,2,10,10,12,11,2,10,11,1,11,10,8,3,4,6,7,5,1,11,6,16,20,18,38,43,12,0,0,0,1,0,0,0,1,0,0,0,0,1,1,1,141
1005,1,7339.116448000001,1843.9574279999995,5513.169585000001,2314,0,0,1,1,0,1,1,0,0,1,0,1,0,0,0,1,0,0,0,0,0,0,0,0,1,1,0,0,0,1,1,1,0,1,16,66,50,0.7575757575757576,3.125,0.09090909090909091,5,1.75,0.25757575757575757,2, 0, 2, 0, 0, 0,5,0,4,7,6,2,2,4,2,0,1,1,0,0,1,3,3,3,3,3,6,6,1,7,13,6,5,0,4,7,6,2,2,4,2,0,1,1,0,0,1,3,3,3,3,3,6,6,1,7,13,6,5,0,4,7,6,2,2,4,2,0,1,1,0,0,1,3,3,3,3,3,6,6,1,7,13,6,0,0,0,1,0,0,0,1,0,0,0,0,1,1,1,50
1009,1,12125.551267,2955.2226529999994,9188.339178999997,199,1,0,0,1,0,1,1,0,0,1,0,1,0,0,1,1,0,0,0,0,0,0,0,0,0,1,0,1,0,1,1,1,0,1,29,119,90,0.7563025210084033,3.103448275862069,0.03361344537815126,6,1.8,0.11764705882352941,1, 0, 1, 0, 0, 0,11,4,5,1,4,2,5,9,2,5,3,2,3,3,7,14,2,1,0,7,4,10,6,16,38,16,11,4,5,1,4,2,5,9,2,5,3,2,3,3,7,14,2,1,0,7,4,10,6,16,38,16,11,4,5,1,4,2,5,9,2,5,3,2,3,3,7,14,2,1,0,7,4,10,6,16,38,16,0,0,0,0,0,0,0,1,0,1,0,1,1,1,1,90
1010,1,3897.6412520000013,1097.532799,2818.1190180000003,199,1,0,0,1,0,1,1,0,0,1,0,1,0,0,1,1,0,0,0,0,0,0,0,0,0,1,0,1,0,1,1,1,0,1,9,39,30,0.7692307692307693,3.3333333333333335,0.07692307692307693,6,1.8,0.358974358974359,1, 0, 1, 0, 0, 0,6,0,3,0,3,1,2,5,0,1,1,0,1,1,1,4,0,0,0,1,1,5,0,5,15,4,6,0,3,0,3,1,2,5,0,1,1,0,1,1,1,4,0,0,0,1,1,5,0,5,15,4,6,0,3,0,3,1,2,5,0,1,1,0,1,1,1,4,0,0,0,1,1,5,0,5,15,4,0,0,0,0,0,0,0,1,0,1,0,1,1,1,1,30
1011,0,10658.395695000005,2894.449742,7781.956518000004,12,1,1,0,0,1,0,0,1,0,0,0,0,0,0,0,1,0,0,0,0,0,0,0,0,0,1,0,1,0,1,1,1,0,0,24,96,72,0.75,3.0,0.0,0,0,1.0,0, 0, 0, 0, 0, 0,12,5,3,1,0,5,9,5,1,6,7,0,0,2,1,5,5,1,1,3,4,12,5,17,33,10,12,5,3,1,0,5,9,5,1,6,7,0,0,2,1,5,5,1,1,3,4,12,5,17,33,10,12,5,3,1,0,5,9,5,1,6,7,0,0,2,1,5,5,1,1,3,4,12,5,17,33,10,0,0,0,0,0,0,0,1,0,1,0,1,1,1,1,72
1012,0,31973.016808999993,7997.120763000001,23993.906611000006,2164,0,0,1,0,1,0,1,0,0,0,0,0,0,0,1,1,0,0,0,0,0,0,0,0,0,1,0,1,0,1,1,1,0,0,73,293,220,0.7508532423208191,3.0136986301369864,0.006825938566552901,0,0,1.0,0, 0, 0, 0, 0, 0,37,15,6,3,1,6,4,14,1,6,39,2,6,14,10,12,15,7,7,15,28,10,17,27,117,27,37,15,6,3,1,6,4,14,1,6,39,2,6,14,10,12,15,7,7,15,28,10,17,27,117,27,37,15,6,3,1,6,4,14,1,6,39,2,6,14,10,12,15,7,7,15,28,10,17,27,117,27,0,0,0,0,0,0,0,1,0,1,0,1,1,1,1,220
1017,0,30898.469218,7862.1573419999995,23054.322440999993,545,0,0,0,1,0,0,0,1,0,0,0,0,0,0,0,1,0,0,0,0,0,0,0,0,0,1,1,1,0,1,1,1,0,0,68,275,207,0.7527272727272727,3.0441176470588234,0.0036363636363636364,1,0,1.0,0, 0, 0, 0, 0, 0,23,6,9,6,1,5,4,13,0,18,31,7,7,24,9,12,9,5,5,13,34,13,13,26,105,21,23,6,9,6,1,5,4,13,0,18,31,7,7,24,9,12,9,5,5,13,34,13,13,26,105,21,23,6,9,6,1,5,4,13,0,18,31,7,7,24,9,12,9,5,5,13,34,13,13,26,105,21,0,0,0,0,0,0,0,1,1,1,0,0,1,1,1,207
1018,1,6885.219144000002,1843.99131,5059.238399000001,41,1,1,0,1,0,1,1,0,0,1,0,1,0,0,0,1,0,0,0,0,0,0,0,0,0,1,1,1,0,1,1,1,0,1,16,64,48,0.75,3.0,0.078125,2,1.0,0.28125,2, 0, 1, 0, 0, 0,4,2,3,5,5,1,0,4,2,3,4,1,2,1,1,8,0,0,1,1,2,3,3,6,18,8,4,2,3,5,5,1,0,4,2,3,4,1,2,1,1,8,0,0,1,1,2,3,3,6,18,8,4,2,3,5,5,1,0,4,2,3,4,1,2,1,1,8,0,0,1,1,2,3,3,6,18,8,0,0,0,0,0,0,0,1,1,1,0,0,1,1,1,48
1019,0,22675.602130999978,5545.768117000003,17147.844578999986,7,1,1,0,0,1,1,1,0,0,0,0,0,0,0,0,1,0,0,0,0,0,0,0,0,0,1,1,1,0,1,1,1,0,0,53,215,162,0.7534883720930232,3.056603773584906,0.013953488372093023,1,0,0.9488372093023256,0, 0, 1, 0, 0, 0,12,3,6,11,0,1,5,14,0,12,11,13,1,4,6,23,17,1,10,12,15,11,16,27,62,40,12,3,6,11,0,1,5,14,0,12,11,13,1,4,6,23,17,1,10,12,15,11,16,27,62,40,12,3,6,11,0,1,5,14,0,12,11,13,1,4,6,23,17,1,10,12,15,11,16,27,62,40,0,0,0,0,0,0,0,1,1,1,0,0,1,1,1,162
1020,0,29122.901659999992,7287.4702910000005,21853.441933999988,575,0,0,0,0,1,1,1,0,0,0,0,0,0,0,0,1,0,0,0,0,0,0,0,0,0,1,1,1,0,1,1,1,0,0,62,248,186,0.75,3.0,0.016129032258064516,0,0,1.0,0, 0, 0, 0, 0, 0,9,11,2,9,2,6,17,5,9,18,18,12,4,13,5,17,7,0,10,12,23,19,23,42,66,24,9,11,2,9,2,6,17,5,9,18,18,12,4,13,5,17,7,0,10,12,23,19,23,42,66,24,9,11,2,9,2,6,17,5,9,18,18,12,4,13,5,17,7,0,10,12,23,19,23,42,66,24,0,0,0,0,0,0,0,1,1,1,0,0,1,1,1,186
1022,0,18662.490627999992,4768.4970520000015,13912.004141000007,178,1,0,0,0,1,0,1,0,0,0,0,0,0,0,0,1,0,0,0,0,0,0,0,0,0,1,0,0,0,1,1,1,0,0,41,166,125,0.7530120481927711,3.048780487804878,0.012048192771084338,0,0,1.0,0, 0, 0, 0, 0, 0,11,11,4,3,0,3,18,9,4,8,8,3,3,4,4,13,5,2,1,11,7,22,14,36,50,18,11,11,4,3,0,3,18,9,4,8,8,3,3,4,4,13,5,2,1,11,7,22,14,36,50,18,11,11,4,3,0,3,18,9,4,8,8,3,3,4,4,13,5,2,1,11,7,22,14,36,50,18,0,0,0,0,0,0,0,1,0,0,0,0,1,1,1,125
1023,1,9377.722761999998,2356.184524,7039.548802999997,87,1,1,0,1,0,0,1,0,0,0,0,1,0,0,1,1,0,0,0,0,0,0,0,0,0,1,0,0,0,1,1,1,0,0,22,91,69,0.7582417582417582,3.1363636363636362,0.02197802197802198,1,0,1.0,1, 0, 0, 0, 0, 0,10,2,2,0,2,0,8,9,2,1,8,3,0,1,4,5,4,2,0,6,3,10,5,15,34,9,10,2,2,0,2,0,8,9,2,1,8,3,0,1,4,5,4,2,0,6,3,10,5,15,34,9,10,2,2,0,2,0,8,9,2,1,8,3,0,1,4,5,4,2,0,6,3,10,5,15,34,9,0,0,0,0,0,0,0,1,0,0,0,0,1,1,1,69
1024,0,28127.141818000015,7032.790666000003,21112.361717,2244,0,0,1,0,1,1,1,0,0,1,0,0,0,0,1,1,0,0,0,0,0,0,0,0,0,1,1,1,0,1,1,1,0,0,61,245,184,0.7510204081632653,3.0163934426229506,0.02040816326530612,0,0,0.2612244897959184,0, 0, 1, 0, 0, 0,10,11,0,4,4,2,4,11,3,20,27,4,10,14,9,9,16,2,12,12,28,4,15,19,90,25,10,11,0,4,4,2,4,11,3,20,27,4,10,14,9,9,16,2,12,12,28,4,15,19,90,25,10,11,0,4,4,2,4,11,3,20,27,4,10,14,9,9,16,2,12,12,28,4,15,19,90,25,0,0,0,0,0,0,0,1,1,1,0,1,1,1,1,184
1025,0,27590.94295399999,6917.877373,20691.076145999978,1503,0,0,1,1,0,0,1,0,0,0,0,0,0,0,1,1,0,0,0,0,0,0,0,0,0,1,1,1,0,1,1,1,0,0,59,236,177,0.75,3.0,0.00847457627118644,0,0,1.0,0, 0, 0, 0, 0, 0,12,7,0,6,2,4,4,6,3,23,20,4,8,17,6,12,10,6,11,16,34,4,11,15,85,22,12,7,0,6,2,4,4,6,3,23,20,4,8,17,6,12,10,6,11,16,34,4,11,15,85,22,12,7,0,6,2,4,4,6,3,23,20,4,8,17,6,12,10,6,11,16,34,4,11,15,85,22,0,0,0,0,0,0,0,1,1,1,0,1,1,1,1,177
1026,1,5365.4102760000005,1312.790075,4070.630766,135,1,1,0,1,0,1,1,0,1,0,1,0,0,0,0,1,0,0,0,0,0,0,0,0,0,1,1,1,0,1,1,1,0,1,12,49,37,0.7551020408163265,3.0833333333333335,0.12244897959183673,3,9.0,0.12244897959183673,0, 2, 0, 0, 3, 0,5,2,6,2,6,0,1,1,0,2,0,2,0,2,1,3,2,0,2,0,4,7,4,11,8,5,5,2,6,2,6,0,1,1,0,2,0,2,0,2,1,3,2,0,2,0,4,7,4,11,8,5,5,2,6,2,6,0,1,1,0,2,0,2,0,2,1,3,2,0,2,0,4,7,4,11,8,5,0,0,0,0,0,0,0,1,1,1,0,1,1,1,1,37
1028,0,30680.622270999993,8086.352733000001,22612.28010300001,9217,0,0,1,1,0,0,0,1,0,0,0,0,0,0,0,1,0,0,0,0,0,0,0,0,0,1,1,1,0,1,1,1,0,0,69,276,207,0.75,3.0,0.0036231884057971015,0,0,1.0,0, 0, 0, 0, 0, 0,19,3,6,5,1,4,2,16,1,22,27,11,9,12,8,15,13,6,8,19,26,8,14,22,112,28,19,3,6,5,1,4,2,16,1,22,27,11,9,12,8,15,13,6,8,19,26,8,14,22,112,28,19,3,6,5,1,4,2,16,1,22,27,11,9,12,8,15,13,6,8,19,26,8,14,22,112,28,0,0,0,0,0,0,0,1,1,1,0,1,1,1,1,207
1030,0,8270.595313999998,2071.1209870000007,6217.484892,496,1,0,0,0,1,0,0,1,0,0,0,0,0,0,0,1,0,0,0,0,0,0,0,0,0,1,1,0,0,1,1,1,0,0,18,73,55,0.7534246575342466,3.0555555555555554,0.0,0,0,1.0,0, 0, 0, 0, 0, 0,4,6,1,3,0,0,6,3,1,7,7,4,1,0,0,4,4,0,1,3,1,7,10,17,25,8,4,6,1,3,0,0,6,3,1,7,7,4,1,0,0,4,4,0,1,3,1,7,10,17,25,8,4,6,1,3,0,0,6,3,1,7,7,4,1,0,0,4,4,0,1,3,1,7,10,17,25,8,0,0,0,0,0,0,0,1,1,0,0,0,1,1,1,55
1031,0,7101.963763,1837.9100079999996,5282.06432,69,1,1,0,0,1,0,0,1,0,0,0,0,0,0,0,1,0,0,0,0,0,0,0,0,0,1,1,0,0,1,1,1,0,0,16,64,48,0.75,3.0,0.015625,0,0,1.0,0, 0, 0, 0, 0, 0,3,0,2,1,0,1,2,3,0,6,9,4,3,2,0,2,1,1,0,8,3,4,4,8,32,3,3,0,2,1,0,1,2,3,0,6,9,4,3,2,0,2,1,1,0,8,3,4,4,8,32,3,3,0,2,1,0,1,2,3,0,6,9,4,3,2,0,2,1,1,0,8,3,4,4,8,32,3,0,0,0,0,0,0,0,1,1,0,0,0,1,1,1,48
1032,0,32444.357073999996,7862.273355000001,24600.094283999977,17,1,1,0,0,1,1,1,0,0,0,0,0,0,0,0,1,0,0,0,0,0,0,0,0,0,1,1,0,0,1,1,1,0,0,71,287,216,0.7526132404181185,3.0422535211267605,0.010452961672473868,0,0,1.0,0, 0, 0, 0, 0, 0,5,10,13,10,3,11,15,13,3,25,27,17,3,7,8,17,8,1,8,12,16,28,27,55,85,25,5,10,13,10,3,11,15,13,3,25,27,17,3,7,8,17,8,1,8,12,16,28,27,55,85,25,5,10,13,10,3,11,15,13,3,25,27,17,3,7,8,17,8,1,8,12,16,28,27,55,85,25,0,0,0,0,0,0,0,1,1,0,0,0,1,1,1,216
1033,0,27102.07889900001,6670.759251000002,20449.330213,843,0,0,0,0,1,0,0,1,0,0,0,0,0,0,1,1,0,0,0,0,0,0,0,0,0,1,1,0,0,1,1,1,0,0,56,227,171,0.7533039647577092,3.0535714285714284,0.0,0,0,1.0,0, 0, 0, 0, 0, 0,2,6,3,7,0,4,1,5,2,23,25,8,5,25,4,14,5,2,12,18,39,4,14,18,78,19,2,6,3,7,0,4,1,5,2,23,25,8,5,25,4,14,5,2,12,18,39,4,14,18,78,19,2,6,3,7,0,4,1,5,2,23,25,8,5,25,4,14,5,2,12,18,39,4,14,18,78,19,0,0,0,0,0,0,0,1,1,0,0,0,1,1,1,171
1039,0,28193.76236300001,7529.876246999998,20681.896681000006,692,0,0,0,1,0,0,0,1,0,0,0,0,0,0,0,1,0,0,0,0,0,0,0,0,0,1,0,0,0,1,1,1,0,0,66,267,201,0.7528089887640449,3.0454545454545454,0.003745318352059925,1,0,1.0,0, 0, 0, 0, 0, 0,46,14,13,2,1,4,7,16,6,4,24,3,6,4,13,6,6,1,4,21,9,20,17,37,117,12,46,14,13,2,1,4,7,16,6,4,24,3,6,4,13,6,6,1,4,21,9,20,17,37,117,12,46,14,13,2,1,4,7,16,6,4,24,3,6,4,13,6,6,1,4,21,9,20,17,37,117,12,0,0,0,0,0,0,0,1,0,0,0,0,1,1,1,201
1040,1,3856.7238590000006,1075.5372160000002,2799.197208,87,1,1,0,1,0,1,1,0,0,1,0,1,0,0,1,1,0,0,0,0,0,0,0,0,0,1,0,0,0,1,1,1,0,1,9,39,30,0.7692307692307693,3.3333333333333335,0.07692307692307693,6,1.8,0.358974358974359,1, 0, 1, 0, 0, 0,7,0,2,0,3,1,2,6,0,1,1,1,1,1,1,1,1,0,0,1,1,4,1,5,17,2,7,0,2,0,3,1,2,6,0,1,1,1,1,1,1,1,1,0,0,1,1,4,1,5,17,2,7,0,2,0,3,1,2,6,0,1,1,1,1,1,1,1,1,0,0,1,1,4,1,5,17,2,0,0,0,0,0,0,0,1,0,0,0,0,1,1,1,30
1041,0,23997.906699999992,5969.236005999997,18046.681258999997,328,1,0,0,1,0,0,1,0,0,0,0,0,0,0,0,1,0,0,0,0,0,0,0,0,0,1,0,0,0,1,1,1,0,0,58,234,176,0.7521367521367521,3.0344827586206895,0.008547008547008548,1,0,1.0,0, 0, 0, 0, 0, 0,26,17,9,1,2,0,6,22,4,5,24,0,1,5,19,8,10,1,2,14,8,15,17,32,92,18,26,17,9,1,2,0,6,22,4,5,24,0,1,5,19,8,10,1,2,14,8,15,17,32,92,18,26,17,9,1,2,0,6,22,4,5,24,0,1,5,19,8,10,1,2,14,8,15,17,32,92,18,0,0,0,0,0,0,0,1,0,0,0,0,1,1,1,176
1042,0,26968.352454,6793.649569,20192.713449999996,2056,0,0,1,0,1,1,1,0,0,0,0,0,0,0,1,1,0,0,0,0,0,0,0,0,0,1,0,0,0,1,1,1,0,0,61,246,185,0.7520325203252033,3.0327868852459017,0.016260162601626018,1,0,1.0,0, 0, 0, 0, 0, 0,27,11,5,2,3,6,4,12,2,5,31,1,7,10,8,10,12,7,4,18,21,9,12,21,100,22,27,11,5,2,3,6,4,12,2,5,31,1,7,10,8,10,12,7,4,18,21,9,12,21,100,22,27,11,5,2,3,6,4,12,2,5,31,1,7,10,8,10,12,7,4,18,21,9,12,21,100,22,0,0,0,0,0,0,0,1,0,0,0,0,1,1,1,185
1044,0,28566.750850999993,7107.637714,21477.123702000008,7309,0,0,1,1,0,0,1,0,0,0,0,0,0,0,0,1,0,0,0,0,0,0,0,0,0,1,0,0,0,1,1,1,0,0,67,271,204,0.7527675276752768,3.044776119402985,0.007380073800738007,1,0,1.0,0, 0, 0, 0, 0, 0,26,16,13,5,2,5,13,19,3,7,23,2,2,4,13,10,18,2,2,19,8,26,18,44,96,28,26,16,13,5,2,5,13,19,3,7,23,2,2,4,13,10,18,2,2,19,8,26,18,44,96,28,26,16,13,5,2,5,13,19,3,7,23,2,2,4,13,10,18,2,2,19,8,26,18,44,96,28,0,0,0,0,0,0,0,1,0,0,0,0,1,1,1,204
1045,0,4811.541249,1329.671083,3499.8807310000007,8190,0,0,1,1,0,0,0,1,0,0,0,0,0,0,0,1,0,0,0,0,0,0,0,0,0,1,0,0,0,1,1,1,0,0,11,44,33,0.75,3.0,0.022727272727272728,0,0,1.0,0, 0, 0, 0, 0, 0,1,6,0,1,1,1,1,7,0,1,3,0,0,0,4,2,2,1,0,2,1,1,6,7,14,4,1,6,0,1,1,1,1,7,0,1,3,0,0,0,4,2,2,1,0,2,1,1,6,7,14,4,1,6,0,1,1,1,1,7,0,1,3,0,0,0,4,2,2,1,0,2,1,1,6,7,14,4,0,0,0,0,0,0,0,1,0,0,0,0,1,1,1,33
1046,0,4683.206846000001,1043.493058,3657.724352999999,7583,0,0,1,0,1,0,1,0,0,0,0,0,0,0,0,1,0,0,0,0,0,0,0,0,0,1,0,0,0,1,1,1,0,0,9,38,29,0.7631578947368421,3.2222222222222223,0.05263157894736842,0,0,1.0,0, 0, 0, 0, 0, 0,1,4,1,0,1,1,5,0,4,1,0,2,0,2,0,2,4,0,1,0,3,6,6,12,2,6,1,4,1,0,1,1,5,0,4,1,0,2,0,2,0,2,4,0,1,0,3,6,6,12,2,6,1,4,1,0,1,1,5,0,4,1,0,2,0,2,0,2,4,0,1,0,3,6,6,12,2,6,0,0,0,0,0,0,0,1,0,0,0,0,1,0,1,29
1048,0,23041.401735000032,6112.004876999999,16947.407423,4012,0,0,1,0,1,1,1,0,0,0,0,0,0,0,0,1,0,0,0,0,0,0,0,0,0,1,0,0,0,1,1,1,0,0,51,206,155,0.7524271844660194,3.0392156862745097,0.014563106796116505,2,1.0,0.9271844660194175,0, 1, 0, 0, 0, 0,22,9,12,5,1,4,10,14,3,5,9,7,3,10,7,4,9,1,7,13,18,22,16,38,66,13,22,9,12,5,1,4,10,14,3,5,9,7,3,10,7,4,9,1,7,13,18,22,16,38,66,13,22,9,12,5,1,4,10,14,3,5,9,7,3,10,7,4,9,1,7,13,18,22,16,38,66,13,0,0,0,0,0,0,0,1,0,0,0,0,1,0,1,155
1050,1,4741.268863,1237.5900379999998,3521.68939,2177,0,0,1,1,0,1,1,0,1,0,1,0,0,0,0,1,1,0,0,0,0,0,0,0,0,1,0,0,0,1,1,1,0,1,11,46,35,0.7608695652173914,3.1818181818181817,0.06521739130434782,2,7.0,0.4782608695652174,0, 1, 0, 0, 1, 0,5,1,1,2,3,0,1,5,1,2,5,0,0,3,2,3,1,0,0,0,3,2,1,3,17,4,5,1,1,2,3,0,1,5,1,2,5,0,0,3,2,3,1,0,0,0,3,2,1,3,17,4,5,1,1,2,3,0,1,5,1,2,5,0,0,3,2,3,1,0,0,0,3,2,1,3,17,4,0,0,0,0,0,0,0,1,0,0,0,0,1,0,1,35
1052,0,30128.104095,7639.810059999998,22506.30459999999,15,1,1,0,0,1,1,1,0,0,0,1,0,0,0,0,1,0,0,0,0,0,0,0,0,0,1,0,0,0,1,1,1,0,0,66,266,200,0.7518796992481203,3.0303030303030303,0.02631578947368421,1,0,0.40977443609022557,0, 1, 0, 0, 0, 0,18,13,9,7,6,3,15,10,6,9,24,5,6,13,14,10,15,3,4,10,20,24,18,42,77,25,18,13,9,7,6,3,15,10,6,9,24,5,6,13,14,10,15,3,4,10,20,24,18,42,77,25,18,13,9,7,6,3,15,10,6,9,24,5,6,13,14,10,15,3,4,10,20,24,18,42,77,25,0,0,0,0,0,0,0,1,0,0,0,0,1,0,1,200
1053,0,29692.881078999995,7501.755899999997,22209.13574399999,27,1,1,0,0,1,1,1,0,0,0,1,0,0,0,0,1,0,0,0,0,0,0,0,0,0,1,0,0,0,1,1,1,0,0,65,262,197,0.7519083969465649,3.0307692307692307,0.026717557251908396,1,0,0.41603053435114506,0, 1, 0, 0, 0, 0,18,13,9,7,6,3,15,10,6,9,24,5,6,13,13,10,14,3,4,9,20,24,18,42,76,24,18,13,9,7,6,3,15,10,6,9,24,5,6,13,13,10,14,3,4,9,20,24,18,42,76,24,18,13,9,7,6,3,15,10,6,9,24,5,6,13,13,10,14,3,4,9,20,24,18,42,76,24,0,0,0,0,0,0,0,1,0,0,0,0,1,0,1,197
1054,0,27576.156841000018,6968.60914,20625.55826600002,812,0,0,0,0,1,1,1,0,0,0,0,0,1,0,0,1,0,0,0,0,0,0,0,0,0,1,0,0,0,1,1,1,0,0,61,247,186,0.7530364372469636,3.0491803278688523,0.032388663967611336,3,81.0,0.8663967611336032,1, 0, 0, 0, 1, 0,26,17,10,5,5,11,15,11,3,4,21,3,2,8,7,6,7,3,3,19,14,25,20,45,83,13,26,17,10,5,5,11,15,11,3,4,21,3,2,8,7,6,7,3,3,19,14,25,20,45,83,13,26,17,10,5,5,11,15,11,3,4,21,3,2,8,7,6,7,3,3,19,14,25,20,45,83,13,0,0,0,0,0,0,0,1,0,0,0,0,1,0,1,186
1055,0,31341.585786000003,8059.059907999998,23300.53644299999,785,0,0,0,0,1,1,1,0,0,0,0,0,0,0,0,1,0,0,0,0,0,0,0,0,0,1,0,0,0,1,1,1,0,0,72,289,217,0.7508650519031141,3.013888888888889,0.02422145328719723,5,40.75,0.8062283737024222,0, 1, 0, 0, 1, 1,23,14,5,3,2,3,4,21,4,15,30,4,9,10,20,14,13,5,4,14,19,9,18,27,112,27,23,14,5,3,2,3,4,21,4,15,30,4,9,10,20,14,13,5,4,14,19,9,18,27,112,27,23,14,5,3,2,3,4,21,4,15,30,4,9,10,20,14,13,5,4,14,19,9,18,27,112,27,0,0,0,0,0,0,0,1,0,0,0,0,1,0,1,217
1056,0,27926.739007000004,6906.435952000001,21038.31361999998,785,0,0,0,0,1,1,1,0,0,0,0,0,0,0,0,1,0,0,0,0,0,0,0,0,0,1,0,0,0,1,1,1,0,0,65,260,195,0.75,3.0,0.023076923076923078,3,49.5,0.8961538461538462,0, 1, 0, 0, 1, 1,19,13,4,2,2,2,4,20,4,11,28,4,7,10,18,12,13,5,4,13,19,8,17,25,98,25,19,13,4,2,2,2,4,20,4,11,28,4,7,10,18,12,13,5,4,13,19,8,17,25,98,25,19,13,4,2,2,2,4,20,4,11,28,4,7,10,18,12,13,5,4,13,19,8,17,25,98,25,0,0,0,0,0,0,0,1,0,0,0,0,1,0,1,195
1057,0,30201.721304999995,7544.811183999996,22674.92068600002,24,1,1,0,0,1,1,1,0,0,0,0,0,0,0,1,1,0,0,0,0,0,0,0,0,0,1,0,0,0,1,1,1,0,0,69,278,209,0.7517985611510791,3.028985507246377,0.02877697841726619,6,94.0,1.0,0, 0, 0, 0, 0, 0,24,13,18,9,6,17,10,16,2,7,14,5,3,4,18,10,13,3,6,11,13,28,18,46,75,23,24,13,18,9,6,17,10,16,2,7,14,5,3,4,18,10,13,3,6,11,13,28,18,46,75,23,24,13,18,9,6,17,10,16,2,7,14,5,3,4,18,10,13,3,6,11,13,28,18,46,75,23,0,0,0,0,0,0,0,1,0,0,0,0,1,0,1,209
1058,0,17075.404497000003,4340.056506,12753.358556000008,115,1,1,0,0,1,1,1,0,0,0,0,0,0,0,0,1,0,0,0,0,0,0,0,0,0,1,0,0,0,1,1,1,0,0,39,156,117,0.75,3.0,0.019230769230769232,2,52.0,1.0,0, 0, 0, 0, 0, 0,18,8,7,5,2,4,12,10,3,8,7,4,1,3,4,5,3,3,2,8,8,19,12,31,52,8,18,8,7,5,2,4,12,10,3,8,7,4,1,3,4,5,3,3,2,8,8,19,12,31,52,8,18,8,7,5,2,4,12,10,3,8,7,4,1,3,4,5,3,3,2,8,8,19,12,31,52,8,0,0,0,0,0,0,0,1,0,0,0,0,1,0,1,117
1059,0,28656.78956600005,7292.883083000003,21381.91704800004,711,0,0,0,1,0,0,0,1,0,0,0,0,0,0,0,1,0,0,0,0,0,0,0,0,0,1,0,0,0,1,1,1,0,0,69,276,207,0.75,3.0,0.0036231884057971015,1,0,1.0,0, 0, 0, 0, 0, 0,29,8,12,3,1,9,16,35,2,6,11,1,8,11,11,13,12,4,6,9,21,28,9,37,98,25,29,8,12,3,1,9,16,35,2,6,11,1,8,11,11,13,12,4,6,9,21,28,9,37,98,25,29,8,12,3,1,9,16,35,2,6,11,1,8,11,11,13,12,4,6,9,21,28,9,37,98,25,0,0,0,0,0,0,0,1,0,0,0,0,1,0,1,207
1060,0,30883.968537000044,8163.4099380000025,22738.56916400005,711,0,0,0,1,0,0,0,1,0,0,0,0,0,0,0,1,0,0,0,0,0,0,0,0,0,1,0,0,0,1,1,1,0,0,73,295,222,0.752542372881356,3.041095890410959,0.003389830508474576,1,0,1.0,0, 0, 0, 0, 0, 0,35,8,14,3,1,10,16,36,2,8,11,1,8,11,11,14,14,4,6,9,21,30,9,39,107,28,35,8,14,3,1,10,16,36,2,8,11,1,8,11,11,14,14,4,6,9,21,30,9,39,107,28,35,8,14,3,1,10,16,36,2,8,11,1,8,11,11,14,14,4,6,9,21,30,9,39,107,28,0,0,0,0,0,0,0,1,0,0,0,0,1,0,1,222
1062,0,11576.920727000004,3009.5397419999995,8585.391550000006,1740,0,0,1,1,0,0,0,1,0,0,0,0,0,0,0,1,0,0,0,0,0,0,0,0,0,1,0,0,0,1,1,1,0,0,26,104,78,0.75,3.0,0.009615384615384616,1,0,1.0,0, 0, 0, 0, 0, 0,12,9,4,1,1,0,7,7,1,3,5,4,0,2,3,3,10,3,1,2,6,11,13,24,29,13,12,9,4,1,1,0,7,7,1,3,5,4,0,2,3,3,10,3,1,2,6,11,13,24,29,13,12,9,4,1,1,0,7,7,1,3,5,4,0,2,3,3,10,3,1,2,6,11,13,24,29,13,0,0,0,0,0,0,0,1,0,0,0,0,1,0,1,78
1066,0,18403.59629899998,4666.43968,13755.167184,4,1,1,0,1,0,1,1,0,0,0,0,0,0,0,0,1,0,0,0,0,0,0,0,0,0,0,0,0,0,0,1,1,0,0,42,170,128,0.7529411764705882,3.0476190476190474,0.01764705882352941,2,27.0,1.0,0, 0, 0, 0, 0, 0,10,6,7,11,3,1,6,14,6,19,6,6,1,1,2,6,5,0,5,13,6,13,12,25,63,11,10,6,7,11,3,1,6,14,6,19,6,6,1,1,2,6,5,0,5,13,6,13,12,25,63,11,10,6,7,11,3,1,6,14,6,19,6,6,1,1,2,6,5,0,5,13,6,13,12,25,63,11,0,0,0,0,0,0,0,0,0,0,0,0,0,1,1,128
1068,1,4788.226715000001,1335.744523,3470.492757,82,1,1,0,1,0,1,1,0,0,1,1,0,0,0,0,1,0,0,1,0,0,0,0,0,0,0,0,0,0,0,1,1,0,1,11,44,33,0.75,3.0,0.13636363636363635,2,8.0,0.25,0, 0, 3, 0, 0, 2,3,0,1,4,6,2,1,1,1,1,0,4,0,0,1,4,2,0,0,2,0,2,4,6,7,6,3,0,1,4,6,2,1,1,1,1,0,4,0,0,1,4,2,0,0,2,0,2,4,6,7,6,3,0,1,4,6,2,1,1,1,1,0,4,0,0,1,4,2,0,0,2,0,2,4,6,7,6,0,0,0,0,0,0,0,0,0,0,0,0,0,1,1,33
1072,0,24407.597841999996,6227.237379999999,18198.371027000023,3087,0,0,1,0,1,1,1,0,0,0,0,0,0,0,0,1,0,0,0,0,0,0,0,0,0,0,0,0,0,0,1,1,0,0,53,213,160,0.7511737089201878,3.018867924528302,0.018779342723004695,1,0,0.8215962441314554,0, 0, 1, 0, 0, 0,6,11,7,5,2,4,10,12,5,7,11,20,5,5,2,22,6,1,8,11,14,17,31,48,52,28,6,11,7,5,2,4,10,12,5,7,11,20,5,5,2,22,6,1,8,11,14,17,31,48,52,28,6,11,7,5,2,4,10,12,5,7,11,20,5,5,2,22,6,1,8,11,14,17,31,48,52,28,0,0,0,0,0,0,0,0,0,0,0,0,0,1,1,160
1074,0,18716.765528,4797.308635999999,13937.467456999999,3911,0,0,1,0,1,0,1,0,0,0,0,0,0,0,0,1,0,0,0,0,0,0,0,0,0,0,0,0,0,0,1,1,0,0,40,163,123,0.754601226993865,3.075,0.012269938650306749,1,0,1.0,0, 0, 0, 0, 0, 0,12,4,15,2,1,6,20,11,3,10,8,5,1,2,1,3,6,3,6,4,11,35,9,44,46,9,12,4,15,2,1,6,20,11,3,10,8,5,1,2,1,3,6,3,6,4,11,35,9,44,46,9,12,4,15,2,1,6,20,11,3,10,8,5,1,2,1,3,6,3,6,4,11,35,9,44,46,9,0,0,0,0,0,0,0,0,0,0,0,0,0,1,1,123
1075,0,6657.328928999998,1625.8347949999998,5049.504698999999,4454,0,0,1,0,1,1,1,0,0,0,1,0,0,0,0,1,0,0,0,0,0,0,0,0,0,0,0,0,0,0,1,1,0,0,14,58,44,0.7586206896551724,3.142857142857143,0.05172413793103448,1,0,0.1896551724137931,0, 1, 0, 0, 0, 0,0,2,3,1,3,1,4,4,1,3,2,5,2,0,4,0,1,0,3,5,3,7,7,14,16,1,0,2,3,1,3,1,4,4,1,3,2,5,2,0,4,0,1,0,3,5,3,7,7,14,16,1,0,2,3,1,3,1,4,4,1,3,2,5,2,0,4,0,1,0,3,5,3,7,7,14,16,1,0,0,0,0,0,0,0,0,0,0,0,0,0,1,1,44
1076,0,16470.13591000001,4021.9951329999994,12466.151342000003,4631,0,0,1,1,0,0,1,0,0,0,0,0,0,0,0,1,0,0,0,0,0,0,0,0,0,0,0,0,0,0,1,1,0,0,36,144,108,0.75,3.0,0.013888888888888888,1,0,1.0,0, 0, 0, 0, 0, 0,12,3,5,6,2,4,17,3,0,5,10,13,6,1,0,4,5,0,7,5,8,22,16,38,41,9,12,3,5,6,2,4,17,3,0,5,10,13,6,1,0,4,5,0,7,5,8,22,16,38,41,9,12,3,5,6,2,4,17,3,0,5,10,13,6,1,0,4,5,0,7,5,8,22,16,38,41,9,0,0,0,0,0,0,0,0,0,0,0,0,0,1,1,108
1082,1,7398.171717000001,1898.952008,5517.230274,69,1,1,0,0,1,1,1,0,0,1,0,1,0,0,0,1,0,0,0,0,0,0,0,0,0,1,1,1,0,1,1,1,0,1,16,67,51,0.7611940298507462,3.1875,0.08955223880597014,1,0,0.29850746268656714,2, 0, 2, 0, 0, 0,5,0,2,7,6,2,1,5,2,2,2,0,3,0,2,2,3,1,4,2,5,3,0,3,19,5,5,0,2,7,6,2,1,5,2,2,2,0,3,0,2,2,3,1,4,2,5,3,0,3,19,5,5,0,2,7,6,2,1,5,2,2,2,0,3,0,2,2,3,1,4,2,5,3,0,3,19,5,0,0,0,0,0,0,0,1,1,1,0,1,1,1,1,51
1083,0,28480.467678,7628.184323000002,20870.293919999993,1339,0,0,1,0,1,1,1,0,0,0,0,0,0,0,0,1,0,0,0,0,0,0,0,0,0,1,1,1,0,1,1,1,0,1,62,251,189,0.7529880478087649,3.0483870967741935,0.03187250996015936,3,37.0,0.2350597609561753,0, 0, 0, 2, 0, 0,17,4,1,3,7,6,6,13,1,29,24,6,7,13,6,12,8,5,6,15,24,7,10,17,105,20,17,4,1,3,7,6,6,13,1,29,24,6,7,13,6,12,8,5,6,15,24,7,10,17,105,20,17,4,1,3,7,6,6,13,1,29,24,6,7,13,6,12,8,5,6,15,24,7,10,17,105,20,0,0,0,0,0,0,0,1,1,1,0,1,1,1,1,189
1084,0,32439.903408999995,7851.909120000002,24606.004853999995,2078,0,0,1,0,1,1,1,0,0,0,0,0,0,0,0,1,0,0,0,0,0,0,0,0,0,1,1,1,0,1,1,1,0,0,73,292,219,0.75,3.0,0.010273972602739725,1,0,1.0,0, 0, 0, 0, 0, 0,15,9,11,9,1,5,17,14,5,13,30,17,2,10,9,14,13,2,9,14,21,28,26,54,88,27,15,9,11,9,1,5,17,14,5,13,30,17,2,10,9,14,13,2,9,14,21,28,26,54,88,27,15,9,11,9,1,5,17,14,5,13,30,17,2,10,9,14,13,2,9,14,21,28,26,54,88,27,0,0,0,0,0,0,0,1,1,1,0,1,1,1,1,219
1085,0,14973.846665999994,3554.964035000001,11436.893195999997,4726,0,0,1,1,0,0,0,1,0,0,0,0,0,0,0,1,0,0,0,0,0,0,0,0,0,1,1,1,0,1,1,1,0,0,31,126,95,0.753968253968254,3.064516129032258,0.007936507936507936,0,0,1.0,0, 0, 0, 0, 0, 0,1,4,11,6,1,4,9,2,0,5,12,13,2,1,0,3,5,1,7,8,9,20,17,37,30,8,1,4,11,6,1,4,9,2,0,5,12,13,2,1,0,3,5,1,7,8,9,20,17,37,30,8,1,4,11,6,1,4,9,2,0,5,12,13,2,1,0,3,5,1,7,8,9,20,17,37,30,8,0,0,0,0,0,0,0,1,1,1,0,1,1,1,1,95
1086,0,28383.416278000004,6638.324929,21763.101914000006,5084,0,0,1,0,1,1,1,0,0,0,0,0,0,0,0,1,0,0,0,0,0,0,0,0,0,1,1,1,0,1,1,1,0,0,60,242,182,0.7520661157024794,3.033333333333333,0.01652892561983471,1,0,0.5,0, 0, 0, 1, 0, 0,3,14,9,7,3,6,21,6,5,17,11,15,4,11,3,16,5,0,11,15,22,30,29,59,56,21,3,14,9,7,3,6,21,6,5,17,11,15,4,11,3,16,5,0,11,15,22,30,29,59,56,21,3,14,9,7,3,6,21,6,5,17,11,15,4,11,3,16,5,0,11,15,22,30,29,59,56,21,0,0,0,0,0,0,0,1,1,1,0,1,1,1,1,182
1088,0,25367.732749000024,6322.458915000001,19063.28439900002,9267,0,0,1,1,0,0,0,1,0,0,0,0,0,0,0,1,0,0,0,0,0,0,0,0,0,1,1,1,0,1,1,1,0,0,59,239,180,0.7531380753138075,3.0508474576271185,0.0041841004184100415,0,0,1.0,0, 0, 0, 0, 0, 0,17,10,4,6,1,6,5,19,3,13,22,1,8,3,5,9,14,2,5,27,10,9,11,20,106,23,17,10,4,6,1,6,5,19,3,13,22,1,8,3,5,9,14,2,5,27,10,9,11,20,106,23,17,10,4,6,1,6,5,19,3,13,22,1,8,3,5,9,14,2,5,27,10,9,11,20,106,23,0,0,0,0,1,0,0,1,1,1,0,0,1,1,1,180
1090,0,19032.443525,4795.576383999999,14254.877706000003,7277,0,0,1,0,1,1,1,0,0,0,0,0,0,0,0,1,0,0,0,0,0,0,0,0,0,1,1,1,0,1,1,1,0,0,47,189,142,0.7513227513227513,3.021276595744681,0.026455026455026454,2,1.0,1.0,0, 0, 0, 0, 0, 0,20,8,8,1,4,1,12,19,0,2,6,1,2,1,10,7,17,1,4,18,6,20,9,29,67,24,20,8,8,1,4,1,12,19,0,2,6,1,2,1,10,7,17,1,4,18,6,20,9,29,67,24,20,8,8,1,4,1,12,19,0,2,6,1,2,1,10,7,17,1,4,18,6,20,9,29,67,24,0,0,0,0,1,0,0,1,1,1,0,0,1,1,1,142
1092,0,18157.532911999995,4381.232435999998,13794.311041,3234,0,0,1,1,0,0,0,1,0,0,0,0,0,0,0,1,0,0,0,0,0,0,0,0,0,1,1,1,0,1,1,1,0,0,40,161,121,0.7515527950310559,3.025,0.006211180124223602,0,0,1.0,0, 0, 0, 0, 0, 0,9,21,5,1,1,2,10,14,5,4,13,0,3,4,7,3,4,2,2,11,8,15,21,36,54,7,9,21,5,1,1,2,10,14,5,4,13,0,3,4,7,3,4,2,2,11,8,15,21,36,54,7,9,21,5,1,1,2,10,14,5,4,13,0,3,4,7,3,4,2,2,11,8,15,21,36,54,7,0,0,0,0,1,0,0,1,1,1,0,0,1,1,1,121
1093,0,23140.142605000005,6116.238182999998,17041.914987000004,564,0,0,0,0,1,1,1,0,0,0,0,0,0,0,0,1,0,0,0,0,0,0,0,0,0,1,1,1,0,1,1,1,0,0,53,212,159,0.75,3.0,0.014150943396226415,0,0,1.0,0, 0, 0, 0, 0, 0,19,13,11,3,3,2,12,14,2,10,19,2,4,2,9,2,12,0,4,16,6,23,15,38,82,14,19,13,11,3,3,2,12,14,2,10,19,2,4,2,9,2,12,0,4,16,6,23,15,38,82,14,19,13,11,3,3,2,12,14,2,10,19,2,4,2,9,2,12,0,4,16,6,23,15,38,82,14,0,0,0,0,1,0,0,1,1,1,0,0,1,1,1,159
1095,0,27549.35315500001,6495.343107999999,21072.020612000015,8012,0,0,1,1,0,0,0,1,0,0,0,0,0,0,0,1,0,0,0,0,0,0,0,0,0,1,1,1,0,1,1,1,0,0,65,260,195,0.75,3.0,0.0038461538461538464,0,0,1.0,0, 0, 0, 0, 0, 0,28,20,10,3,1,8,10,13,5,6,21,3,6,4,7,14,14,2,2,18,8,20,23,43,92,28,28,20,10,3,1,8,10,13,5,6,21,3,6,4,7,14,14,2,2,18,8,20,23,43,92,28,28,20,10,3,1,8,10,13,5,6,21,3,6,4,7,14,14,2,2,18,8,20,23,43,92,28,0,0,0,0,1,0,0,1,1,1,0,0,1,1,1,195
1098,0,11874.817744000005,2923.3558979999993,8969.472411000002,5722,0,0,1,1,0,0,0,1,0,0,0,0,0,0,0,1,0,0,0,0,0,0,0,0,0,1,1,0,0,1,1,1,0,0,26,106,80,0.7547169811320755,3.076923076923077,0.009433962264150943,0,0,1.0,0, 0, 0, 0, 0, 0,9,1,4,7,1,2,4,4,2,6,6,5,2,3,1,4,8,4,2,5,9,8,6,14,32,12,9,1,4,7,1,2,4,4,2,6,6,5,2,3,1,4,8,4,2,5,9,8,6,14,32,12,9,1,4,7,1,2,4,4,2,6,6,5,2,3,1,4,8,4,2,5,9,8,6,14,32,12,0,0,0,0,0,0,0,1,1,0,0,0,1,1,1,80
1099,0,27412.558329999985,6609.533796000001,20821.03509899999,3307,0,0,1,0,1,0,1,0,0,0,0,0,0,0,0,1,0,0,0,0,0,0,0,0,0,1,1,0,0,1,1,1,0,0,61,246,185,0.7520325203252033,3.0327868852459017,0.008130081300813009,0,0,1.0,0, 0, 0, 0, 0, 0,12,9,11,13,1,7,13,7,3,18,23,12,2,8,7,15,8,0,5,11,13,24,21,45,73,23,12,9,11,13,1,7,13,7,3,18,23,12,2,8,7,15,8,0,5,11,13,24,21,45,73,23,12,9,11,13,1,7,13,7,3,18,23,12,2,8,7,15,8,0,5,11,13,24,21,45,73,23,0,0,0,0,0,0,0,1,1,0,0,0,1,1,1,185
1101,0,34028.507252,8347.357454,25699.16036299999,76,1,1,0,1,0,1,1,0,0,0,0,0,0,0,0,1,0,0,0,0,0,0,0,0,0,1,1,0,0,1,1,1,0,0,71,286,215,0.7517482517482518,3.028169014084507,0.013986013986013986,0,0,1.0,0, 0, 0, 0, 0, 0,9,11,11,9,4,8,20,7,8,12,31,20,6,11,2,15,5,1,16,9,28,31,31,62,74,20,9,11,11,9,4,8,20,7,8,12,31,20,6,11,2,15,5,1,16,9,28,31,31,62,74,20,9,11,11,9,4,8,20,7,8,12,31,20,6,11,2,15,5,1,16,9,28,31,31,62,74,20,0,0,0,0,0,0,0,1,1,0,0,0,1,1,1,215
1102,1,3332.5951580000005,860.478973,2490.1267500000004,20,1,1,0,1,0,0,1,0,0,0,0,0,0,0,0,1,0,0,0,0,0,0,0,0,0,1,1,0,0,1,1,1,0,0,7,29,22,0.7586206896551724,3.142857142857143,0.06896551724137931,1,0,0.06896551724137931,0, 0, 0, 1, 0, 0,0,1,2,2,2,2,0,2,0,1,0,2,0,0,1,1,3,0,2,1,2,2,3,5,4,4,0,1,2,2,2,2,0,2,0,1,0,2,0,0,1,1,3,0,2,1,2,2,3,5,4,4,0,1,2,2,2,2,0,2,0,1,0,2,0,0,1,1,3,0,2,1,2,2,3,5,4,4,0,0,0,0,0,0,0,1,1,0,0,0,1,1,1,22
1103,0,19240.66213,4539.344886000002,14719.327809000002,3520,0,0,1,1,0,0,0,1,0,0,0,0,0,0,0,1,0,0,0,0,0,0,0,0,0,1,1,0,0,1,1,1,0,0,42,168,126,0.75,3.0,0.005952380952380952,0,0,1.0,0, 0, 0, 0, 0, 0,10,5,6,7,1,6,17,1,2,4,11,12,4,4,2,9,7,0,8,10,12,23,17,40,40,16,10,5,6,7,1,6,17,1,2,4,11,12,4,4,2,9,7,0,8,10,12,23,17,40,40,16,10,5,6,7,1,6,17,1,2,4,11,12,4,4,2,9,7,0,8,10,12,23,17,40,40,16,0,0,0,0,0,0,0,1,1,0,0,0,1,1,1,126
1104,0,24414.695493999996,5769.023992999999,18663.682065999998,7256,0,0,1,1,0,0,1,0,0,0,0,0,0,0,0,1,0,0,0,0,0,0,0,0,0,1,1,0,0,1,1,1,0,0,55,223,168,0.7533632286995515,3.0545454545454547,0.008968609865470852,0,0,1.0,0, 0, 0, 0, 0, 0,15,6,11,12,2,3,12,9,4,15,14,12,4,6,6,7,8,1,5,16,12,23,18,41,73,15,15,6,11,12,2,3,12,9,4,15,14,12,4,6,6,7,8,1,5,16,12,23,18,41,73,15,15,6,11,12,2,3,12,9,4,15,14,12,4,6,6,7,8,1,5,16,12,23,18,41,73,15,0,0,0,0,0,0,0,1,1,0,0,0,1,1,1,168
1105,0,28197.82637999999,6894.601685999999,21321.235258999986,9458,0,0,1,1,0,0,1,0,0,0,0,0,0,0,1,1,0,0,0,0,0,0,0,0,0,1,1,0,0,1,1,1,0,0,59,239,180,0.7531380753138075,3.0508474576271185,0.008368200836820083,1,0,1.0,0, 0, 0, 0, 0, 0,9,6,1,11,2,2,5,11,5,19,26,7,7,20,8,8,8,8,10,7,38,6,13,19,79,16,9,6,1,11,2,2,5,11,5,19,26,7,7,20,8,8,8,8,10,7,38,6,13,19,79,16,9,6,1,11,2,2,5,11,5,19,26,7,7,20,8,8,8,8,10,7,38,6,13,19,79,16,0,0,0,0,0,0,0,1,1,0,0,0,1,1,1,180
1107,0,16784.367177999993,4202.4136370000015,12599.964105999989,7737,0,0,1,0,1,1,1,0,0,0,0,0,0,0,0,1,0,0,0,0,0,0,0,0,0,1,1,0,0,1,1,1,0,0,37,148,111,0.75,3.0,0.02027027027027027,2,1.0,1.0,0, 0, 0, 0, 0, 0,10,5,2,3,2,3,3,4,2,11,23,4,2,5,1,8,7,1,8,7,14,5,9,14,57,15,10,5,2,3,2,3,3,4,2,11,23,4,2,5,1,8,7,1,8,7,14,5,9,14,57,15,10,5,2,3,2,3,3,4,2,11,23,4,2,5,1,8,7,1,8,7,14,5,9,14,57,15,0,0,0,0,1,0,0,1,1,0,0,0,1,1,1,111
1108,0,30052.688722999985,7104.664540000001,22966.03474799998,6886,0,0,1,1,0,0,1,0,0,0,0,0,0,0,0,1,0,0,0,0,0,0,0,0,0,1,1,0,0,1,1,1,0,0,69,276,207,0.75,3.0,0.007246376811594203,0,0,1.0,0, 0, 0, 0, 0, 0,11,6,14,8,2,6,15,14,5,11,32,16,3,4,7,12,18,1,8,14,13,29,22,51,85,30,11,6,14,8,2,6,15,14,5,11,32,16,3,4,7,12,18,1,8,14,13,29,22,51,85,30,11,6,14,8,2,6,15,14,5,11,32,16,3,4,7,12,18,1,8,14,13,29,22,51,85,30,0,0,0,0,1,0,0,1,1,0,0,0,1,1,1,207
1109,0,25955.02983599998,6609.453519999999,19363.58688099999,6198,0,0,1,1,0,0,0,1,0,0,0,0,0,0,0,1,0,0,0,0,0,0,0,0,0,1,1,0,0,1,1,1,0,0,57,231,174,0.7532467532467533,3.0526315789473686,0.004329004329004329,1,0,1.0,0, 0, 0, 0, 0, 0,21,1,3,4,1,4,8,7,2,16,31,11,7,4,5,8,14,5,10,12,19,11,12,23,94,22,21,1,3,4,1,4,8,7,2,16,31,11,7,4,5,8,14,5,10,12,19,11,12,23,94,22,21,1,3,4,1,4,8,7,2,16,31,11,7,4,5,8,14,5,10,12,19,11,12,23,94,22,0,0,0,0,1,0,0,1,1,0,0,0,1,1,1,174
1110,0,24818.49584499999,6182.4308519999995,18654.075557999997,5457,0,0,1,1,0,0,0,1,0,0,0,0,0,0,0,1,0,0,0,0,0,0,0,0,0,1,1,0,0,1,1,1,0,0,56,224,168,0.75,3.0,0.004464285714285714,0,0,1.0,0, 0, 0, 0, 0, 0,12,4,2,4,1,4,8,13,5,14,31,8,10,8,4,14,6,4,4,12,16,10,12,22,92,20,12,4,2,4,1,4,8,13,5,14,31,8,10,8,4,14,6,4,4,12,16,10,12,22,92,20,12,4,2,4,1,4,8,13,5,14,31,8,10,8,4,14,6,4,4,12,16,10,12,22,92,20,0,0,0,0,1,0,0,1,1,0,0,0,1,1,1,168
1112,1,3326.6209790000007,874.494623,2470.136921,19,1,1,0,1,0,0,1,0,0,0,0,0,0,0,0,1,0,0,0,0,0,0,0,0,0,1,1,0,0,1,1,1,0,0,7,29,22,0.7586206896551724,3.142857142857143,0.06896551724137931,0,0,1.0,0, 0, 0, 0, 0, 1,2,1,1,3,2,1,1,1,0,0,1,2,0,0,2,1,1,0,2,1,2,2,3,5,5,2,2,1,1,3,2,1,1,1,0,0,1,2,0,0,2,1,1,0,2,1,2,2,3,5,5,2,2,1,1,3,2,1,1,1,0,0,1,2,0,0,2,1,1,0,2,1,2,2,3,5,5,2,0,0,0,0,1,0,0,1,1,0,0,0,1,1,1,22
1113,0,34007.23445500001,8324.272721000001,25700.972298999986,74,1,1,0,1,0,1,1,0,0,0,0,0,0,0,0,1,0,0,0,0,0,0,0,0,0,1,1,0,0,1,1,1,0,0,71,287,216,0.7526132404181185,3.0422535211267605,0.010452961672473868,0,0,1.0,0, 0, 0, 0, 0, 0,10,12,12,13,3,9,19,9,6,11,30,17,8,12,1,13,7,1,15,8,28,31,29,60,76,20,10,12,12,13,3,9,19,9,6,11,30,17,8,12,1,13,7,1,15,8,28,31,29,60,76,20,10,12,12,13,3,9,19,9,6,11,30,17,8,12,1,13,7,1,15,8,28,31,29,60,76,20,0,0,0,0,1,0,0,1,1,0,0,0,1,1,1,216
1115,0,15336.751120999998,3793.796286,11560.965400000001,1788,0,0,1,0,1,1,1,0,0,0,0,0,0,0,0,1,0,0,0,0,0,0,0,0,0,1,1,0,0,1,1,1,0,0,34,139,105,0.7553956834532374,3.088235294117647,0.02158273381294964,0,0,0.9568345323741008,0, 1, 0, 0, 0, 0,10,3,5,4,0,3,8,4,6,8,7,8,3,3,5,8,10,0,2,8,5,13,11,24,40,18,10,3,5,4,0,3,8,4,6,8,7,8,3,3,5,8,10,0,2,8,5,13,11,24,40,18,10,3,5,4,0,3,8,4,6,8,7,8,3,3,5,8,10,0,2,8,5,13,11,24,40,18,0,0,0,0,1,0,0,1,1,0,0,0,1,1,1,105
1116,0,26786.175023000003,6382.559343000001,20421.626244999992,2272,0,0,1,1,0,0,1,0,0,0,0,0,0,0,0,1,0,0,0,0,0,0,0,0,0,1,1,0,0,1,1,1,0,0,60,241,181,0.7510373443983402,3.0166666666666666,0.008298755186721992,1,0,1.0,0, 0, 0, 0, 0, 0,14,8,12,3,2,4,18,8,3,12,26,12,8,7,7,8,13,1,4,11,12,30,20,50,79,21,14,8,12,3,2,4,18,8,3,12,26,12,8,7,7,8,13,1,4,11,12,30,20,50,79,21,14,8,12,3,2,4,18,8,3,12,26,12,8,7,7,8,13,1,4,11,12,30,20,50,79,21,0,0,0,0,1,0,0,1,1,0,0,0,1,1,1,181
1117,0,30493.610801000003,7091.682266000001,23419.939100000003,4088,0,0,1,1,0,0,0,1,0,0,0,0,0,0,0,1,0,0,0,0,0,0,0,0,0,1,1,0,0,1,1,1,0,0,65,260,195,0.75,3.0,0.0038461538461538464,1,0,1.0,0, 0, 0, 0, 0, 0,7,13,12,15,1,14,9,6,6,10,28,8,4,6,5,13,6,7,13,12,26,21,21,42,67,19,7,13,12,15,1,14,9,6,6,10,28,8,4,6,5,13,6,7,13,12,26,21,21,42,67,19,7,13,12,15,1,14,9,6,6,10,28,8,4,6,5,13,6,7,13,12,26,21,21,42,67,19,0,0,0,0,1,0,0,1,1,0,0,0,1,1,1,195
1119,0,15322.005609999997,3635.880549,11704.135625999994,7564,0,0,1,0,1,0,1,0,0,0,0,0,0,0,0,1,0,0,0,0,0,0,0,0,0,1,1,0,0,0,1,1,0,0,33,133,100,0.7518796992481203,3.0303030303030303,0.015037593984962405,1,0,1.0,0, 0, 0, 0, 0, 0,7,4,6,4,0,5,6,6,2,4,10,11,2,10,1,1,7,0,6,8,16,12,15,27,37,8,7,4,6,4,0,5,6,6,2,4,10,11,2,10,1,1,7,0,6,8,16,12,15,27,37,8,7,4,6,4,0,5,6,6,2,4,10,11,2,10,1,1,7,0,6,8,16,12,15,27,37,8,0,0,0,0,0,0,0,1,1,0,0,0,0,1,1,100
1120,0,11592.866233999996,2867.332368999999,8743.544430000002,5712,0,0,1,0,1,0,1,0,0,0,1,0,0,0,1,1,0,0,0,0,0,0,0,0,0,1,1,0,0,0,1,1,0,0,26,104,78,0.75,3.0,0.019230769230769232,1,0,0.7115384615384616,0, 1, 0, 0, 0, 0,4,0,6,1,2,5,10,4,1,9,7,8,2,2,4,2,3,1,0,7,3,16,8,24,33,5,4,0,6,1,2,5,10,4,1,9,7,8,2,2,4,2,3,1,0,7,3,16,8,24,33,5,4,0,6,1,2,5,10,4,1,9,7,8,2,2,4,2,3,1,0,7,3,16,8,24,33,5,0,0,0,0,0,0,0,1,1,0,0,0,0,1,1,78
1121,0,18719.391847000014,4841.558704,13895.843707999986,4955,0,0,1,0,1,1,1,0,0,0,0,0,0,0,0,1,0,0,0,0,0,0,0,0,0,1,1,0,0,0,1,1,0,0,41,165,124,0.7515151515151515,3.024390243902439,0.024242424242424242,2,109.0,1.0,0, 0, 0, 0, 0, 0,8,9,1,5,3,1,1,7,2,12,26,2,5,9,6,8,4,1,3,11,13,2,11,13,69,12,8,9,1,5,3,1,1,7,2,12,26,2,5,9,6,8,4,1,3,11,13,2,11,13,69,12,8,9,1,5,3,1,1,7,2,12,26,2,5,9,6,8,4,1,3,11,13,2,11,13,69,12,0,0,0,0,0,0,0,1,1,0,0,0,0,1,1,124
1122,0,31198.09062199998,7805.937144999996,23410.164042,4015,0,0,1,0,1,0,1,0,0,0,0,0,0,0,0,1,0,0,0,0,0,0,0,0,0,1,1,0,0,0,1,1,0,0,71,286,215,0.7517482517482518,3.028169014084507,0.006993006993006993,1,0,1.0,0, 0, 0, 0, 0, 1,19,8,13,14,0,3,17,17,7,13,21,17,6,1,4,13,12,1,7,22,9,30,25,55,98,25,19,8,13,14,0,3,17,17,7,13,21,17,6,1,4,13,12,1,7,22,9,30,25,55,98,25,19,8,13,14,0,3,17,17,7,13,21,17,6,1,4,13,12,1,7,22,9,30,25,55,98,25,0,0,0,0,0,0,0,1,1,0,0,0,0,1,1,215
1123,0,34171.72763699997,8199.141034000002,25990.59716799998,248,1,0,0,1,0,1,1,0,0,0,0,0,0,0,0,1,0,0,0,0,0,0,0,0,0,1,1,0,0,0,1,1,0,0,71,286,215,0.7517482517482518,3.028169014084507,0.017482517482517484,0,0,1.0,0, 0, 0, 0, 0, 0,7,10,7,17,5,6,20,3,3,19,31,24,5,14,1,12,11,1,15,4,30,27,34,61,69,23,7,10,7,17,5,6,20,3,3,19,31,24,5,14,1,12,11,1,15,4,30,27,34,61,69,23,7,10,7,17,5,6,20,3,3,19,31,24,5,14,1,12,11,1,15,4,30,27,34,61,69,23,0,0,0,0,0,0,0,1,1,0,0,0,0,1,1,215
1124,1,3889.7677959999987,961.479033,2946.299328000001,58,1,1,0,1,0,0,1,0,1,0,0,0,0,0,0,1,0,0,0,0,0,0,0,0,0,1,1,0,0,0,1,1,0,0,8,35,27,0.7714285714285715,3.375,0.05714285714285714,2,6.0,0.14285714285714285,0, 0, 0, 0, 1, 0,0,2,2,0,2,1,2,5,2,0,3,1,2,1,1,3,0,0,0,0,1,4,3,7,10,3,0,2,2,0,2,1,2,5,2,0,3,1,2,1,1,3,0,0,0,0,1,4,3,7,10,3,0,2,2,0,2,1,2,5,2,0,3,1,2,1,1,3,0,0,0,0,1,4,3,7,10,3,0,0,0,0,0,0,0,1,1,0,0,0,0,1,1,27
1125,0,20428.144244999992,5268.910912000001,15177.24389799998,4031,0,0,1,1,0,0,0,1,0,0,0,0,0,0,0,1,0,0,0,0,0,0,0,0,0,1,1,0,0,0,1,1,0,0,45,182,137,0.7527472527472527,3.0444444444444443,0.005494505494505495,0,0,1.0,0, 0, 0, 0, 0, 0,11,2,5,10,1,3,1,6,2,15,17,3,2,12,5,6,10,2,5,19,19,6,5,11,70,16,11,2,5,10,1,3,1,6,2,15,17,3,2,12,5,6,10,2,5,19,19,6,5,11,70,16,11,2,5,10,1,3,1,6,2,15,17,3,2,12,5,6,10,2,5,19,19,6,5,11,70,16,0,0,0,0,0,0,0,1,1,0,0,0,0,1,1,137
1128,0,16111.349851999992,3981.138418,12148.221999000005,8610,0,0,1,1,0,0,0,1,0,0,0,0,0,0,0,1,0,0,0,0,0,0,0,0,0,1,1,0,0,0,1,1,0,0,33,133,100,0.7518796992481203,3.0303030303030303,0.007518796992481203,0,0,1.0,0, 0, 0, 0, 0, 0,3,5,9,3,1,3,11,3,1,11,8,13,1,7,2,6,4,2,6,1,15,20,18,38,27,10,3,5,9,3,1,3,11,3,1,11,8,13,1,7,2,6,4,2,6,1,15,20,18,38,27,10,3,5,9,3,1,3,11,3,1,11,8,13,1,7,2,6,4,2,6,1,15,20,18,38,27,10,0,0,0,0,0,0,0,1,1,0,0,0,0,1,1,100
1131,0,23810.816225,5575.834417000001,18252.992372999997,6826,0,0,1,0,1,1,1,0,0,0,0,0,0,0,0,1,0,0,0,0,0,0,0,0,0,1,1,0,0,0,1,1,0,0,50,203,153,0.7536945812807881,3.06,0.014778325123152709,0,0,1.0,0, 0, 0, 0, 0, 0,13,7,8,3,2,9,15,3,5,4,23,9,6,10,3,11,7,3,10,2,23,23,16,39,51,18,13,7,8,3,2,9,15,3,5,4,23,9,6,10,3,11,7,3,10,2,23,23,16,39,51,18,13,7,8,3,2,9,15,3,5,4,23,9,6,10,3,11,7,3,10,2,23,23,16,39,51,18,0,0,0,0,0,0,0,1,1,0,0,0,0,1,1,153
1132,0,33715.38982299998,8549.399132,25184.001255999996,4732,0,0,1,0,1,1,1,0,0,0,0,0,0,0,0,1,0,0,0,0,0,0,0,0,0,1,1,0,0,0,1,1,0,0,73,293,220,0.7508532423208191,3.0136986301369864,0.010238907849829351,0,0,1.0,0, 0, 0, 0, 0, 0,18,7,9,7,2,23,16,7,6,14,26,13,3,13,10,18,5,3,7,13,23,25,20,45,81,23,18,7,9,7,2,23,16,7,6,14,26,13,3,13,10,18,5,3,7,13,23,25,20,45,81,23,18,7,9,7,2,23,16,7,6,14,26,13,3,13,10,18,5,3,7,13,23,25,20,45,81,23,0,0,0,0,0,0,0,1,1,0,0,0,0,1,1,220
1133,0,7126.574492000001,1883.8876160000002,5260.697441,4255,0,0,1,1,0,0,1,0,0,0,0,0,0,0,0,1,0,0,0,0,0,0,0,0,0,1,1,0,0,0,1,1,0,0,16,65,49,0.7538461538461538,3.0625,0.03076923076923077,0,0,1.0,0, 0, 0, 0, 0, 0,2,1,3,1,2,4,2,6,1,5,9,1,1,2,1,5,0,0,1,2,3,5,2,7,25,5,2,1,3,1,2,4,2,6,1,5,9,1,1,2,1,5,0,0,1,2,3,5,2,7,25,5,2,1,3,1,2,4,2,6,1,5,9,1,1,2,1,5,0,0,1,2,3,5,2,7,25,5,0,0,0,0,0,0,0,1,1,0,0,0,0,1,1,49
1134,0,7851.981679999997,1988.9877239999998,5881.004521000002,4237,0,0,1,1,0,0,1,0,0,0,0,0,0,0,0,1,0,0,0,0,0,0,0,0,0,1,1,0,0,0,1,1,0,0,17,71,54,0.7605633802816901,3.176470588235294,0.028169014084507043,0,0,1.0,0, 0, 0, 0, 0, 0,2,2,3,1,2,4,2,7,1,5,9,1,1,3,2,5,0,0,2,2,5,5,3,8,26,5,2,2,3,1,2,4,2,7,1,5,9,1,1,3,2,5,0,0,2,2,5,5,3,8,26,5,2,2,3,1,2,4,2,7,1,5,9,1,1,3,2,5,0,0,2,2,5,5,3,8,26,5,0,0,0,0,0,0,0,1,1,0,0,0,0,1,1,54
1135,0,9056.589310000001,2481.2436190000003,6593.356256000001,4032,0,0,1,0,1,0,1,0,0,0,0,0,0,0,0,1,0,0,0,0,0,0,0,0,0,1,1,0,0,0,1,1,0,0,20,80,60,0.75,3.0,0.025,0,0,1.0,0, 0, 0, 0, 0, 0,6,4,1,1,2,4,2,6,1,6,3,2,1,4,1,5,5,1,2,3,7,3,6,9,25,10,6,4,1,1,2,4,2,6,1,6,3,2,1,4,1,5,5,1,2,3,7,3,6,9,25,10,6,4,1,1,2,4,2,6,1,6,3,2,1,4,1,5,5,1,2,3,7,3,6,9,25,10,0,0,0,0,0,0,0,1,1,0,0,0,0,1,1,60
1136,0,20342.056158999992,4900.594299000002,15459.472424999998,2119,0,0,1,1,0,0,0,1,0,0,0,0,0,0,0,1,0,0,0,0,0,0,0,0,0,1,1,0,0,0,1,1,0,0,43,173,130,0.7514450867052023,3.0232558139534884,0.005780346820809248,0,0,1.0,0, 0, 0, 0, 0, 0,7,5,13,8,1,2,10,4,2,12,9,9,5,6,2,11,2,2,13,7,21,23,14,37,44,13,7,5,13,8,1,2,10,4,2,12,9,9,5,6,2,11,2,2,13,7,21,23,14,37,44,13,7,5,13,8,1,2,10,4,2,12,9,9,5,6,2,11,2,2,13,7,21,23,14,37,44,13,0,0,0,0,0,0,0,1,1,0,0,0,0,1,1,130
1137,1,3964.7488329999987,1105.514765,2877.244633000001,57,1,1,0,1,0,0,1,0,1,0,0,0,0,0,0,1,0,0,0,0,0,0,0,0,0,1,1,0,0,0,1,1,0,0,9,36,27,0.75,3.0,0.05555555555555555,2,6.0,0.1388888888888889,0, 0, 0, 0, 1, 0,0,1,2,3,2,1,2,5,1,0,3,0,0,1,2,2,0,0,1,1,2,4,1,5,9,2,0,1,2,3,2,1,2,5,1,0,3,0,0,1,2,2,0,0,1,1,2,4,1,5,9,2,0,1,2,3,2,1,2,5,1,0,3,0,0,1,2,2,0,0,1,1,2,4,1,5,9,2,0,0,0,0,0,0,0,1,1,0,0,0,0,1,1,27
1138,0,33880.43909999998,8276.261957,25622.18770799998,243,1,0,0,1,0,1,1,0,0,0,0,0,0,0,0,1,0,0,0,0,0,0,0,0,0,1,1,0,0,0,1,1,0,0,71,286,215,0.7517482517482518,3.028169014084507,0.02097902097902098,2,123.0,1.0,0, 0, 0, 0, 0, 0,8,11,10,13,6,6,21,4,7,14,34,17,8,11,2,11,9,1,11,11,23,31,28,59,79,20,8,11,10,13,6,6,21,4,7,14,34,17,8,11,2,11,9,1,11,11,23,31,28,59,79,20,8,11,10,13,6,6,21,4,7,14,34,17,8,11,2,11,9,1,11,11,23,31,28,59,79,20,0,0,0,0,0,0,0,1,1,0,0,0,0,1,1,215
1141,0,11634.724430999984,3094.3663309999993,8558.368664999996,1696,0,0,1,0,1,1,1,0,0,0,0,0,0,0,0,1,0,0,0,0,0,0,0,0,0,1,1,0,0,0,1,1,0,0,24,99,75,0.7575757575757576,3.125,0.030303030303030304,1,0,1.0,0, 0, 0, 0, 0, 0,3,2,2,11,1,1,5,5,0,6,11,5,5,2,1,4,1,0,5,5,7,7,7,14,35,5,3,2,2,11,1,1,5,5,0,6,11,5,5,2,1,4,1,0,5,5,7,7,7,14,35,5,3,2,2,11,1,1,5,5,0,6,11,5,5,2,1,4,1,0,5,5,7,7,7,14,35,5,0,0,0,0,0,0,0,1,1,0,0,0,0,1,1,75
1142,0,4216.035102999999,1111.558344,3122.4873239999997,3761,0,0,1,1,0,0,0,1,0,0,0,0,0,0,0,1,0,0,0,0,0,0,0,0,0,1,1,0,0,0,1,1,0,0,9,37,28,0.7567567567567568,3.111111111111111,0.02702702702702703,0,0,1.0,0, 0, 0, 0, 0, 0,2,2,4,2,1,3,1,1,1,2,2,0,1,0,1,2,0,0,0,3,0,5,2,7,11,2,2,2,4,2,1,3,1,1,1,2,2,0,1,0,1,2,0,0,0,3,0,5,2,7,11,2,2,2,4,2,1,3,1,1,1,2,2,0,1,0,1,2,0,0,0,3,0,5,2,7,11,2,0,0,0,0,0,0,0,1,1,0,0,0,0,1,1,28
1144,0,33997.28878699997,8110.205700999999,25905.093650999966,4249,0,0,1,0,1,1,1,0,0,0,0,0,0,0,0,1,0,0,0,0,0,0,0,0,0,1,1,0,0,0,1,1,0,0,71,287,216,0.7526132404181185,3.0422535211267605,0.010452961672473868,0,0,1.0,0, 0, 0, 0, 0, 0,8,7,9,15,2,6,25,2,4,14,30,18,5,12,0,18,13,2,17,9,31,34,25,59,68,31,8,7,9,15,2,6,25,2,4,14,30,18,5,12,0,18,13,2,17,9,31,34,25,59,68,31,8,7,9,15,2,6,25,2,4,14,30,18,5,12,0,18,13,2,17,9,31,34,25,59,68,31,0,0,0,0,0,0,0,1,1,0,0,0,0,1,1,216
1145,0,14887.552672999995,3857.021935,11048.541302999995,5265,0,0,1,0,1,1,1,0,0,0,0,0,0,0,0,1,0,0,0,0,0,0,0,0,0,1,1,0,0,0,1,1,0,0,31,126,95,0.753968253968254,3.064516129032258,0.031746031746031744,2,79.0,1.0,0, 0, 0, 0, 0, 0,5,5,7,3,3,7,13,5,1,5,13,8,1,4,0,4,5,1,2,3,7,20,13,33,32,9,5,5,7,3,3,7,13,5,1,5,13,8,1,4,0,4,5,1,2,3,7,20,13,33,32,9,5,5,7,3,3,7,13,5,1,5,13,8,1,4,0,4,5,1,2,3,7,20,13,33,32,9,0,0,0,0,0,0,0,1,1,0,0,0,0,1,1,95
1147,0,6724.585375000001,1744.910976,4997.684964000001,7604,0,0,1,1,0,0,1,0,0,0,0,0,1,0,0,1,0,0,0,0,0,0,0,0,0,1,0,1,0,1,1,1,0,0,16,65,49,0.7538461538461538,3.0625,0.03076923076923077,1,0,1.0,0, 0, 0, 0, 0, 0,10,2,2,1,2,0,0,5,1,3,9,0,1,2,1,3,0,1,1,5,4,2,2,4,33,3,10,2,2,1,2,0,0,5,1,3,9,0,1,2,1,3,0,1,1,5,4,2,2,4,33,3,10,2,2,1,2,0,0,5,1,3,9,0,1,2,1,3,0,1,1,5,4,2,2,4,33,3,0,0,0,0,0,0,1,1,0,1,0,1,1,1,1,49
1148,0,29511.000388,7205.900203000001,22323.110749999996,6806,0,0,1,0,1,1,1,0,1,0,0,0,1,0,1,1,0,0,0,0,0,0,0,0,0,1,0,1,0,1,1,1,0,0,66,265,199,0.7509433962264151,3.015151515151515,0.022641509433962263,2,1.0,0.24150943396226415,0, 0, 0, 0, 0, 1,10,10,12,8,5,8,12,12,22,8,24,7,6,4,9,15,9,0,3,15,7,24,17,41,75,24,10,10,12,8,5,8,12,12,22,8,24,7,6,4,9,15,9,0,3,15,7,24,17,41,75,24,10,10,12,8,5,8,12,12,22,8,24,7,6,4,9,15,9,0,3,15,7,24,17,41,75,24,0,0,0,0,0,0,1,1,0,1,0,1,1,1,1,199
1149,0,17972.892854999987,4694.250014,13296.653405999996,6315,0,0,1,0,1,1,1,0,0,0,1,0,0,0,0,1,0,0,0,0,0,0,0,0,0,1,0,1,0,1,1,1,0,1,41,164,123,0.75,3.0,0.04878048780487805,1,0,0.04878048780487805,0, 2, 0, 0, 0, 2,15,3,3,7,6,7,8,6,5,7,13,5,1,5,7,10,4,1,2,8,8,11,8,19,50,14,15,3,3,7,6,7,8,6,5,7,13,5,1,5,7,10,4,1,2,8,8,11,8,19,50,14,15,3,3,7,6,7,8,6,5,7,13,5,1,5,7,10,4,1,2,8,8,11,8,19,50,14,0,0,0,0,0,0,1,1,0,1,0,1,1,1,1,123
1151,0,27676.90601799999,6791.303292,20903.613290999994,3307,0,0,1,0,1,0,1,0,0,0,0,0,0,0,0,1,0,0,0,0,0,0,0,0,0,1,0,1,0,1,1,1,0,0,61,247,186,0.7530364372469636,3.0491803278688523,0.008097165991902834,0,0,1.0,0, 0, 0, 0, 0, 0,15,7,11,9,1,14,16,9,8,20,14,7,3,8,11,13,4,2,3,11,13,27,14,41,72,17,15,7,11,9,1,14,16,9,8,20,14,7,3,8,11,13,4,2,3,11,13,27,14,41,72,17,15,7,11,9,1,14,16,9,8,20,14,7,3,8,11,13,4,2,3,11,13,27,14,41,72,17,0,0,0,0,0,0,1,1,0,1,0,1,1,1,1,186
1153,0,30217.084284999986,7629.778778999998,22605.316071000016,268,1,0,0,0,1,0,1,0,0,0,0,0,0,0,0,1,0,0,0,0,0,0,0,0,0,1,0,1,0,1,1,1,0,0,64,257,193,0.7509727626459144,3.015625,0.007782101167315175,0,0,1.0,0, 0, 0, 0, 0, 0,16,19,13,6,1,8,16,10,8,10,19,4,5,5,7,8,13,6,9,10,20,29,23,52,70,21,16,19,13,6,1,8,16,10,8,10,19,4,5,5,7,8,13,6,9,10,20,29,23,52,70,21,16,19,13,6,1,8,16,10,8,10,19,4,5,5,7,8,13,6,9,10,20,29,23,52,70,21,0,0,0,0,0,0,1,1,0,1,0,1,1,1,1,193
1154,0,10414.202517999996,2721.1769369999993,7711.036146000001,4,1,1,0,0,1,0,0,1,0,0,0,0,0,0,0,1,0,0,0,0,0,0,0,0,0,1,0,1,0,1,1,1,0,0,22,91,69,0.7582417582417582,3.1363636363636362,0.01098901098901099,0,0,1.0,0, 0, 0, 0, 0, 0,4,2,8,4,1,3,4,5,0,5,10,4,1,1,3,1,0,1,3,9,5,12,6,18,34,1,4,2,8,4,1,3,4,5,0,5,10,4,1,1,3,1,0,1,3,9,5,12,6,18,34,1,4,2,8,4,1,3,4,5,0,5,10,4,1,1,3,1,0,1,3,9,5,12,6,18,34,1,0,0,0,0,0,0,1,1,0,1,0,1,1,1,1,69
1156,0,6999.632536000001,1874.9560299999996,5142.687071000002,3824,0,0,1,1,0,0,0,1,0,0,0,0,0,0,0,1,0,0,0,0,0,0,0,0,0,1,0,0,0,1,1,1,0,0,16,64,48,0.75,3.0,0.015625,0,0,1.0,0, 0, 0, 0, 0, 0,4,2,2,1,1,1,5,3,1,1,7,4,0,1,1,5,6,0,0,3,1,7,6,13,18,11,4,2,2,1,1,1,5,3,1,1,7,4,0,1,1,5,6,0,0,3,1,7,6,13,18,11,4,2,2,1,1,1,5,3,1,1,7,4,0,1,1,5,6,0,0,3,1,7,6,13,18,11,0,0,0,0,0,0,0,1,0,0,0,0,1,1,1,48
1159,0,3634.966619000001,948.557892,2704.4192920000005,2109,0,0,1,1,0,0,0,1,0,0,0,0,0,0,1,1,0,0,0,0,0,0,0,0,0,1,0,0,0,1,1,1,0,0,7,31,24,0.7741935483870968,3.4285714285714284,0.03225806451612903,0,0,1.0,0, 0, 0, 0, 0, 0,3,2,0,0,1,1,2,1,0,2,1,2,1,1,3,1,1,0,1,1,2,2,4,6,9,2,3,2,0,0,1,1,2,1,0,2,1,2,1,1,3,1,1,0,1,1,2,2,4,6,9,2,3,2,0,0,1,1,2,1,0,2,1,2,1,1,3,1,1,0,1,1,2,2,4,6,9,2,0,0,0,0,0,0,0,1,0,0,0,0,1,1,1,24
1160,0,27954.014458,7238.536196999999,20733.488826000004,289,1,0,0,0,1,1,1,0,0,0,0,0,0,0,0,1,0,0,0,0,0,0,0,0,0,1,0,0,0,1,1,1,0,0,63,252,189,0.75,3.0,0.011904761904761904,0,0,1.0,0, 0, 0, 0, 0, 0,36,14,14,2,2,5,12,11,5,9,20,5,4,8,10,7,9,4,6,6,18,26,19,45,86,16,36,14,14,2,2,5,12,11,5,9,20,5,4,8,10,7,9,4,6,6,18,26,19,45,86,16,36,14,14,2,2,5,12,11,5,9,20,5,4,8,10,7,9,4,6,6,18,26,19,45,86,16,0,0,0,0,0,0,0,1,0,0,0,0,1,1,1,189
1161,0,11166.948833999999,2728.5758859999996,8456.383513,4,1,1,0,1,0,0,0,1,0,0,0,0,0,0,0,1,0,0,0,0,0,0,0,0,0,1,0,0,0,1,1,1,0,0,24,98,74,0.7551020408163265,3.0833333333333335,0.01020408163265306,0,0,1.0,0, 0, 0, 0, 0, 0,8,5,10,1,1,3,5,1,0,6,8,3,0,3,4,4,0,2,2,8,7,15,8,23,31,4,8,5,10,1,1,3,5,1,0,6,8,3,0,3,4,4,0,2,2,8,7,15,8,23,31,4,8,5,10,1,1,3,5,1,0,6,8,3,0,3,4,4,0,2,2,8,7,15,8,23,31,4,0,0,0,0,0,0,0,1,0,0,0,0,1,1,1,74
1162,0,8208.204533,2086.0265699999995,6140.188527999999,140,1,1,0,0,1,0,0,1,0,0,0,0,0,0,0,1,0,0,0,0,0,0,0,0,0,1,0,0,0,1,1,1,0,0,18,73,55,0.7534246575342466,3.0555555555555554,0.0,0,0,1.0,0, 0, 0, 0, 0, 0,5,4,2,3,0,3,2,2,2,2,2,3,0,5,3,8,1,1,0,7,6,4,7,11,18,9,5,4,2,3,0,3,2,2,2,2,2,3,0,5,3,8,1,1,0,7,6,4,7,11,18,9,5,4,2,3,0,3,2,2,2,2,2,3,0,5,3,8,1,1,0,7,6,4,7,11,18,9,0,0,0,0,0,0,0,1,0,0,0,0,1,1,1,55
1163,0,9523.814378000001,2570.248857,6971.576086000001,59,1,1,0,0,1,0,0,1,0,0,0,0,0,0,0,1,0,0,0,0,0,0,0,0,0,1,0,0,0,1,1,1,0,0,21,84,63,0.75,3.0,0.0,0,0,1.0,0, 0, 0, 0, 0, 0,6,5,7,0,0,1,5,2,3,3,10,1,2,0,1,6,5,0,1,5,1,12,6,18,28,11,6,5,7,0,0,1,5,2,3,3,10,1,2,0,1,6,5,0,1,5,1,12,6,18,28,11,6,5,7,0,0,1,5,2,3,3,10,1,2,0,1,6,5,0,1,5,1,12,6,18,28,11,0,0,0,0,0,0,0,1,0,0,0,0,1,1,1,63
1164,0,24508.730157000013,5808.104325,18718.63639700001,2014,0,0,1,1,0,0,0,1,0,0,0,0,0,0,1,1,0,0,0,0,0,0,0,0,0,1,0,0,0,1,1,1,0,0,55,222,167,0.7522522522522522,3.036363636363636,0.0045045045045045045,0,0,1.0,0, 0, 0, 0, 0, 0,25,16,8,7,1,2,11,8,7,7,16,4,6,7,10,7,6,3,4,12,14,19,20,39,74,13,25,16,8,7,1,2,11,8,7,7,16,4,6,7,10,7,6,3,4,12,14,19,20,39,74,13,25,16,8,7,1,2,11,8,7,7,16,4,6,7,10,7,6,3,4,12,14,19,20,39,74,13,0,0,0,0,0,0,0,1,0,0,0,0,1,1,1,167
1167,0,26583.540896000006,6383.192770000001,20218.35869099999,9158,0,0,1,0,1,1,1,0,0,0,0,0,0,0,0,1,0,0,0,0,0,0,0,0,0,1,0,1,0,1,1,1,0,0,62,250,188,0.752,3.032258064516129,0.016,1,0,1.0,0, 0, 0, 0, 0, 0,24,14,15,4,3,2,7,10,5,7,18,7,5,7,14,21,4,3,1,17,11,22,21,43,81,25,24,14,15,4,3,2,7,10,5,7,18,7,5,7,14,21,4,3,1,17,11,22,21,43,81,25,24,14,15,4,3,2,7,10,5,7,18,7,5,7,14,21,4,3,1,17,11,22,21,43,81,25,0,0,0,0,0,0,0,1,0,1,0,1,1,1,1,188
1168,0,25497.93282500001,6117.9926140000025,19397.95077599999,9158,0,0,1,0,1,1,1,0,0,0,0,0,0,0,0,1,0,0,0,0,0,0,0,0,0,1,0,1,0,1,1,1,0,0,59,239,180,0.7531380753138075,3.0508474576271185,0.016736401673640166,1,0,1.0,0, 0, 0, 0, 0, 0,24,14,15,3,3,2,7,9,5,7,18,6,5,6,14,19,3,3,1,16,10,22,20,42,79,22,24,14,15,3,3,2,7,9,5,7,18,6,5,6,14,19,3,3,1,16,10,22,20,42,79,22,24,14,15,3,3,2,7,9,5,7,18,6,5,6,14,19,3,3,1,16,10,22,20,42,79,22,0,0,0,0,0,0,0,1,0,1,0,1,1,1,1,180
1170,0,28285.543125999997,7152.743868000001,21150.809823000007,5627,0,0,1,1,0,0,0,1,0,0,0,0,0,0,0,1,0,0,0,0,0,0,0,0,0,1,0,1,0,1,1,1,0,0,64,258,194,0.751937984496124,3.03125,0.003875968992248062,0,0,1.0,0, 0, 0, 0, 0, 0,25,13,8,5,1,11,15,16,2,4,29,7,8,10,6,14,9,0,4,7,14,23,20,43,89,23,25,13,8,5,1,11,15,16,2,4,29,7,8,10,6,14,9,0,4,7,14,23,20,43,89,23,25,13,8,5,1,11,15,16,2,4,29,7,8,10,6,14,9,0,4,7,14,23,20,43,89,23,0,0,0,0,0,0,0,1,0,1,0,1,1,1,1,194
1171,0,11361.804325000005,3012.7481469999993,8367.066742999994,4,1,1,0,1,0,0,0,1,0,0,0,0,0,0,0,1,0,0,0,0,0,0,0,0,0,1,0,1,0,1,1,1,0,0,24,98,74,0.7551020408163265,3.0833333333333335,0.01020408163265306,0,0,1.0,0, 0, 0, 0, 0, 0,10,5,8,2,1,3,7,2,0,1,9,0,2,3,3,3,4,3,1,7,7,15,5,20,31,7,10,5,8,2,1,3,7,2,0,1,9,0,2,3,3,3,4,3,1,7,7,15,5,20,31,7,10,5,8,2,1,3,7,2,0,1,9,0,2,3,3,3,4,3,1,7,7,15,5,20,31,7,0,0,0,0,0,0,0,1,0,1,0,1,1,1,1,74
1172,0,28144.179222,7240.530717999997,20921.65906900001,289,1,0,0,0,1,1,1,0,0,0,0,0,0,0,0,1,0,0,0,0,0,0,0,0,0,1,0,1,0,1,1,1,0,0,62,251,189,0.7529880478087649,3.0483870967741935,0.01593625498007968,1,0,1.0,0, 0, 0, 0, 0, 0,29,15,15,1,3,3,13,11,5,8,19,7,2,8,10,8,11,4,6,11,18,28,22,50,80,19,29,15,15,1,3,3,13,11,5,8,19,7,2,8,10,8,11,4,6,11,18,28,22,50,80,19,29,15,15,1,3,3,13,11,5,8,19,7,2,8,10,8,11,4,6,11,18,28,22,50,80,19,0,0,0,0,0,0,0,1,0,1,0,1,1,1,1,189
1173,0,3562.918998000001,1018.5633710000001,2562.3661920000004,2112,0,0,1,1,0,0,0,1,0,0,0,0,0,0,1,1,0,0,0,0,0,0,0,0,0,1,0,1,0,1,1,1,0,0,8,32,24,0.75,3.0,0.03125,0,0,1.0,0, 0, 0, 0, 0, 0,3,1,0,0,1,1,2,3,0,1,3,3,1,0,1,1,1,0,1,1,1,2,4,6,12,2,3,1,0,0,1,1,2,3,0,1,3,3,1,0,1,1,1,0,1,1,1,2,4,6,12,2,3,1,0,0,1,1,2,3,0,1,3,3,1,0,1,1,1,0,1,1,1,2,4,6,12,2,0,0,0,0,0,0,0,1,0,1,0,1,1,1,1,24
1174,0,16127.962498999997,4168.229568000001,11977.743495999994,7021,0,0,1,1,0,0,0,1,0,0,0,0,0,0,0,1,0,0,0,0,0,0,0,0,0,1,0,1,0,1,1,1,0,0,37,149,112,0.7516778523489933,3.027027027027027,0.006711409395973154,0,0,1.0,0, 0, 0, 0, 0, 0,13,7,0,0,1,0,2,11,0,12,14,1,4,10,10,7,3,3,1,13,14,2,8,10,67,10,13,7,0,0,1,0,2,11,0,12,14,1,4,10,10,7,3,3,1,13,14,2,8,10,67,10,13,7,0,0,1,0,2,11,0,12,14,1,4,10,10,7,3,3,1,13,14,2,8,10,67,10,0,0,0,0,0,0,0,1,0,1,0,1,1,1,1,112
1175,0,6994.734786999999,1659.8753189999998,5352.870033000002,7470,0,0,1,1,0,0,0,1,0,0,0,0,0,0,0,1,0,0,0,0,0,0,0,0,0,1,0,1,0,1,1,1,0,0,16,66,50,0.7575757575757576,3.125,0.015151515151515152,0,0,1.0,0, 0, 0, 0, 0, 0,3,0,1,2,1,0,0,6,0,5,10,0,2,6,3,2,4,0,2,3,8,1,0,1,29,6,3,0,1,2,1,0,0,6,0,5,10,0,2,6,3,2,4,0,2,3,8,1,0,1,29,6,3,0,1,2,1,0,0,6,0,5,10,0,2,6,3,2,4,0,2,3,8,1,0,1,29,6,0,0,0,0,0,0,0,1,0,1,0,1,1,1,1,50
1176,0,13654.848526,3229.773076,10443.086014999999,3905,0,0,1,1,0,1,1,0,0,0,0,0,1,0,0,1,0,0,0,0,0,1,0,0,1,1,0,0,0,1,1,1,0,0,29,119,90,0.7563025210084033,3.103448275862069,0.025210084033613446,1,0,1.0,0, 0, 0, 0, 0, 0,9,9,8,1,3,2,5,2,2,4,6,4,3,2,5,9,3,2,6,5,10,13,13,26,29,12,9,9,8,1,3,2,5,2,2,4,6,4,3,2,5,9,3,2,6,5,10,13,13,26,29,12,9,9,8,1,3,2,5,2,2,4,6,4,3,2,5,9,3,2,6,5,10,13,13,26,29,12,1,0,0,1,0,0,1,1,0,0,0,0,1,1,1,90
1177,0,10350.184724000004,2772.3343179999997,7595.860970999999,29,1,1,0,0,1,0,0,1,0,0,0,0,0,0,0,1,0,0,0,0,0,1,0,0,1,1,0,0,0,1,1,1,0,0,22,91,69,0.7582417582417582,3.1363636363636362,0.0,0,0,1.0,0, 0, 0, 0, 0, 0,7,3,5,1,0,7,6,7,2,7,7,1,2,2,3,2,1,1,1,4,4,11,4,15,34,3,7,3,5,1,0,7,6,7,2,7,7,1,2,2,3,2,1,1,1,4,4,11,4,15,34,3,7,3,5,1,0,7,6,7,2,7,7,1,2,2,3,2,1,1,1,4,4,11,4,15,34,3,1,0,0,1,0,0,1,1,0,0,0,0,1,1,1,69
1178,0,29029.547614999996,7227.469403999999,21820.088776000015,243,1,0,0,0,1,0,0,1,0,0,0,0,0,0,1,1,0,0,0,0,0,1,0,0,1,1,0,0,0,1,1,1,0,0,62,251,189,0.7529880478087649,3.0483870967741935,0.00398406374501992,0,0,1.0,0, 0, 0, 0, 0, 0,19,19,12,3,1,13,12,12,7,9,22,2,4,5,10,10,6,7,7,9,19,24,21,45,75,16,19,19,12,3,1,13,12,12,7,9,22,2,4,5,10,10,6,7,7,9,19,24,21,45,75,16,19,19,12,3,1,13,12,12,7,9,22,2,4,5,10,10,6,7,7,9,19,24,21,45,75,16,1,0,0,1,0,0,1,1,0,0,0,0,1,1,1,189
1179,0,16798.637629000004,3871.8656979999996,12944.78249600001,9020,0,0,1,0,1,1,1,0,0,1,0,0,0,0,0,1,0,0,0,0,0,1,0,0,1,1,0,0,0,1,1,1,0,0,37,151,114,0.7549668874172185,3.081081081081081,0.033112582781456956,4,40.333333333333336,0.0728476821192053,0, 0, 2, 0, 0, 0,18,12,6,2,2,14,8,5,2,1,16,5,1,0,6,3,3,5,0,5,5,14,17,31,46,6,18,12,6,2,2,14,8,5,2,1,16,5,1,0,6,3,3,5,0,5,5,14,17,31,46,6,18,12,6,2,2,14,8,5,2,1,16,5,1,0,6,3,3,5,0,5,5,14,17,31,46,6,1,0,0,1,0,0,1,1,0,0,0,0,1,1,1,114
1187,0,11566.021153999998,2781.5217969999994,8802.509922,4,1,1,0,1,0,0,0,1,0,0,0,0,0,0,0,1,0,0,0,0,0,0,0,0,0,0,0,0,0,0,1,1,0,0,26,106,80,0.7547169811320755,3.076923076923077,0.009433962264150943,0,0,1.0,0, 0, 0, 0, 0, 0,10,5,9,2,1,3,6,4,1,7,9,3,2,1,3,3,4,1,1,5,3,15,8,23,37,7,10,5,9,2,1,3,6,4,1,7,9,3,2,1,3,3,4,1,1,5,3,15,8,23,37,7,10,5,9,2,1,3,6,4,1,7,9,3,2,1,3,3,4,1,1,5,3,15,8,23,37,7,0,0,0,0,0,0,0,0,0,0,0,0,0,1,1,80
1188,0,30367.440365,7558.876946,22826.573984000017,313,1,0,0,1,0,0,0,1,0,0,0,0,0,0,0,1,0,0,0,0,0,0,0,0,0,0,0,0,0,0,1,1,0,0,66,266,200,0.7518796992481203,3.0303030303030303,0.0037593984962406013,0,0,1.0,0, 0, 0, 0, 0, 0,20,18,16,5,1,4,11,11,8,12,17,4,3,10,10,10,13,4,9,14,23,27,22,49,77,23,20,18,16,5,1,4,11,11,8,12,17,4,3,10,10,10,13,4,9,14,23,27,22,49,77,23,20,18,16,5,1,4,11,11,8,12,17,4,3,10,10,10,13,4,9,14,23,27,22,49,77,23,0,0,0,0,0,0,0,0,0,0,0,0,0,1,1,200
1191,0,28083.245563000037,7046.673669000001,21054.582458999997,2614,0,0,1,0,1,1,1,0,0,0,0,0,0,0,0,1,0,0,0,0,0,0,0,0,0,0,0,1,0,0,1,1,0,0,68,273,205,0.7509157509157509,3.014705882352941,0.01098901098901099,2,1.0,1.0,0, 0, 0, 0, 0, 0,32,17,11,5,2,2,8,36,4,9,19,3,9,9,7,9,9,2,3,9,14,19,20,39,114,18,32,17,11,5,2,2,8,36,4,9,19,3,9,9,7,9,9,2,3,9,14,19,20,39,114,18,32,17,11,5,2,2,8,36,4,9,19,3,9,9,7,9,9,2,3,9,14,19,20,39,114,18,0,0,0,0,0,0,0,0,0,1,0,1,0,1,1,205
1193,0,28676.379053999994,6958.362876999999,21736.026742000002,309,1,0,0,0,1,1,1,0,0,0,0,0,0,0,1,1,0,0,0,0,0,0,0,0,0,0,0,1,0,0,1,1,0,0,62,248,186,0.75,3.0,0.012096774193548387,1,0,1.0,0, 0, 0, 0, 0, 0,16,17,16,4,2,10,10,8,5,9,19,6,3,8,9,10,8,8,6,12,22,26,23,49,67,18,16,17,16,4,2,10,10,8,5,9,19,6,3,8,9,10,8,8,6,12,22,26,23,49,67,18,16,17,16,4,2,10,10,8,5,9,19,6,3,8,9,10,8,8,6,12,22,26,23,49,67,18,0,0,0,0,0,0,0,0,0,1,0,1,0,1,1,186
1194,0,11347.805091,2806.355566,8559.460090000004,4,1,1,0,1,0,0,0,1,0,0,0,0,0,0,0,1,0,0,0,0,0,0,0,0,0,0,0,1,0,0,1,1,0,0,25,102,77,0.7549019607843137,3.08,0.00980392156862745,0,0,1.0,0, 0, 0, 0, 0, 0,11,7,5,3,1,4,5,6,1,3,11,2,1,3,3,2,2,2,1,4,6,10,9,19,36,4,11,7,5,3,1,4,5,6,1,3,11,2,1,3,3,2,2,2,1,4,6,10,9,19,36,4,11,7,5,3,1,4,5,6,1,3,11,2,1,3,3,2,2,2,1,4,6,10,9,19,36,4,0,0,0,0,0,0,0,0,0,1,0,1,0,1,1,77
1195,0,20793.485775999994,4899.459075000002,15912.037265999996,5580,0,0,1,0,1,1,1,0,0,0,1,0,0,0,0,1,0,0,0,0,0,0,0,0,0,0,0,1,0,0,1,1,0,0,48,193,145,0.7512953367875648,3.0208333333333335,0.02072538860103627,2,3.0,0.39378238341968913,0, 1, 0, 0, 0, 0,19,13,15,10,4,4,5,7,0,7,18,6,5,3,1,11,6,2,1,8,6,20,19,39,64,17,19,13,15,10,4,4,5,7,0,7,18,6,5,3,1,11,6,2,1,8,6,20,19,39,64,17,19,13,15,10,4,4,5,7,0,7,18,6,5,3,1,11,6,2,1,8,6,20,19,39,64,17,0,0,0,0,0,0,0,0,0,1,0,1,0,1,1,145
1197,0,32263.539639000028,7905.978621,24375.57158300001,4847,0,0,1,1,0,0,0,1,0,0,0,0,0,0,0,1,0,0,0,0,0,0,0,0,0,1,0,1,0,1,1,1,0,0,73,292,219,0.75,3.0,0.003424657534246575,1,0,1.0,0, 0, 0, 0, 0, 0,25,14,13,7,1,11,13,15,3,11,22,14,7,14,9,13,9,0,7,11,21,26,28,54,91,22,25,14,13,7,1,11,13,15,3,11,22,14,7,14,9,13,9,0,7,11,21,26,28,54,91,22,25,14,13,7,1,11,13,15,3,11,22,14,7,14,9,13,9,0,7,11,21,26,28,54,91,22,0,0,0,0,0,0,0,1,0,1,0,1,1,1,1,219
1198,0,31022.900016000014,7443.0326669999995,23597.877913999993,3996,0,0,1,0,1,1,1,0,0,1,0,0,0,0,0,1,0,0,0,0,0,0,0,0,0,1,0,1,0,1,1,1,0,0,70,283,213,0.7526501766784452,3.0428571428571427,0.014134275618374558,2,1.0,0.7314487632508834,0, 0, 1, 0, 0, 0,38,18,15,4,3,4,12,9,7,9,18,9,7,8,13,12,8,2,9,8,19,27,27,54,89,20,38,18,15,4,3,4,12,9,7,9,18,9,7,8,13,12,8,2,9,8,19,27,27,54,89,20,38,18,15,4,3,4,12,9,7,9,18,9,7,8,13,12,8,2,9,8,19,27,27,54,89,20,0,0,0,0,0,0,0,1,0,1,0,1,1,1,1,213
1201,0,3858.7473769999997,931.4949559999999,2945.2629859999997,1975,0,0,1,1,0,0,0,1,0,0,0,0,0,0,1,1,0,0,0,0,0,0,0,0,0,1,0,1,0,1,1,1,0,0,8,34,26,0.7647058823529411,3.25,0.029411764705882353,1,0,1.0,0, 0, 0, 0, 0, 0,1,2,4,2,1,0,3,3,0,2,1,0,2,1,1,1,0,0,1,1,2,7,2,9,10,1,1,2,4,2,1,0,3,3,0,2,1,0,2,1,1,1,0,0,1,1,2,7,2,9,10,1,1,2,4,2,1,0,3,3,0,2,1,0,2,1,1,1,0,0,1,1,2,7,2,9,10,1,0,0,0,0,0,0,0,1,0,1,0,1,1,1,1,26
1202,0,31524.717124000028,7718.778866000002,23823.948822999995,1062,0,0,1,0,1,1,1,0,0,0,0,0,0,0,0,1,0,0,0,0,0,0,0,0,0,1,0,1,0,1,1,1,0,0,74,296,222,0.75,3.0,0.016891891891891893,5,86.75,0.9222972972972973,0, 1, 0, 1, 0, 0,24,10,16,6,2,5,15,23,5,11,26,6,9,5,12,6,20,3,5,13,13,31,16,47,106,26,24,10,16,6,2,5,15,23,5,11,26,6,9,5,12,6,20,3,5,13,13,31,16,47,106,26,24,10,16,6,2,5,15,23,5,11,26,6,9,5,12,6,20,3,5,13,13,31,16,47,106,26,0,0,0,0,0,0,0,1,0,1,0,1,1,1,1,222
1203,0,28007.35098,7176.564111000001,20848.797434000004,310,1,0,0,0,1,0,0,1,0,0,0,0,0,0,0,1,0,0,0,0,0,0,0,0,0,1,0,1,0,1,1,1,0,0,62,251,189,0.7529880478087649,3.0483870967741935,0.00398406374501992,1,0,1.0,0, 0, 0, 0, 0, 0,28,15,15,3,0,4,8,13,6,9,19,6,4,8,12,9,7,5,5,13,18,23,21,44,86,16,28,15,15,3,0,4,8,13,6,9,19,6,4,8,12,9,7,5,5,13,18,23,21,44,86,16,28,15,15,3,0,4,8,13,6,9,19,6,4,8,12,9,7,5,5,13,18,23,21,44,86,16,0,0,0,0,0,0,0,1,0,1,0,1,1,1,1,189
1204,0,10134.355237000003,2627.3979209999998,7524.967881000001,38,1,1,0,0,1,0,0,1,0,0,0,0,0,0,0,1,0,0,0,0,0,0,0,0,0,1,0,1,0,1,1,1,0,0,22,91,69,0.7582417582417582,3.1363636363636362,0.0,0,0,1.0,0, 0, 0, 0, 0, 0,10,6,7,1,0,1,7,4,1,4,9,2,1,1,3,1,4,0,1,6,2,14,8,22,34,5,10,6,7,1,0,1,7,4,1,4,9,2,1,1,3,1,4,0,1,6,2,14,8,22,34,5,10,6,7,1,0,1,7,4,1,4,9,2,1,1,3,1,4,0,1,6,2,14,8,22,34,5,0,0,0,0,0,0,0,1,0,1,0,1,1,1,1,69
1205,0,26094.54656799998,6468.212038000001,19644.345094999993,3460,0,0,1,0,1,1,1,0,0,0,0,0,0,0,0,1,0,0,0,0,0,0,0,0,0,1,0,1,0,1,1,1,0,0,60,243,183,0.7530864197530864,3.05,0.012345679012345678,0,0,1.0,0, 0, 0, 0, 0, 0,21,12,8,7,1,9,13,13,2,16,19,5,3,7,9,17,6,0,2,13,9,21,17,38,85,23,21,12,8,7,1,9,13,13,2,16,19,5,3,7,9,17,6,0,2,13,9,21,17,38,85,23,21,12,8,7,1,9,13,13,2,16,19,5,3,7,9,17,6,0,2,13,9,21,17,38,85,23,0,0,0,0,0,0,0,1,0,1,0,1,1,1,1,183
1206,0,15798.717273999995,3685.834003,12130.893835999994,6380,0,0,1,0,1,1,1,0,0,0,1,0,0,0,0,1,0,0,0,0,0,0,0,0,0,1,0,1,0,1,1,1,0,0,36,147,111,0.7551020408163265,3.0833333333333335,0.027210884353741496,3,5.5,0.673469387755102,0, 1, 0, 0, 0, 0,13,7,8,4,2,1,9,11,3,7,7,4,3,2,3,6,8,2,5,6,9,17,11,28,47,14,13,7,8,4,2,1,9,11,3,7,7,4,3,2,3,6,8,2,5,6,9,17,11,28,47,14,13,7,8,4,2,1,9,11,3,7,7,4,3,2,3,6,8,2,5,6,9,17,11,28,47,14,0,0,0,0,0,0,0,1,0,1,0,1,1,1,1,111
1207,0,19631.395355000022,4810.47142,14838.934500000005,6974,0,0,1,0,1,1,1,0,0,0,0,0,0,0,0,1,0,0,0,0,0,0,0,0,0,1,0,1,0,1,1,1,0,0,45,181,136,0.7513812154696132,3.022222222222222,0.016574585635359115,2,22.0,1.0,0, 0, 0, 0, 0, 0,20,10,14,4,2,6,8,15,1,2,8,5,8,3,4,4,8,3,5,6,11,22,15,37,59,12,20,10,14,4,2,6,8,15,1,2,8,5,8,3,4,4,8,3,5,6,11,22,15,37,59,12,20,10,14,4,2,6,8,15,1,2,8,5,8,3,4,4,8,3,5,6,11,22,15,37,59,12,0,0,0,0,0,0,0,1,0,1,0,1,1,1,1,136
1208,0,29156.469170000004,7425.130747999997,21749.348987000005,7593,0,0,1,0,1,1,1,0,0,0,0,0,0,0,0,1,0,0,0,0,0,0,0,0,0,1,0,1,0,1,1,1,0,0,65,263,198,0.752851711026616,3.046153846153846,0.015209125475285171,3,83.5,1.0,0, 0, 0, 0, 0, 0,21,8,3,5,4,5,5,17,2,14,33,2,14,15,9,13,6,4,6,12,25,8,10,18,111,19,21,8,3,5,4,5,5,17,2,14,33,2,14,15,9,13,6,4,6,12,25,8,10,18,111,19,21,8,3,5,4,5,5,17,2,14,33,2,14,15,9,13,6,4,6,12,25,8,10,18,111,19,0,0,0,0,0,0,0,1,0,1,0,1,1,1,1,198
1209,0,25904.679870000007,6296.228971999999,19626.461463000007,8381,0,0,1,0,1,0,1,0,0,0,0,0,0,0,0,1,0,0,0,0,0,0,0,0,0,1,0,1,0,1,1,1,0,0,61,244,183,0.75,3.0,0.00819672131147541,1,0,1.0,0, 0, 0, 0, 0, 0,32,18,15,5,1,9,8,16,5,8,27,4,4,3,4,2,8,1,1,12,5,23,22,45,99,10,32,18,15,5,1,9,8,16,5,8,27,4,4,3,4,2,8,1,1,12,5,23,22,45,99,10,32,18,15,5,1,9,8,16,5,8,27,4,4,3,4,2,8,1,1,12,5,23,22,45,99,10,0,0,0,0,0,0,0,1,0,1,0,1,1,1,1,183
1212,0,7742.219852000003,2023.0560790000002,5737.174338,10292,0,0,1,1,0,0,0,1,0,0,0,0,0,0,0,1,0,0,0,0,0,1,0,0,1,0,0,0,0,0,1,1,0,0,17,68,51,0.75,3.0,0.014705882352941176,1,0,1.0,0, 0, 0, 0, 0, 0,7,6,0,1,1,3,3,2,2,2,6,3,0,1,4,3,1,0,2,4,3,3,9,12,21,4,7,6,0,1,1,3,3,2,2,2,6,3,0,1,4,3,1,0,2,4,3,3,9,12,21,4,7,6,0,1,1,3,3,2,2,2,6,3,0,1,4,3,1,0,2,4,3,3,9,12,21,4,1,0,0,1,0,0,1,0,0,0,0,0,0,1,1,51
1214,0,33920.261729999984,8455.455660000001,25482.816634999996,3705,0,0,1,1,0,0,0,1,0,0,0,0,0,0,0,1,0,0,0,0,0,1,0,0,1,0,0,0,0,0,1,1,0,0,74,299,225,0.7525083612040134,3.0405405405405403,0.0033444816053511705,0,0,1.0,0, 0, 0, 0, 0, 0,14,19,8,4,1,20,17,13,8,8,43,7,5,3,14,11,9,2,3,16,8,25,26,51,99,20,14,19,8,4,1,20,17,13,8,8,43,7,5,3,14,11,9,2,3,16,8,25,26,51,99,20,14,19,8,4,1,20,17,13,8,8,43,7,5,3,14,11,9,2,3,16,8,25,26,51,99,20,1,0,0,1,0,0,1,0,0,0,0,0,0,1,1,225
1216,0,10261.201271000005,2701.322356,7577.889479999999,8,1,1,0,0,1,0,0,1,0,0,0,0,0,0,0,1,0,0,0,0,0,1,0,0,1,0,0,0,0,0,1,1,0,0,22,91,69,0.7582417582417582,3.1363636363636362,0.0,0,0,1.0,0, 0, 0, 0, 0, 0,6,1,4,1,0,3,9,7,3,7,8,3,2,2,3,2,1,1,1,5,4,13,4,17,35,3,6,1,4,1,0,3,9,7,3,7,8,3,2,2,3,2,1,1,1,5,4,13,4,17,35,3,6,1,4,1,0,3,9,7,3,7,8,3,2,2,3,2,1,1,1,5,4,13,4,17,35,3,1,0,0,1,0,0,1,0,0,0,0,0,0,1,1,69
1217,0,29020.487742999994,7179.570479999999,21858.927828000018,264,1,0,0,0,1,0,0,1,0,0,0,0,0,0,1,1,0,0,0,0,0,1,0,0,1,0,0,0,0,0,1,1,0,0,62,250,188,0.752,3.032258064516129,0.004,0,0,1.0,0, 0, 0, 0, 0, 0,16,17,14,2,1,13,13,12,7,9,21,2,5,5,10,9,8,8,7,9,20,27,19,46,72,17,16,17,14,2,1,13,13,12,7,9,21,2,5,5,10,9,8,8,7,9,20,27,19,46,72,17,16,17,14,2,1,13,13,12,7,9,21,2,5,5,10,9,8,8,7,9,20,27,19,46,72,17,1,0,0,1,0,0,1,0,0,0,0,0,0,1,1,188
1218,0,29469.872901999992,7234.784572999999,22253.098893999988,4840,0,0,1,0,1,1,1,0,0,0,0,0,0,0,0,1,0,0,0,0,0,1,0,0,1,0,0,0,0,0,1,1,0,0,66,264,198,0.75,3.0,0.03409090909090909,4,53.0,1.0,0, 0, 0, 0, 0, 0,24,13,11,12,8,6,16,10,4,12,21,6,3,7,9,6,5,1,11,13,19,27,19,46,83,11,24,13,11,12,8,6,16,10,4,12,21,6,3,7,9,6,5,1,11,13,19,27,19,46,83,11,24,13,11,12,8,6,16,10,4,12,21,6,3,7,9,6,5,1,11,13,19,27,19,46,83,11,1,0,0,1,0,0,1,0,0,0,0,0,0,1,1,198
1219,0,16406.754069,4097.2241650000005,12327.540468999998,7553,0,0,1,1,0,0,0,1,0,0,0,0,0,0,0,1,0,0,0,0,0,1,0,0,1,0,0,0,0,0,1,1,0,0,37,150,113,0.7533333333333333,3.054054054054054,0.006666666666666667,1,0,1.0,0, 0, 0, 0, 0, 0,7,10,5,2,1,9,7,11,0,6,12,4,1,1,2,10,8,1,3,13,5,12,14,26,50,18,7,10,5,2,1,9,7,11,0,6,12,4,1,1,2,10,8,1,3,13,5,12,14,26,50,18,7,10,5,2,1,9,7,11,0,6,12,4,1,1,2,10,8,1,3,13,5,12,14,26,50,18,1,0,0,1,0,0,1,0,0,0,0,0,0,1,1,113
1220,0,23824.13554599999,6242.017861,17600.128249999994,8949,0,0,1,0,1,0,1,0,0,0,0,0,0,0,0,1,0,0,0,0,0,1,0,0,1,0,0,0,0,0,1,1,0,0,55,220,165,0.75,3.0,0.00909090909090909,0,0,1.0,0, 0, 0, 0, 0, 0,16,7,8,3,2,5,12,15,2,6,21,8,3,3,8,14,9,1,6,16,10,20,15,35,77,23,16,7,8,3,2,5,12,15,2,6,21,8,3,3,8,14,9,1,6,16,10,20,15,35,77,23,16,7,8,3,2,5,12,15,2,6,21,8,3,3,8,14,9,1,6,16,10,20,15,35,77,23,1,0,0,1,0,0,1,0,0,0,0,0,0,1,1,165
1223,0,14176.10476300001,3295.6403119999995,10898.475016000002,7105,0,0,1,0,1,0,1,0,0,0,0,0,0,0,0,1,0,0,0,0,0,0,0,0,0,0,0,0,0,0,1,1,0,0,35,142,107,0.7535211267605634,3.057142857142857,0.014084507042253521,0,0,1.0,0, 0, 0, 0, 0, 0,26,7,4,1,0,4,4,3,2,0,8,1,2,1,15,14,6,1,3,5,5,8,8,16,44,20,26,7,4,1,0,4,4,3,2,0,8,1,2,1,15,14,6,1,3,5,5,8,8,16,44,20,26,7,4,1,0,4,4,3,2,0,8,1,2,1,15,14,6,1,3,5,5,8,8,16,44,20,0,0,0,0,0,0,0,0,0,0,0,0,0,1,1,107
1227,0,10236.077758,2822.408822,7431.679500999996,29,1,1,0,1,0,0,0,1,0,0,0,0,0,0,0,1,0,0,0,0,0,0,0,0,0,0,0,0,0,0,1,1,0,0,22,91,69,0.7582417582417582,3.1363636363636362,0.01098901098901099,2,1.0,1.0,0, 0, 0, 0, 0, 0,8,2,3,3,1,2,7,7,3,4,6,1,2,3,3,2,3,1,1,7,5,10,3,13,34,5,8,2,3,3,1,2,7,7,3,4,6,1,2,3,3,2,3,1,1,7,5,10,3,13,34,5,8,2,3,3,1,2,7,7,3,4,6,1,2,3,3,2,3,1,1,7,5,10,3,13,34,5,0,0,0,0,0,0,0,0,0,0,0,0,0,1,1,69
1231,0,19094.89668299999,4114.038403999998,14998.868844,8569,0,0,1,1,0,1,1,0,0,0,0,0,0,0,1,1,0,0,0,0,0,0,0,0,0,0,0,0,0,0,1,1,0,0,43,174,131,0.7528735632183908,3.046511627906977,0.017241379310344827,2,1.0,1.0,0, 0, 0, 0, 0, 0,13,9,3,2,3,1,2,15,11,5,21,2,1,2,8,4,5,16,0,8,18,5,11,16,63,9,13,9,3,2,3,1,2,15,11,5,21,2,1,2,8,4,5,16,0,8,18,5,11,16,63,9,13,9,3,2,3,1,2,15,11,5,21,2,1,2,8,4,5,16,0,8,18,5,11,16,63,9,0,0,0,0,0,0,0,0,0,0,0,0,0,1,1,131
1233,0,29352.857565000028,7201.573971,22169.29415900001,3443,0,0,1,0,1,0,1,0,0,0,0,0,0,0,0,1,0,0,0,0,0,0,0,0,0,0,0,0,0,0,1,1,0,0,67,270,203,0.7518518518518519,3.029850746268657,0.007407407407407408,2,2.0,1.0,0, 0, 0, 0, 0, 0,23,15,13,6,1,9,12,13,4,11,15,4,5,10,14,13,12,1,4,18,15,25,19,44,85,25,23,15,13,6,1,9,12,13,4,11,15,4,5,10,14,13,12,1,4,18,15,25,19,44,85,25,23,15,13,6,1,9,12,13,4,11,15,4,5,10,14,13,12,1,4,18,15,25,19,44,85,25,0,0,0,0,0,0,0,0,0,0,0,0,0,0,1,203
1234,0,12623.200468000003,3095.5316189999994,9545.679414000002,3089,0,0,1,0,1,1,1,0,0,0,0,1,0,0,0,1,0,0,0,0,0,0,0,0,0,0,0,0,0,0,1,1,0,0,28,115,87,0.7565217391304347,3.107142857142857,0.05217391304347826,1,0,0.9304347826086956,1, 0, 0, 0, 1, 0,13,8,4,3,4,2,8,6,0,6,5,3,4,3,2,5,3,0,3,5,6,12,11,23,39,8,13,8,4,3,4,2,8,6,0,6,5,3,4,3,2,5,3,0,3,5,6,12,11,23,39,8,13,8,4,3,4,2,8,6,0,6,5,3,4,3,2,5,3,0,3,5,6,12,11,23,39,8,0,0,0,0,0,0,0,0,0,0,0,0,0,0,1,87
1236,0,3454.618201,817.4156439999999,2655.213122,1941,0,0,1,1,0,0,0,1,0,0,0,0,0,0,1,1,0,0,0,0,0,0,0,0,0,0,0,0,0,0,1,1,0,0,7,31,24,0.7741935483870968,3.4285714285714284,0.03225806451612903,1,0,1.0,0, 0, 0, 0, 0, 0,1,1,1,2,1,1,3,4,0,1,3,0,2,1,1,0,0,0,1,1,2,4,1,5,12,0,1,1,1,2,1,1,3,4,0,1,3,0,2,1,1,0,0,0,1,1,2,4,1,5,12,0,1,1,1,2,1,1,3,4,0,1,3,0,2,1,1,0,0,0,1,1,2,4,1,5,12,0,0,0,0,0,0,0,0,0,0,0,0,0,0,0,1,24
1237,0,31506.027650000033,7596.864293000004,23927.173922000005,1016,0,0,1,0,1,1,1,0,0,0,0,0,0,0,0,1,0,0,0,0,0,0,0,0,0,0,0,0,0,0,1,1,0,0,74,297,223,0.7508417508417509,3.0135135135135136,0.013468013468013467,4,115.66666666666667,0.9191919191919192,0, 1, 0, 1, 0, 0,23,15,15,7,1,9,13,24,5,13,24,3,8,5,13,9,15,2,4,15,11,28,18,46,107,24,23,15,15,7,1,9,13,24,5,13,24,3,8,5,13,9,15,2,4,15,11,28,18,46,107,24,23,15,15,7,1,9,13,24,5,13,24,3,8,5,13,9,15,2,4,15,11,28,18,46,107,24,0,0,0,0,0,0,0,0,0,0,0,0,0,0,1,223
1239,0,28627.833866000004,7003.912482000001,21641.931948999994,9,1,1,0,1,0,0,0,1,0,0,0,0,0,0,0,1,0,0,0,0,0,0,0,0,0,0,0,0,0,0,1,1,0,0,63,255,192,0.7529411764705882,3.0476190476190474,0.00392156862745098,1,0,1.0,0, 0, 0, 0, 0, 0,34,18,15,7,1,11,13,7,8,10,17,7,8,8,2,7,5,0,5,9,13,28,25,53,85,12,34,18,15,7,1,11,13,7,8,10,17,7,8,8,2,7,5,0,5,9,13,28,25,53,85,12,34,18,15,7,1,11,13,7,8,10,17,7,8,8,2,7,5,0,5,9,13,28,25,53,85,12,0,0,0,0,0,0,0,0,0,0,0,0,0,0,1,192
1240,0,12913.494051,3381.609032,9549.895584,879,0,0,0,1,0,0,0,1,0,0,0,0,0,0,0,1,0,0,0,0,0,0,0,0,0,0,0,0,0,0,1,1,0,0,30,121,91,0.7520661157024794,3.033333333333333,0.008264462809917356,2,1.0,1.0,0, 0, 0, 0, 0, 0,10,3,5,2,1,5,5,9,2,3,6,3,2,4,7,3,7,1,0,13,5,10,6,16,43,10,10,3,5,2,1,5,5,9,2,3,6,3,2,4,7,3,7,1,0,13,5,10,6,16,43,10,10,3,5,2,1,5,5,9,2,3,6,3,2,4,7,3,7,1,0,13,5,10,6,16,43,10,0,0,0,0,0,0,0,0,0,0,0,0,0,0,1,91
1242,0,22646.491501000004,5399.823674999999,17264.678391,1592,0,0,1,0,1,1,1,0,0,0,0,0,0,0,0,1,0,0,0,0,0,0,0,0,0,0,0,0,0,0,1,1,0,0,50,202,152,0.7524752475247525,3.04,0.01485148514851485,3,13.5,1.0,0, 0, 0, 0, 0, 1,14,8,10,4,3,5,15,9,5,13,12,9,7,8,3,4,10,2,2,9,12,25,17,42,64,14,14,8,10,4,3,5,15,9,5,13,12,9,7,8,3,4,10,2,2,9,12,25,17,42,64,14,14,8,10,4,3,5,15,9,5,13,12,9,7,8,3,4,10,2,2,9,12,25,17,42,64,14,0,0,0,0,0,0,0,0,0,0,0,0,0,0,1,152
1244,0,29337.76133000003,7523.751158999998,21832.020735999995,4113,0,0,1,0,1,1,1,0,0,0,0,0,0,0,0,1,0,0,0,0,0,0,0,0,0,0,0,0,0,0,1,1,0,0,70,281,211,0.7508896797153025,3.0142857142857142,0.017793594306049824,4,87.33333333333333,1.0,0, 0, 0, 0, 0, 0,38,16,12,5,4,5,7,24,4,9,14,3,4,8,14,12,9,3,4,16,15,19,19,38,105,21,38,16,12,5,4,5,7,24,4,9,14,3,4,8,14,12,9,3,4,16,15,19,19,38,105,21,38,16,12,5,4,5,7,24,4,9,14,3,4,8,14,12,9,3,4,16,15,19,19,38,105,21,0,0,0,0,0,0,0,0,0,0,0,0,0,0,1,211
1245,0,7407.624673,1952.901216,5472.734021999998,6029,0,0,1,0,1,0,1,0,0,0,0,0,0,0,0,1,0,0,0,0,0,0,0,0,0,0,0,0,0,0,1,1,0,0,16,67,51,0.7611940298507462,3.1875,0.029850746268656716,0,0,1.0,0, 0, 0, 0, 0, 0,9,2,6,1,1,0,4,3,0,3,3,3,0,3,5,2,0,1,1,4,5,10,5,15,22,2,9,2,6,1,1,0,4,3,0,3,3,3,0,3,5,2,0,1,1,4,5,10,5,15,22,2,9,2,6,1,1,0,4,3,0,3,3,3,0,3,5,2,0,1,1,4,5,10,5,15,22,2,0,0,0,0,0,0,0,0,0,0,0,0,0,0,1,51
1246,0,3932.200853000001,844.411285,3105.8001330000006,14392,0,0,1,1,0,0,0,1,0,0,0,0,0,0,0,1,0,0,0,0,0,1,1,0,1,0,0,0,0,0,1,1,0,0,8,34,26,0.7647058823529411,3.25,0.029411764705882353,0,0,1.0,0, 0, 0, 0, 0, 0,0,3,0,2,1,1,1,1,1,7,4,0,0,1,1,1,0,0,1,1,2,1,3,4,13,1,0,3,0,2,1,1,1,1,1,7,4,0,0,1,1,1,0,0,1,1,2,1,3,4,13,1,0,3,0,2,1,1,1,1,1,7,4,0,0,1,1,1,0,0,1,1,2,1,3,4,13,1,1,1,0,1,0,0,0,0,0,0,0,0,0,1,1,26
1247,0,7272.772759,1767.995711,5522.7876129999995,5918,0,0,1,1,0,0,1,0,0,0,0,0,0,0,0,1,0,0,0,0,0,1,1,0,1,0,0,0,0,0,1,1,0,0,15,62,47,0.7580645161290323,3.1333333333333333,0.03225806451612903,0,0,1.0,0, 0, 0, 0, 0, 0,4,4,3,1,2,1,3,1,2,5,3,2,2,3,1,2,3,1,1,3,5,6,6,12,18,5,4,4,3,1,2,1,3,1,2,5,3,2,2,3,1,2,3,1,1,3,5,6,6,12,18,5,4,4,3,1,2,1,3,1,2,5,3,2,2,3,1,2,3,1,1,3,5,6,6,12,18,5,1,1,0,1,0,0,0,0,0,0,0,0,0,1,1,47
1249,0,10507.302865000003,2868.4241959999995,7656.8892339999975,8,1,1,0,0,1,0,0,1,0,0,0,0,0,0,0,1,0,0,0,0,0,1,1,0,1,0,0,0,0,0,1,1,0,0,23,92,69,0.75,3.0,0.0,0,0,1.0,0, 0, 0, 0, 0, 0,9,3,5,4,0,4,4,5,2,4,8,2,1,4,2,2,3,1,2,4,7,9,5,14,31,5,9,3,5,4,0,4,4,5,2,4,8,2,1,4,2,2,3,1,2,4,7,9,5,14,31,5,9,3,5,4,0,4,4,5,2,4,8,2,1,4,2,2,3,1,2,4,7,9,5,14,31,5,1,1,0,1,0,0,0,0,0,0,0,0,0,1,1,69
1250,0,28864.388183999996,7204.576965999998,21677.82178300001,270,1,0,0,0,1,1,1,0,1,0,0,0,0,0,0,1,0,0,0,0,0,1,1,0,1,0,0,0,0,0,1,1,0,0,62,251,189,0.7529880478087649,3.0483870967741935,0.01593625498007968,2,5.0,0.43824701195219123,0, 0, 0, 0, 1, 0,21,16,12,5,4,13,10,11,6,7,22,3,5,5,8,10,5,7,8,11,20,22,19,41,77,15,21,16,12,5,4,13,10,11,6,7,22,3,5,5,8,10,5,7,8,11,20,22,19,41,77,15,21,16,12,5,4,13,10,11,6,7,22,3,5,5,8,10,5,7,8,11,20,22,19,41,77,15,1,1,0,1,0,0,0,0,0,0,0,0,0,1,1,189
1252,0,17576.956533999986,4462.978906999999,13131.988191999997,3513,0,0,1,0,1,1,1,0,0,0,0,0,0,0,0,1,0,0,0,0,0,1,1,0,1,0,0,0,0,0,1,1,0,0,38,155,117,0.7548387096774194,3.0789473684210527,0.025806451612903226,0,0,1.0,0, 0, 0, 0, 0, 0,9,9,4,3,2,3,7,7,1,7,17,8,1,7,2,15,5,1,4,5,12,11,17,28,46,20,9,9,4,3,2,3,7,7,1,7,17,8,1,7,2,15,5,1,4,5,12,11,17,28,46,20,9,9,4,3,2,3,7,7,1,7,17,8,1,7,2,15,5,1,4,5,12,11,17,28,46,20,1,1,0,1,0,0,0,0,0,0,0,0,0,1,1,117
1255,0,17651.734390999995,4492.418055999999,13177.326899999996,6627,0,0,1,1,0,0,0,1,0,0,0,0,0,0,1,1,0,0,0,0,0,0,0,0,0,0,0,1,0,0,1,1,0,0,40,160,120,0.75,3.0,0.00625,1,0,1.0,0, 0, 0, 0, 0, 0,11,9,3,1,1,4,1,14,1,5,27,2,3,10,6,7,3,4,1,7,15,4,11,15,67,10,11,9,3,1,1,4,1,14,1,5,27,2,3,10,6,7,3,4,1,7,15,4,11,15,67,10,11,9,3,1,1,4,1,14,1,5,27,2,3,10,6,7,3,4,1,7,15,4,11,15,67,10,0,0,0,0,0,0,1,0,0,1,0,1,0,1,1,120
1256,0,10477.182490999994,2326.166095,8169.026961000001,4914,0,0,1,0,1,0,1,0,0,0,0,0,0,0,0,1,0,0,0,0,0,0,0,0,0,0,0,1,0,0,1,1,0,0,23,94,71,0.7553191489361702,3.0869565217391304,0.02127659574468085,0,0,1.0,0, 0, 0, 0, 0, 0,2,4,5,4,1,5,4,7,5,1,5,4,0,5,1,2,6,1,2,7,8,9,8,17,22,8,2,4,5,4,1,5,4,7,5,1,5,4,0,5,1,2,6,1,2,7,8,9,8,17,22,8,2,4,5,4,1,5,4,7,5,1,5,4,0,5,1,2,6,1,2,7,8,9,8,17,22,8,0,0,0,0,0,0,1,0,0,1,0,1,0,1,1,71
1257,0,13459.663061999998,3103.5120210000005,10374.161606,4,1,1,0,0,1,1,1,0,0,0,0,0,0,0,0,1,0,0,0,0,0,0,0,0,0,0,0,1,0,0,1,1,0,0,30,123,93,0.7560975609756098,3.1,0.024390243902439025,2,109.0,1.0,0, 0, 0, 0, 0, 0,8,7,7,2,2,6,7,7,1,4,9,1,2,4,5,6,2,2,2,9,8,14,8,22,39,8,8,7,7,2,2,6,7,7,1,4,9,1,2,4,5,6,2,2,2,9,8,14,8,22,39,8,8,7,7,2,2,6,7,7,1,4,9,1,2,4,5,6,2,2,2,9,8,14,8,22,39,8,0,0,0,0,0,0,1,0,0,1,0,1,0,1,1,93
1258,0,29265.536792999974,7556.6254039999985,21726.92195400001,268,1,0,0,0,1,1,1,0,0,0,0,0,0,0,0,1,0,0,0,0,0,0,0,0,0,0,0,1,0,0,1,1,0,0,63,252,189,0.75,3.0,0.015873015873015872,1,0,1.0,0, 0, 0, 0, 0, 0,21,17,12,2,3,8,13,10,9,10,21,2,3,6,8,11,10,8,6,9,20,25,19,44,74,21,21,17,12,2,3,8,13,10,9,10,21,2,3,6,8,11,10,8,6,9,20,25,19,44,74,21,21,17,12,2,3,8,13,10,9,10,21,2,3,6,8,11,10,8,6,9,20,25,19,44,74,21,0,0,0,0,0,0,1,0,0,1,0,1,0,1,1,189
1260,0,23469.413700000012,5663.735649999999,17823.68861500002,8336,0,0,1,0,1,1,1,0,0,0,0,0,0,0,0,1,0,0,0,0,0,0,0,0,0,0,0,1,0,0,1,1,0,0,53,214,161,0.7523364485981309,3.0377358490566038,0.02336448598130841,1,0,0.8037383177570093,0, 1, 0, 0, 0, 0,21,9,11,7,2,11,9,11,3,4,9,5,1,6,11,6,9,0,13,13,19,20,14,34,59,15,21,9,11,7,2,11,9,11,3,4,9,5,1,6,11,6,9,0,13,13,19,20,14,34,59,15,21,9,11,7,2,11,9,11,3,4,9,5,1,6,11,6,9,0,13,13,19,20,14,34,59,15,0,0,0,0,0,0,1,0,0,1,0,1,0,1,1,161
1261,0,17000.545041999998,4202.309339999999,12816.246266999995,6687,0,0,1,1,0,0,0,1,0,0,0,0,0,0,1,1,0,0,0,0,0,0,0,0,0,0,0,1,0,0,1,1,0,0,39,159,120,0.7547169811320755,3.076923076923077,0.006289308176100629,1,0,1.0,0, 0, 0, 0, 0, 0,11,9,3,1,1,1,1,16,2,8,22,3,1,9,7,9,1,3,1,11,13,4,12,16,69,10,11,9,3,1,1,1,1,16,2,8,22,3,1,9,7,9,1,3,1,11,13,4,12,16,69,10,11,9,3,1,1,1,1,16,2,8,22,3,1,9,7,9,1,3,1,11,13,4,12,16,69,10,0,0,0,0,0,0,1,0,0,1,0,1,0,1,1,120
1262,0,10253.062558999995,2366.135858,7904.937266,4924,0,0,1,0,1,0,1,0,0,0,0,0,0,0,0,1,0,0,0,0,0,0,0,0,0,0,0,1,0,0,1,1,0,0,23,92,69,0.75,3.0,0.021739130434782608,0,0,1.0,0, 0, 0, 0, 0, 0,4,3,5,4,1,3,4,6,4,3,6,5,1,5,1,2,5,1,2,4,8,9,8,17,24,7,4,3,5,4,1,3,4,6,4,3,6,5,1,5,1,2,5,1,2,4,8,9,8,17,24,7,4,3,5,4,1,3,4,6,4,3,6,5,1,5,1,2,5,1,2,4,8,9,8,17,24,7,0,0,0,0,0,0,1,0,0,1,0,1,0,1,1,69
1264,0,29173.517104999984,7444.645746999997,21746.88192300001,259,1,0,0,0,1,1,1,0,0,0,0,0,0,0,0,1,0,0,0,0,0,0,0,0,0,0,0,1,0,0,1,1,0,0,63,253,190,0.7509881422924901,3.015873015873016,0.011857707509881422,1,0,1.0,0, 0, 0, 0, 0, 0,21,15,14,2,2,10,14,11,10,9,22,2,3,6,7,10,8,7,6,11,19,28,17,45,77,18,21,15,14,2,2,10,14,11,10,9,22,2,3,6,7,10,8,7,6,11,19,28,17,45,77,18,21,15,14,2,2,10,14,11,10,9,22,2,3,6,7,10,8,7,6,11,19,28,17,45,77,18,0,0,0,0,0,0,1,0,0,1,0,1,0,1,1,190
1265,0,23816.059788000002,6018.222896999998,17815.847456000003,2394,0,0,1,0,1,1,1,0,0,0,1,0,0,0,0,1,0,0,0,0,0,0,0,0,0,0,0,1,0,0,1,1,0,0,53,214,161,0.7523364485981309,3.0377358490566038,0.028037383177570093,0,0,0.7102803738317757,0, 1, 0, 0, 0, 0,8,10,8,6,5,7,8,11,2,10,10,5,4,2,23,9,14,2,8,9,12,16,15,31,52,23,8,10,8,6,5,7,8,11,2,10,10,5,4,2,23,9,14,2,8,9,12,16,15,31,52,23,8,10,8,6,5,7,8,11,2,10,10,5,4,2,23,9,14,2,8,9,12,16,15,31,52,23,0,0,0,0,0,0,1,0,0,1,0,1,0,1,1,161
1268,0,31368.595697999997,7921.056489999999,23465.54977299999,4268,0,0,1,0,1,0,1,0,0,0,0,0,0,0,1,1,0,0,0,0,0,0,0,0,0,0,0,1,0,0,1,1,0,0,70,282,212,0.75177304964539,3.0285714285714285,0.0070921985815602835,0,0,1.0,0, 0, 0, 0, 0, 0,21,6,9,10,1,10,14,11,5,17,33,10,3,6,8,11,11,3,7,16,16,23,16,39,101,22,21,6,9,10,1,10,14,11,5,17,33,10,3,6,8,11,11,3,7,16,16,23,16,39,101,22,21,6,9,10,1,10,14,11,5,17,33,10,3,6,8,11,11,3,7,16,16,23,16,39,101,22,0,0,0,0,0,0,1,0,0,1,0,1,0,1,1,212
1270,0,7762.909677,1856.0018590000002,5924.918382999997,11205,0,0,1,1,0,0,1,0,0,1,0,0,0,0,0,1,0,0,0,0,0,0,0,0,0,0,0,0,0,0,1,1,0,0,16,67,51,0.7611940298507462,3.1875,0.029850746268656716,1,0,0.2537313432835821,0, 0, 1, 0, 0, 0,7,6,5,0,2,0,1,4,3,3,4,0,1,5,3,0,1,1,3,2,9,6,6,12,21,1,7,6,5,0,2,0,1,4,3,3,4,0,1,5,3,0,1,1,3,2,9,6,6,12,21,1,7,6,5,0,2,0,1,4,3,3,4,0,1,5,3,0,1,1,3,2,9,6,6,12,21,1,0,0,0,0,0,0,0,0,0,0,0,0,0,1,1,51
1271,0,16500.37419199999,3877.873794,12640.510963,5425,0,0,1,0,1,1,1,0,0,0,0,0,0,0,0,1,0,0,0,0,0,0,0,0,0,0,0,0,0,0,1,1,0,0,36,144,108,0.75,3.0,0.027777777777777776,1,0,0.9097222222222222,0, 0, 0, 1, 0, 0,7,16,7,2,2,6,6,6,3,4,10,1,4,7,5,5,4,1,2,10,10,13,17,30,41,9,7,16,7,2,2,6,6,6,3,4,10,1,4,7,5,5,4,1,2,10,10,13,17,30,41,9,7,16,7,2,2,6,6,6,3,4,10,1,4,7,5,5,4,1,2,10,10,13,17,30,41,9,0,0,0,0,0,0,0,0,0,0,0,0,0,1,1,108
1272,0,10609.289660999997,2588.33154,8038.968686000002,1,1,1,0,1,0,0,0,1,0,0,0,0,0,0,0,1,0,0,0,0,0,0,0,0,0,0,0,0,0,0,1,1,0,0,23,93,70,0.7526881720430108,3.0434782608695654,0.010752688172043012,0,0,1.0,0, 0, 0, 0, 0, 0,7,7,9,1,1,1,6,4,1,3,11,0,1,2,2,4,2,2,3,3,7,15,7,22,29,6,7,7,9,1,1,1,6,4,1,3,11,0,1,2,2,4,2,2,3,3,7,15,7,22,29,6,7,7,9,1,1,1,6,4,1,3,11,0,1,2,2,4,2,2,3,3,7,15,7,22,29,6,0,0,0,0,0,0,0,0,0,0,0,0,0,1,1,70
1273,0,27198.941037000004,6773.452652,20443.49895,279,1,0,0,0,1,1,1,0,0,0,0,0,0,0,0,1,0,0,0,0,0,0,0,0,0,0,0,0,0,0,1,1,0,0,59,239,180,0.7531380753138075,3.0508474576271185,0.012552301255230125,1,0,1.0,0, 0, 0, 0, 0, 0,21,15,12,3,2,7,12,11,7,11,20,3,1,6,10,9,5,7,6,12,19,24,18,42,76,14,21,15,12,3,2,7,12,11,7,11,20,3,1,6,10,9,5,7,6,12,19,24,18,42,76,14,21,15,12,3,2,7,12,11,7,11,20,3,1,6,10,9,5,7,6,12,19,24,18,42,76,14,0,0,0,0,0,0,0,0,0,0,0,0,0,1,1,180
1274,0,22895.640674999995,5591.635037999998,17322.016202,5906,0,0,1,0,1,1,1,0,0,0,1,0,0,0,0,1,0,0,0,0,0,0,0,0,0,0,0,0,0,0,1,1,0,0,52,211,159,0.7535545023696683,3.0576923076923075,0.04739336492890995,6,34.0,0.1990521327014218,0, 1, 0, 0, 0, 0,24,24,5,4,7,4,2,6,8,4,13,0,1,2,19,11,14,2,1,8,5,7,24,31,56,25,24,24,5,4,7,4,2,6,8,4,13,0,1,2,19,11,14,2,1,8,5,7,24,31,56,25,24,24,5,4,7,4,2,6,8,4,13,0,1,2,19,11,14,2,1,8,5,7,24,31,56,25,0,0,0,0,0,0,0,0,0,0,0,0,0,1,1,159
1276,0,32431.44307500002,8071.088783000005,24378.364857,1020,0,0,1,0,1,1,1,0,0,0,0,0,0,0,0,1,0,0,0,0,0,0,0,0,0,0,0,0,0,0,1,1,0,0,74,299,225,0.7525083612040134,3.0405405405405403,0.010033444816053512,3,25.5,1.0,0, 0, 0, 0, 0, 0,22,15,16,6,2,7,11,20,9,11,29,3,7,10,13,17,11,2,2,12,14,27,18,45,101,28,22,15,16,6,2,7,11,20,9,11,29,3,7,10,13,17,11,2,2,12,14,27,18,45,101,28,22,15,16,6,2,7,11,20,9,11,29,3,7,10,13,17,11,2,2,12,14,27,18,45,101,28,0,0,0,0,0,0,0,0,0,0,0,0,0,1,1,225
1277,0,28031.604161000003,7113.662369999999,20935.952356000016,271,1,0,0,0,1,0,1,0,0,0,0,0,0,0,0,1,0,0,0,0,0,0,0,0,0,0,0,0,0,0,1,1,0,0,62,250,188,0.752,3.032258064516129,0.008,0,0,1.0,0, 0, 0, 0, 0, 0,28,16,14,1,1,7,10,10,7,8,24,5,2,8,7,11,6,4,5,14,17,24,21,45,86,17,28,16,14,1,1,7,10,10,7,8,24,5,2,8,7,11,6,4,5,14,17,24,21,45,86,17,28,16,14,1,1,7,10,10,7,8,24,5,2,8,7,11,6,4,5,14,17,24,21,45,86,17,0,0,0,0,0,0,0,0,0,0,0,0,0,1,1,188
1281,0,4274.055838000002,1097.5651620000003,3194.501241000001,14609,0,0,1,1,0,0,1,0,0,0,0,0,0,0,0,1,0,0,0,0,0,0,0,0,0,0,0,0,0,0,1,1,0,0,9,39,30,0.7692307692307693,3.3333333333333335,0.05128205128205128,0,0,1.0,0, 0, 0, 0, 0, 0,1,2,2,0,2,1,2,4,0,0,3,0,0,2,0,4,2,0,1,4,3,4,2,6,12,6,1,2,2,0,2,1,2,4,0,0,3,0,0,2,0,4,2,0,1,4,3,4,2,6,12,6,1,2,2,0,2,1,2,4,0,0,3,0,0,2,0,4,2,0,1,4,3,4,2,6,12,6,0,0,0,0,0,0,0,0,0,0,0,0,0,1,1,30
1287,0,28062.562357000003,7099.64672,20980.926202000013,271,1,0,0,0,1,0,1,0,0,0,0,0,0,0,0,1,0,0,0,0,0,0,0,0,0,0,0,0,0,0,1,1,0,0,62,250,188,0.752,3.032258064516129,0.008,0,0,1.0,0, 0, 0, 0, 0, 0,26,15,16,2,1,8,8,9,7,8,23,5,2,8,7,11,7,4,5,16,17,24,20,44,84,18,26,15,16,2,1,8,8,9,7,8,23,5,2,8,7,11,7,4,5,16,17,24,20,44,84,18,26,15,16,2,1,8,8,9,7,8,23,5,2,8,7,11,7,4,5,16,17,24,20,44,84,18,0,0,0,0,0,0,0,0,0,0,0,0,0,1,1,188
1288,0,32392.56695200002,8099.131316000006,24311.446201,1020,0,0,1,0,1,0,1,0,0,0,0,0,0,0,0,1,0,0,0,0,0,0,0,0,0,0,0,0,0,0,1,1,0,0,74,299,225,0.7525083612040134,3.0405405405405403,0.006688963210702341,2,1.0,1.0,0, 0, 0, 0, 0, 0,22,13,12,7,1,10,12,20,9,11,27,4,6,10,14,16,13,2,2,14,14,24,17,41,100,29,22,13,12,7,1,10,12,20,9,11,27,4,6,10,14,16,13,2,2,14,14,24,17,41,100,29,22,13,12,7,1,10,12,20,9,11,27,4,6,10,14,16,13,2,2,14,14,24,17,41,100,29,0,0,0,0,0,0,0,0,0,0,0,0,0,1,1,225
1290,0,16264.576373999997,3862.132678000001,12420.454261,6700,0,0,1,0,1,0,1,0,0,0,0,0,0,0,0,1,0,0,0,0,0,0,0,0,0,0,0,0,0,0,1,1,0,0,37,149,112,0.7516778523489933,3.027027027027027,0.013422818791946308,0,0,1.0,0, 0, 0, 0, 0, 0,6,6,8,3,0,6,4,12,9,4,11,6,1,5,9,3,6,1,2,10,8,12,12,24,44,9,6,6,8,3,0,6,4,12,9,4,11,6,1,5,9,3,6,1,2,10,8,12,12,24,44,9,6,6,8,3,0,6,4,12,9,4,11,6,1,5,9,3,6,1,2,10,8,12,12,24,44,9,0,0,0,0,0,0,0,0,0,0,0,0,0,1,1,112
1291,0,24635.448265,6436.136823999997,18217.322005999995,1121,0,0,1,0,1,0,1,0,0,0,0,0,0,0,0,1,0,0,0,0,0,0,0,0,0,0,0,0,0,0,1,1,0,0,56,225,169,0.7511111111111111,3.017857142857143,0.008888888888888889,0,0,1.0,0, 0, 0, 0, 0, 0,22,14,12,3,2,2,7,11,2,7,17,4,5,4,11,16,10,4,3,13,11,19,18,37,75,26,22,14,12,3,2,2,7,11,2,7,17,4,5,4,11,16,10,4,3,13,11,19,18,37,75,26,22,14,12,3,2,2,7,11,2,7,17,4,5,4,11,16,10,4,3,13,11,19,18,37,75,26,0,0,0,0,0,0,0,0,0,0,0,0,0,1,1,169
1292,0,11332.011898000002,2776.5282660000003,8573.494197000002,4,1,1,0,1,0,0,0,1,0,0,0,0,0,0,0,1,0,0,0,0,0,0,0,0,0,0,0,0,0,0,1,1,0,0,25,103,78,0.7572815533980582,3.12,0.009708737864077669,0,0,1.0,0, 0, 0, 0, 0, 0,11,5,8,1,1,4,7,3,0,4,9,4,1,1,3,2,3,1,1,9,3,15,9,24,37,5,11,5,8,1,1,4,7,3,0,4,9,4,1,1,3,2,3,1,1,9,3,15,9,24,37,5,11,5,8,1,1,4,7,3,0,4,9,4,1,1,3,2,3,1,1,9,3,15,9,24,37,5,0,0,0,0,0,0,0,0,0,0,0,0,0,1,1,78
1293,0,29034.914511999992,6972.712337000001,22080.21274000001,320,1,0,0,1,0,0,1,0,0,0,0,0,0,0,0,1,0,0,0,0,0,0,0,0,0,0,0,0,0,0,1,1,0,0,64,259,195,0.752895752895753,3.046875,0.007722007722007722,0,0,1.0,0, 0, 0, 0, 0, 0,23,15,11,4,2,5,16,11,8,11,17,7,2,8,10,10,10,3,10,12,21,27,22,49,76,20,23,15,11,4,2,5,16,11,8,11,17,7,2,8,10,10,10,3,10,12,21,27,22,49,76,20,23,15,11,4,2,5,16,11,8,11,17,7,2,8,10,10,10,3,10,12,21,27,22,49,76,20,0,0,0,0,0,0,0,0,0,0,0,0,0,1,1,195
1295,0,9059.538889,2293.980603,6783.568850999997,2160,0,0,1,0,1,1,1,0,0,0,0,0,0,0,1,1,0,0,0,0,0,0,0,0,0,0,0,0,0,0,1,1,0,0,20,81,61,0.7530864197530864,3.05,0.04938271604938271,2,42.0,1.0,0, 0, 0, 0, 0, 1,6,5,1,4,2,1,3,5,0,5,5,5,3,1,4,4,1,2,1,3,4,4,10,14,27,5,6,5,1,4,2,1,3,5,0,5,5,5,3,1,4,4,1,2,1,3,4,4,10,14,27,5,6,5,1,4,2,1,3,5,0,5,5,5,3,1,4,4,1,2,1,3,4,4,10,14,27,5,0,0,0,0,0,0,0,0,0,0,0,0,0,1,1,61
1300,0,9917.826233000002,2464.07069,7471.766107999997,2063,0,0,1,0,1,1,1,0,1,0,1,0,0,0,0,1,0,0,0,0,0,1,0,0,1,0,0,0,0,0,1,1,0,1,23,93,70,0.7526881720430108,3.0434782608695654,0.053763440860215055,2,49.0,0.27956989247311825,0, 1, 0, 0, 1, 0,3,4,2,3,4,3,2,7,1,1,5,5,1,4,9,5,3,0,0,7,4,4,9,13,24,8,3,4,2,3,4,3,2,7,1,1,5,5,1,4,9,5,3,0,0,7,4,4,9,13,24,8,3,4,2,3,4,3,2,7,1,1,5,5,1,4,9,5,3,0,0,7,4,4,9,13,24,8,1,0,0,1,0,0,1,0,0,0,0,0,0,1,1,70
1303,0,10796.554195999997,2962.4449309999995,7852.119829999996,8,1,1,0,0,1,0,0,1,0,0,0,0,0,0,0,1,0,0,0,0,0,1,0,0,1,0,0,0,0,0,1,1,0,0,23,94,71,0.7553191489361702,3.0869565217391304,0.0,0,0,1.0,0, 0, 0, 0, 0, 0,6,1,5,3,0,4,5,6,2,7,7,6,3,2,4,1,2,1,1,5,4,10,7,17,34,3,6,1,5,3,0,4,5,6,2,7,7,6,3,2,4,1,2,1,1,5,4,10,7,17,34,3,6,1,5,3,0,4,5,6,2,7,7,6,3,2,4,1,2,1,1,5,4,10,7,17,34,3,1,0,0,1,0,0,1,0,0,0,0,0,0,1,1,71
1304,0,29086.563684999994,7218.5449949999975,21886.02925500002,273,1,0,0,0,1,0,0,1,0,0,0,0,0,0,1,1,0,0,0,0,0,1,0,0,1,0,0,0,0,0,1,1,0,0,62,251,189,0.7529880478087649,3.0483870967741935,0.00398406374501992,0,0,1.0,0, 0, 0, 0, 0, 0,17,16,13,4,1,14,12,12,7,10,22,3,4,5,10,9,7,7,8,8,20,25,19,44,73,16,17,16,13,4,1,14,12,12,7,10,22,3,4,5,10,9,7,7,8,8,20,25,19,44,73,16,17,16,13,4,1,14,12,12,7,10,22,3,4,5,10,9,7,7,8,8,20,25,19,44,73,16,1,0,0,1,0,0,1,0,0,0,0,0,0,1,1,189
1305,0,15105.929238999996,3770.9126050000004,11353.027199,8956,0,0,1,1,0,0,0,1,0,0,0,0,0,0,0,1,0,0,0,0,0,0,0,0,0,0,0,1,1,0,1,1,0,0,36,144,108,0.75,3.0,0.006944444444444444,0,0,1.0,0, 0, 0, 0, 0, 0,15,2,5,3,1,1,6,9,2,4,8,11,5,4,9,4,3,0,2,14,6,11,13,24,55,7,15,2,5,3,1,1,6,9,2,4,8,11,5,4,9,4,3,0,2,14,6,11,13,24,55,7,15,2,5,3,1,1,6,9,2,4,8,11,5,4,9,4,3,0,2,14,6,11,13,24,55,7,0,0,0,0,0,0,0,0,0,1,1,1,0,1,1,108
1306,0,25648.894416999978,6403.462626000002,19263.442356,4562,0,0,1,0,1,0,1,0,0,0,0,0,0,0,0,1,0,0,0,0,0,0,0,0,0,0,0,1,1,0,1,1,0,0,60,240,180,0.75,3.0,0.008333333333333333,1,0,1.0,0, 0, 0, 0, 0, 0,25,11,10,4,1,9,10,11,2,11,24,7,4,5,10,8,8,0,2,18,7,20,18,38,93,16,25,11,10,4,1,9,10,11,2,11,24,7,4,5,10,8,8,0,2,18,7,20,18,38,93,16,25,11,10,4,1,9,10,11,2,11,24,7,4,5,10,8,8,0,2,18,7,20,18,38,93,16,0,0,0,0,0,0,0,0,0,1,1,1,0,1,1,180
1307,0,3593.7145480000004,912.463992,2699.261121,2027,0,0,1,1,0,0,0,1,0,0,0,0,0,0,1,1,0,0,0,0,0,0,0,0,0,0,0,1,1,0,1,1,0,0,7,31,24,0.7741935483870968,3.4285714285714284,0.03225806451612903,1,0,1.0,0, 0, 0, 0, 0, 0,2,1,3,1,1,0,2,1,0,2,1,0,1,2,2,1,0,0,1,3,3,5,1,6,10,1,2,1,3,1,1,0,2,1,0,2,1,0,1,2,2,1,0,0,1,3,3,5,1,6,10,1,2,1,3,1,1,0,2,1,0,2,1,0,1,2,2,1,0,0,1,3,3,5,1,6,10,1,0,0,0,0,0,0,0,0,0,1,1,1,0,1,1,24
1308,0,10876.708334000004,2364.1889529999994,8530.529946000002,4,1,1,0,0,1,0,0,1,0,0,0,0,0,0,0,1,0,0,0,0,0,0,0,0,0,0,0,1,1,0,1,1,0,0,25,103,78,0.7572815533980582,3.12,0.0,0,0,1.0,0, 0, 0, 0, 0, 0,16,8,9,2,0,3,6,2,1,5,9,1,1,3,3,1,0,0,0,8,3,15,9,24,41,1,16,8,9,2,0,3,6,2,1,5,9,1,1,3,3,1,0,0,0,8,3,15,9,24,41,1,16,8,9,2,0,3,6,2,1,5,9,1,1,3,3,1,0,0,0,8,3,15,9,24,41,1,0,0,0,0,0,0,0,0,0,1,1,1,0,1,1,78
1309,0,4395.262691999998,1222.635308,3190.6379489999995,84,1,1,0,1,0,0,0,1,0,0,0,0,0,0,0,1,0,0,0,0,0,0,0,0,0,0,0,1,1,0,1,1,0,0,9,39,30,0.7692307692307693,3.3333333333333335,0.02564102564102564,1,0,1.0,0, 0, 0, 0, 0, 0,6,1,0,2,1,3,1,0,1,2,1,1,1,1,3,2,1,0,0,3,1,1,2,3,13,3,6,1,0,2,1,3,1,0,1,2,1,1,1,1,3,2,1,0,0,3,1,1,2,3,13,3,6,1,0,2,1,3,1,0,1,2,1,1,1,1,3,2,1,0,0,3,1,1,2,3,13,3,0,0,0,0,0,0,0,0,0,1,1,1,0,1,1,30
1311,0,29676.919516000024,7446.009866999999,22248.920214,1603,0,0,1,0,1,1,1,0,0,1,0,0,0,0,0,1,0,0,0,0,0,0,0,0,0,0,0,1,1,0,1,1,0,1,71,286,215,0.7517482517482518,3.028169014084507,0.017482517482517484,3,2.5,0.1258741258741259,0, 0, 1, 0, 0, 1,37,18,11,5,5,8,9,20,0,11,19,10,2,3,12,10,11,1,2,21,6,20,28,48,110,21,37,18,11,5,5,8,9,20,0,11,19,10,2,3,12,10,11,1,2,21,6,20,28,48,110,21,37,18,11,5,5,8,9,20,0,11,19,10,2,3,12,10,11,1,2,21,6,20,28,48,110,21,0,0,0,0,0,0,0,0,0,1,1,1,0,1,1,215
1312,0,16784.200579000008,4146.000629,12656.210514999999,2460,0,0,1,0,1,1,1,0,0,0,1,1,0,0,0,1,0,0,0,0,0,0,0,0,0,0,0,1,1,0,1,1,0,1,39,159,120,0.7547169811320755,3.076923076923077,0.06289308176100629,5,16.75,0.34591194968553457,2, 2, 0, 1, 0, 0,14,7,9,2,9,6,8,15,2,7,13,5,2,3,4,2,5,0,1,6,4,17,12,29,57,7,14,7,9,2,9,6,8,15,2,7,13,5,2,3,4,2,5,0,1,6,4,17,12,29,57,7,14,7,9,2,9,6,8,15,2,7,13,5,2,3,4,2,5,0,1,6,4,17,12,29,57,7,0,0,0,0,0,0,0,0,0,1,1,1,0,1,1,120
1313,0,16653.160095000007,4143.055108,12528.115551999997,2463,0,0,1,0,1,1,1,0,0,0,1,1,0,0,0,1,0,0,0,0,0,0,0,0,0,0,0,1,1,0,1,1,0,1,39,158,119,0.7531645569620253,3.051282051282051,0.06329113924050633,5,16.75,0.34810126582278483,2, 2, 0, 1, 0, 0,14,7,9,2,9,6,8,15,2,7,13,4,2,3,4,2,5,0,1,6,4,17,11,28,57,7,14,7,9,2,9,6,8,15,2,7,13,4,2,3,4,2,5,0,1,6,4,17,11,28,57,7,14,7,9,2,9,6,8,15,2,7,13,4,2,3,4,2,5,0,1,6,4,17,11,28,57,7,0,0,0,0,0,0,0,0,0,1,1,1,0,1,1,119
1315,0,11206.181379,2900.476247,8323.715696999996,7808,0,0,1,1,0,0,0,1,0,0,0,0,0,0,0,1,0,0,0,0,0,0,0,0,0,0,0,1,1,0,1,1,0,0,25,101,76,0.7524752475247525,3.04,0.009900990099009901,0,0,1.0,0, 0, 0, 0, 0, 0,7,3,6,3,1,3,9,8,0,3,4,1,3,1,8,8,1,4,2,1,7,15,4,19,26,9,7,3,6,3,1,3,9,8,0,3,4,1,3,1,8,8,1,4,2,1,7,15,4,19,26,9,7,3,6,3,1,3,9,8,0,3,4,1,3,1,8,8,1,4,2,1,7,15,4,19,26,9,0,0,0,0,0,0,0,0,0,1,1,1,0,1,1,76
1316,0,11337.221862999999,2875.41562,8479.816807999994,7808,0,0,1,1,0,0,0,1,0,0,0,0,0,0,0,1,0,0,0,0,0,0,0,0,0,0,0,1,1,0,1,1,0,0,25,102,77,0.7549019607843137,3.08,0.00980392156862745,0,0,1.0,0, 0, 0, 0, 0, 0,7,4,6,3,1,3,9,8,0,3,4,1,3,1,8,8,1,4,2,1,7,15,5,20,26,9,7,4,6,3,1,3,9,8,0,3,4,1,3,1,8,8,1,4,2,1,7,15,5,20,26,9,7,4,6,3,1,3,9,8,0,3,4,1,3,1,8,8,1,4,2,1,7,15,5,20,26,9,0,0,0,0,0,0,0,0,0,1,1,1,0,1,1,77
1318,0,16685.104519999993,4045.0805200000004,12658.034565000004,9835,0,0,1,0,1,1,1,0,0,0,1,0,0,0,0,1,0,0,0,0,0,0,0,0,0,0,0,1,0,0,1,1,0,0,37,150,113,0.7533333333333333,3.054054054054054,0.02,1,0,0.47333333333333333,0, 1, 0, 0, 0, 0,12,8,8,5,2,3,11,10,2,4,8,1,2,1,6,5,5,4,7,9,12,19,9,28,45,10,12,8,8,5,2,3,11,10,2,4,8,1,2,1,6,5,5,4,7,9,12,19,9,28,45,10,12,8,8,5,2,3,11,10,2,4,8,1,2,1,6,5,5,4,7,9,12,19,9,28,45,10,0,0,0,0,0,0,0,0,0,1,0,0,0,1,1,113
1322,0,24608.467385000007,5835.123969999999,18791.353979999996,6217,0,0,1,0,1,1,1,0,0,0,0,0,0,0,0,1,0,0,0,0,0,0,0,0,0,0,0,1,0,0,1,1,0,0,55,220,165,0.75,3.0,0.013636363636363636,0,0,1.0,0, 0, 0, 0, 0, 0,11,9,9,4,2,10,8,12,6,3,15,5,5,8,7,10,11,7,5,18,20,17,14,31,64,21,11,9,9,4,2,10,8,12,6,3,15,5,5,8,7,10,11,7,5,18,20,17,14,31,64,21,11,9,9,4,2,10,8,12,6,3,15,5,5,8,7,10,11,7,5,18,20,17,14,31,64,21,0,0,0,0,0,0,0,0,0,1,0,0,0,1,1,165
1323,0,17848.164728999982,4653.373182,13212.802111999992,3879,0,0,1,1,0,0,1,0,0,0,0,0,0,0,0,1,0,0,0,0,0,0,0,0,0,0,0,1,0,0,1,1,0,0,39,157,118,0.7515923566878981,3.0256410256410255,0.012738853503184714,0,0,1.0,0, 0, 0, 0, 0, 0,3,8,9,2,2,3,7,10,5,7,20,3,3,5,7,9,7,0,3,5,8,16,11,27,48,16,3,8,9,2,2,3,7,10,5,7,20,3,3,5,7,9,7,0,3,5,8,16,11,27,48,16,3,8,9,2,2,3,7,10,5,7,20,3,3,5,7,9,7,0,3,5,8,16,11,27,48,16,0,0,0,0,0,0,0,0,0,1,0,0,0,1,1,118
1325,0,29754.98801099999,7597.782424999999,22175.216151000004,247,1,0,0,0,1,1,1,0,0,0,0,0,0,0,1,1,0,0,0,0,0,0,0,0,0,0,0,1,0,0,1,1,0,0,63,252,189,0.75,3.0,0.015873015873015872,1,0,1.0,0, 0, 0, 0, 0, 0,19,17,14,3,3,11,16,8,8,11,20,5,1,7,8,8,6,9,5,10,21,30,22,52,69,14,19,17,14,3,3,11,16,8,8,11,20,5,1,7,8,8,6,9,5,10,21,30,22,52,69,14,19,17,14,3,3,11,16,8,8,11,20,5,1,7,8,8,6,9,5,10,21,30,22,52,69,14,0,0,0,0,0,0,0,0,0,1,0,0,0,1,1,189
1333,0,13882.896369000002,3295.7600239999992,10605.146909999998,13511,0,0,1,1,0,1,1,0,0,0,0,1,0,0,0,1,0,0,0,0,0,0,0,0,0,0,0,1,0,0,1,1,0,0,31,124,93,0.75,3.0,0.03225806451612903,1,0,1.0,1, 0, 0, 0, 0, 0,7,8,4,4,4,6,6,9,0,4,3,7,4,5,1,5,4,0,6,6,11,10,15,25,33,9,7,8,4,4,4,6,6,9,0,4,3,7,4,5,1,5,4,0,6,6,11,10,15,25,33,9,7,8,4,4,4,6,6,9,0,4,3,7,4,5,1,5,4,0,6,6,11,10,15,25,33,9,0,0,0,0,0,0,0,0,0,1,0,0,0,1,1,93
1336,0,15832.683473999987,3860.0553070000005,11990.638731999996,6727,0,0,1,1,0,0,1,0,0,0,1,0,0,0,0,1,0,0,0,0,0,0,0,0,0,1,0,1,0,1,1,1,0,0,36,145,109,0.7517241379310344,3.0277777777777777,0.013793103448275862,1,0,0.42758620689655175,0, 1, 0, 0, 0, 0,7,5,7,7,2,2,14,13,3,4,7,4,2,4,6,6,4,2,3,7,9,21,9,30,40,10,7,5,7,7,2,2,14,13,3,4,7,4,2,4,6,6,4,2,3,7,9,21,9,30,40,10,7,5,7,7,2,2,14,13,3,4,7,4,2,4,6,6,4,2,3,7,9,21,9,30,40,10,0,0,0,0,0,0,0,1,0,1,0,1,1,1,1,109
1337,0,28461.842145999995,6613.408305999999,21866.444405,3473,0,0,1,0,1,1,1,0,0,0,0,0,0,0,0,1,0,0,0,0,0,0,0,0,0,1,0,1,0,1,1,1,0,0,64,258,194,0.751937984496124,3.03125,0.023255813953488372,2,191.0,1.0,0, 0, 0, 0, 0, 0,19,30,13,5,5,11,14,13,7,5,30,0,2,2,4,10,9,1,1,13,4,27,30,57,82,19,19,30,13,5,5,11,14,13,7,5,30,0,2,2,4,10,9,1,1,13,4,27,30,57,82,19,19,30,13,5,5,11,14,13,7,5,30,0,2,2,4,10,9,1,1,13,4,27,30,57,82,19,0,0,0,0,0,0,0,1,0,1,0,1,1,1,1,194
1338,0,27314.297721999992,6348.319809999998,20983.988477,3473,0,0,1,0,1,1,1,0,0,0,0,0,0,0,0,1,0,0,0,0,0,0,0,0,0,1,0,1,0,1,1,1,0,0,61,247,186,0.7530364372469636,3.0491803278688523,0.024291497975708502,2,191.0,1.0,0, 0, 0, 0, 0, 0,18,29,12,5,5,10,13,12,7,3,30,0,2,2,4,10,9,1,1,13,4,25,29,54,78,19,18,29,12,5,5,10,13,12,7,3,30,0,2,2,4,10,9,1,1,13,4,25,29,54,78,19,18,29,12,5,5,10,13,12,7,3,30,0,2,2,4,10,9,1,1,13,4,25,29,54,78,19,0,0,0,0,0,0,0,1,0,1,0,1,1,1,1,186
1339,0,29607.707036999993,7774.081749999999,21851.635852000003,2676,0,0,1,0,1,1,1,0,0,0,0,0,1,0,0,1,0,0,0,0,0,0,0,0,0,1,0,1,0,1,1,1,0,0,66,265,199,0.7509433962264151,3.015151515151515,0.022641509433962263,1,0,1.0,0, 0, 0, 0, 0, 0,19,8,1,7,5,6,5,17,1,7,41,3,11,13,12,11,5,5,6,16,24,6,11,17,111,16,19,8,1,7,5,6,5,17,1,7,41,3,11,13,12,11,5,5,6,16,24,6,11,17,111,16,19,8,1,7,5,6,5,17,1,7,41,3,11,13,12,11,5,5,6,16,24,6,11,17,111,16,0,0,0,0,0,0,0,1,0,1,0,1,1,1,1,199
1340,0,19120.059064999994,4821.617149999999,14316.452479999989,103,1,1,0,1,0,0,0,1,0,0,0,0,0,0,0,1,0,0,0,0,0,0,0,0,0,1,0,1,0,1,1,1,0,0,41,167,126,0.7544910179640718,3.073170731707317,0.005988023952095809,0,0,1.0,0, 0, 0, 0, 0, 0,9,9,3,2,1,4,5,11,4,5,21,2,8,6,7,8,6,6,2,7,14,8,11,19,61,14,9,9,3,2,1,4,5,11,4,5,21,2,8,6,7,8,6,6,2,7,14,8,11,19,61,14,9,9,3,2,1,4,5,11,4,5,21,2,8,6,7,8,6,6,2,7,14,8,11,19,61,14,0,0,0,0,0,0,0,1,0,1,0,1,1,1,1,126
1341,0,3197.766838,854.406871,2361.370532,4,1,1,0,0,1,0,0,1,0,0,0,0,0,0,0,1,0,0,0,0,0,0,0,0,0,1,0,1,0,1,1,1,0,0,7,30,23,0.7666666666666667,3.2857142857142856,0.0,0,0,1.0,0, 0, 0, 0, 0, 0,4,1,0,0,0,0,0,2,0,1,7,0,1,0,0,1,4,0,1,1,1,0,1,1,16,5,4,1,0,0,0,0,0,2,0,1,7,0,1,0,0,1,4,0,1,1,1,0,1,1,16,5,4,1,0,0,0,0,0,2,0,1,7,0,1,0,0,1,4,0,1,1,1,0,1,1,16,5,0,0,0,0,0,0,0,1,0,1,0,1,1,1,1,23
1342,0,10972.433559000005,2889.2924359999997,8101.151688000004,38,1,1,0,0,1,1,1,0,0,0,0,0,0,0,0,1,0,0,0,0,0,0,0,0,0,1,0,1,0,1,1,1,0,0,24,99,75,0.7575757575757576,3.125,0.030303030303030304,1,0,1.0,0, 0, 0, 0, 0, 0,12,5,6,1,2,1,5,6,3,4,6,4,1,1,2,1,5,1,2,7,4,11,9,20,36,6,12,5,6,1,2,1,5,6,3,4,6,4,1,1,2,1,5,1,2,7,4,11,9,20,36,6,12,5,6,1,2,1,5,6,3,4,6,4,1,1,2,1,5,1,2,7,4,11,9,20,36,6,0,0,0,0,0,0,0,1,0,1,0,1,1,1,1,75
1343,0,24302.766661999984,5584.074922,18736.702305,688,0,0,0,0,1,1,1,0,0,0,0,0,0,0,0,1,0,0,0,0,0,0,0,0,0,1,0,1,0,1,1,1,0,0,55,222,167,0.7522522522522522,3.036363636363636,0.018018018018018018,0,0,1.0,0, 0, 0, 0, 0, 0,24,20,18,3,3,8,7,7,4,2,31,0,4,2,7,6,5,3,3,10,8,25,20,45,78,11,24,20,18,3,3,8,7,7,4,2,31,0,4,2,7,6,5,3,3,10,8,25,20,45,78,11,24,20,18,3,3,8,7,7,4,2,31,0,4,2,7,6,5,3,3,10,8,25,20,45,78,11,0,0,0,0,0,0,0,1,0,1,0,1,1,1,1,167
1345,0,21493.64153300001,5364.600578999997,16147.051518999997,3273,0,0,1,0,1,1,1,0,0,1,0,0,0,0,0,1,0,0,0,0,0,0,0,0,0,1,0,1,0,1,1,1,0,0,49,198,149,0.7525252525252525,3.0408163265306123,0.015151515151515152,0,0,0.2727272727272727,0, 0, 1, 0, 0, 0,22,8,9,3,2,6,6,13,8,3,20,0,1,4,14,9,5,7,3,6,14,15,8,23,65,14,22,8,9,3,2,6,6,13,8,3,20,0,1,4,14,9,5,7,3,6,14,15,8,23,65,14,22,8,9,3,2,6,6,13,8,3,20,0,1,4,14,9,5,7,3,6,14,15,8,23,65,14,0,0,0,0,0,0,0,1,0,1,0,1,1,1,1,149
1348,0,9968.122414999994,2459.360851,7526.772129000002,7119,0,0,1,1,0,1,1,0,0,0,0,1,0,0,0,1,0,0,0,0,0,0,0,0,0,1,0,1,0,1,1,1,0,0,22,90,68,0.7555555555555555,3.090909090909091,0.03333333333333333,1,0,1.0,1, 0, 0, 0, 0, 0,4,8,4,4,3,3,3,8,1,4,7,0,1,3,1,4,3,0,2,5,5,7,8,15,29,7,4,8,4,4,3,3,3,8,1,4,7,0,1,3,1,4,3,0,2,5,5,7,8,15,29,7,4,8,4,4,3,3,3,8,1,4,7,0,1,3,1,4,3,0,2,5,5,7,8,15,29,7,0,0,0,0,0,0,0,1,0,1,0,1,1,1,1,68
1349,0,6888.388156999999,1636.8541469999996,5269.544575,11079,0,0,1,1,0,0,1,0,0,0,0,0,0,0,0,1,0,0,0,0,0,0,0,0,0,0,0,0,0,0,1,1,0,0,15,61,46,0.7540983606557377,3.066666666666667,0.03278688524590164,2,16.0,1.0,0, 0, 0, 0, 0, 0,2,7,2,1,2,3,2,7,1,1,4,0,5,0,2,0,3,2,0,2,2,4,7,11,21,3,2,7,2,1,2,3,2,7,1,1,4,0,5,0,2,0,3,2,0,2,2,4,7,11,21,3,2,7,2,1,2,3,2,7,1,1,4,0,5,0,2,0,3,2,0,2,2,4,7,11,21,3,0,0,0,0,0,0,0,0,0,0,0,0,0,1,1,46
1352,0,26608.282867000005,6423.3008469999995,20202.992584999996,7551,0,0,1,1,0,1,1,0,0,0,1,0,0,0,0,1,0,0,0,0,0,0,0,0,0,0,0,0,0,0,1,1,0,0,62,250,188,0.752,3.032258064516129,0.012,0,0,0.456,0, 1, 0, 0, 0, 0,19,10,5,5,3,4,5,19,4,12,35,5,7,9,4,9,14,2,3,14,14,10,15,25,106,23,19,10,5,5,3,4,5,19,4,12,35,5,7,9,4,9,14,2,3,14,14,10,15,25,106,23,19,10,5,5,3,4,5,19,4,12,35,5,7,9,4,9,14,2,3,14,14,10,15,25,106,23,0,0,0,0,0,0,0,0,0,0,0,0,0,1,1,188
1353,0,27226.59500800003,6882.297876,20362.307697000007,6721,0,0,1,0,1,0,1,0,0,0,0,0,0,0,1,1,0,0,0,0,0,0,0,0,0,0,0,0,0,0,1,1,0,0,62,251,189,0.7529880478087649,3.0483870967741935,0.00796812749003984,0,0,1.0,0, 0, 0, 0, 0, 0,9,11,16,6,1,2,3,27,5,9,11,11,6,7,11,12,12,3,7,20,17,19,22,41,82,24,9,11,16,6,1,2,3,27,5,9,11,11,6,7,11,12,12,3,7,20,17,19,22,41,82,24,9,11,16,6,1,2,3,27,5,9,11,11,6,7,11,12,12,3,7,20,17,19,22,41,82,24,0,0,0,0,0,0,0,0,0,0,0,0,0,1,1,189
1354,0,8554.302124999997,2131.1394269999996,6441.173262999999,6307,0,0,1,0,1,0,1,0,0,0,0,0,0,0,0,1,0,0,0,0,0,0,0,0,0,0,0,0,0,0,1,1,0,0,21,85,64,0.7529411764705882,3.0476190476190474,0.023529411764705882,2,19.0,1.0,0, 0, 0, 0, 0, 0,13,3,3,3,1,0,1,5,2,1,3,0,2,1,5,6,3,0,3,9,4,4,3,7,33,9,13,3,3,3,1,0,1,5,2,1,3,0,2,1,5,6,3,0,3,9,4,4,3,7,33,9,13,3,3,3,1,0,1,5,2,1,3,0,2,1,5,6,3,0,3,9,4,4,3,7,33,9,0,0,0,0,0,0,0,0,0,0,0,0,0,1,1,64
1356,0,16659.476787999993,4101.149858999999,12576.337493999998,4777,0,0,1,1,0,1,1,0,0,0,0,0,0,0,0,1,0,0,0,0,0,0,0,0,0,0,0,0,0,0,1,1,0,0,38,152,114,0.75,3.0,0.019736842105263157,1,0,1.0,0, 0, 0, 0, 0, 0,14,10,10,4,3,3,6,7,2,4,11,3,4,5,1,5,6,0,3,13,8,16,13,29,53,11,14,10,10,4,3,3,6,7,2,4,11,3,4,5,1,5,6,0,3,13,8,16,13,29,53,11,14,10,10,4,3,3,6,7,2,4,11,3,4,5,1,5,6,0,3,13,8,16,13,29,53,11,0,0,0,0,0,0,0,0,0,0,0,0,0,1,1,114
1357,0,7603.815970000002,1855.8668959999998,5765.959638999999,4107,0,0,1,1,0,0,0,1,0,0,0,0,0,0,1,1,0,0,0,0,0,0,0,0,0,0,0,0,0,0,1,1,0,0,17,68,51,0.75,3.0,0.014705882352941176,0,0,1.0,0, 0, 0, 0, 0, 0,4,5,2,0,1,2,4,2,1,1,6,2,2,1,5,5,3,1,1,3,3,6,7,13,18,8,4,5,2,0,1,2,4,2,1,1,6,2,2,1,5,5,3,1,1,3,3,6,7,13,18,8,4,5,2,0,1,2,4,2,1,1,6,2,2,1,5,5,3,1,1,3,3,6,7,13,18,8,0,0,0,0,0,0,0,0,0,0,0,0,0,1,1,51
1358,0,27503.897534000003,6701.282140999998,20820.625958000004,279,1,0,0,0,1,1,1,0,0,0,0,0,0,0,0,1,0,0,0,0,0,0,0,0,0,0,0,0,0,0,1,1,0,0,59,239,180,0.7531380753138075,3.0508474576271185,0.012552301255230125,0,0,1.0,0, 0, 0, 0, 0, 0,20,15,14,5,2,10,10,9,7,12,19,5,2,6,10,7,4,7,7,9,20,24,20,44,71,11,20,15,14,5,2,10,10,9,7,12,19,5,2,6,10,7,4,7,7,9,20,24,20,44,71,11,20,15,14,5,2,10,10,9,7,12,19,5,2,6,10,7,4,7,7,9,20,24,20,44,71,11,0,0,0,0,0,0,0,0,0,0,0,0,0,1,1,180
1359,0,10832.343095999995,2812.427842,8037.925819000004,1,1,1,0,1,0,0,0,1,0,0,0,0,0,0,0,1,0,0,0,0,0,0,0,0,0,0,0,0,0,0,1,1,0,0,23,93,70,0.7526881720430108,3.0434782608695654,0.010752688172043012,0,0,1.0,0, 0, 0, 0, 0, 0,6,5,10,2,1,2,6,4,1,4,9,1,1,2,2,3,1,2,3,5,7,16,6,22,29,4,6,5,10,2,1,2,6,4,1,4,9,1,1,2,2,3,1,2,3,5,7,16,6,22,29,4,6,5,10,2,1,2,6,4,1,4,9,1,1,2,2,3,1,2,3,5,7,16,6,22,29,4,0,0,0,0,0,0,0,0,0,0,0,0,0,1,1,70
1362,0,30578.799653999988,7605.143858999997,22991.66636000003,7833,0,0,1,0,1,0,1,0,0,0,0,0,0,0,0,1,0,0,0,0,0,0,0,0,0,0,0,0,0,0,1,1,0,0,72,291,219,0.7525773195876289,3.0416666666666665,0.006872852233676976,1,0,1.0,0, 0, 0, 0, 0, 0,33,13,9,7,0,12,9,11,5,4,12,6,3,4,28,21,19,3,3,17,10,18,19,37,80,40,33,13,9,7,0,12,9,11,5,4,12,6,3,4,28,21,19,3,3,17,10,18,19,37,80,40,33,13,9,7,0,12,9,11,5,4,12,6,3,4,28,21,19,3,3,17,10,18,19,37,80,40,0,0,0,0,0,0,0,0,0,0,0,0,0,1,1,219
1363,0,8490.634000000002,1955.0146040000004,6553.629961000001,10097,0,0,1,1,0,0,1,0,0,0,0,0,0,0,0,1,0,0,0,0,0,0,0,0,0,0,0,0,0,0,1,1,0,0,20,82,62,0.7560975609756098,3.1,0.024390243902439025,1,0,1.0,0, 0, 0, 0, 0, 0,7,3,1,0,2,2,1,7,1,2,15,2,1,3,2,5,2,1,1,4,5,2,5,7,36,7,7,3,1,0,2,2,1,7,1,2,15,2,1,3,2,5,2,1,1,4,5,2,5,7,36,7,7,3,1,0,2,2,1,7,1,2,15,2,1,3,2,5,2,1,1,4,5,2,5,7,36,7,0,0,0,0,0,0,0,0,0,0,0,0,0,1,1,62
1364,0,19878.927713999998,5018.634530000001,14878.303748999997,10424,0,0,1,0,1,0,1,0,0,0,0,0,0,0,0,1,0,0,0,0,0,0,0,0,0,0,0,0,0,0,1,1,0,0,44,179,135,0.7541899441340782,3.0681818181818183,0.0111731843575419,0,0,1.0,0, 0, 0, 0, 0, 0,19,8,3,2,1,1,2,7,7,9,26,3,6,6,10,6,1,3,3,12,12,5,11,16,79,7,19,8,3,2,1,1,2,7,7,9,26,3,6,6,10,6,1,3,3,12,12,5,11,16,79,7,19,8,3,2,1,1,2,7,7,9,26,3,6,6,10,6,1,3,3,12,12,5,11,16,79,7,0,0,0,0,0,0,0,0,0,0,0,0,0,1,1,135
1366,0,16464.465637000005,4036.112548000001,12446.363654000004,13517,0,0,1,1,0,0,1,0,0,0,1,0,0,0,0,1,0,0,0,0,0,0,0,0,0,0,0,0,0,0,1,1,0,0,36,145,109,0.7517241379310344,3.0277777777777777,0.013793103448275862,2,1.0,0.6551724137931034,0, 1, 0, 0, 0, 0,14,11,6,3,2,3,9,3,3,4,10,2,2,6,4,5,8,4,0,10,10,15,13,28,43,13,14,11,6,3,2,3,9,3,3,4,10,2,2,6,4,5,8,4,0,10,10,15,13,28,43,13,14,11,6,3,2,3,9,3,3,4,10,2,2,6,4,5,8,4,0,10,10,15,13,28,43,13,0,0,0,0,0,0,0,0,0,0,0,0,0,1,1,109
1369,0,2986.4503340000006,820.462929,2183.9979700000004,2000,0,0,1,1,0,0,1,0,1,0,0,0,0,0,1,1,0,0,0,0,0,0,0,0,0,0,0,0,0,0,1,1,0,0,6,26,20,0.7692307692307693,3.3333333333333335,0.07692307692307693,1,0,0.2692307692307692,0, 0, 0, 0, 1, 0,1,1,0,2,2,0,3,2,0,1,0,0,0,1,1,1,0,0,1,4,2,3,1,4,8,1,1,1,0,2,2,0,3,2,0,1,0,0,0,1,1,1,0,0,1,4,2,3,1,4,8,1,1,1,0,2,2,0,3,2,0,1,0,0,0,1,1,1,0,0,1,4,2,3,1,4,8,1,0,0,0,0,0,0,0,0,0,0,0,0,0,1,1,20
1370,0,32568.530297000023,8103.105103000005,24483.435759000007,1020,0,0,1,0,1,0,1,0,0,0,0,0,0,0,0,1,0,0,0,0,0,0,0,0,0,0,0,0,0,0,1,1,0,0,74,299,225,0.7525083612040134,3.0405405405405403,0.006688963210702341,2,1.0,1.0,0, 0, 0, 0, 0, 0,20,13,19,5,1,9,9,18,10,13,27,3,6,9,14,15,15,2,3,14,14,28,16,44,98,30,20,13,19,5,1,9,9,18,10,13,27,3,6,9,14,15,15,2,3,14,14,28,16,44,98,30,20,13,19,5,1,9,9,18,10,13,27,3,6,9,14,15,15,2,3,14,14,28,16,44,98,30,0,0,0,0,0,0,0,0,0,0,0,0,0,1,1,225
1371,0,28190.657319999995,7105.646051000001,21103.02183400001,271,1,0,0,0,1,0,1,0,0,0,0,0,0,0,0,1,0,0,0,0,0,0,0,0,0,0,0,0,0,0,1,1,0,0,62,250,188,0.752,3.032258064516129,0.008,0,0,1.0,0, 0, 0, 0, 0, 0,26,16,14,2,1,6,11,10,8,8,24,6,2,8,7,9,8,4,5,13,17,25,22,47,83,17,26,16,14,2,1,6,11,10,8,8,24,6,2,8,7,9,8,4,5,13,17,25,22,47,83,17,26,16,14,2,1,6,11,10,8,8,24,6,2,8,7,9,8,4,5,13,17,25,22,47,83,17,0,0,0,0,0,0,0,0,0,0,0,0,0,1,1,188
1374,0,16598.112521000025,3999.146286999999,12616.976799,14044,0,0,1,1,0,0,1,0,0,0,0,0,0,0,0,1,0,0,0,0,0,0,0,0,0,0,0,0,0,0,1,1,0,0,40,160,120,0.75,3.0,0.0125,0,0,1.0,0, 0, 0, 0, 0, 0,12,7,6,5,2,5,5,20,2,3,4,4,1,3,12,10,4,2,8,5,13,11,11,22,45,14,12,7,6,5,2,5,5,20,2,3,4,4,1,3,12,10,4,2,8,5,13,11,11,22,45,14,12,7,6,5,2,5,5,20,2,3,4,4,1,3,12,10,4,2,8,5,13,11,11,22,45,14,0,0,0,0,0,0,0,0,0,0,0,0,0,1,1,120
1376,0,13597.448063,3372.5498469999998,10242.908781,5369,0,0,1,0,1,1,1,0,0,0,0,0,0,0,0,1,0,0,0,0,0,0,0,0,0,0,0,0,0,0,1,1,0,0,31,124,93,0.75,3.0,0.03225806451612903,2,1.0,1.0,0, 0, 0, 0, 0, 0,14,5,6,5,3,3,5,4,4,4,10,0,7,1,10,3,1,2,2,4,5,11,5,16,43,4,14,5,6,5,3,3,5,4,4,4,10,0,7,1,10,3,1,2,2,4,5,11,5,16,43,4,14,5,6,5,3,3,5,4,4,4,10,0,7,1,10,3,1,2,2,4,5,11,5,16,43,4,0,0,0,0,0,0,0,0,0,0,0,0,0,1,1,93
1377,0,11857.709829999998,3001.518747,8874.201648000002,5369,0,0,1,0,1,1,1,0,0,0,0,0,0,0,0,1,0,0,0,0,0,0,0,0,0,0,0,0,0,0,1,1,0,0,27,108,81,0.75,3.0,0.037037037037037035,2,1.0,1.0,0, 0, 0, 0, 0, 0,12,4,4,5,3,2,4,4,4,2,8,0,6,1,10,3,1,2,2,4,5,8,4,12,36,4,12,4,4,5,3,2,4,4,4,2,8,0,6,1,10,3,1,2,2,4,5,8,4,12,36,4,12,4,4,5,3,2,4,4,4,2,8,0,6,1,10,3,1,2,2,4,5,8,4,12,36,4,0,0,0,0,0,0,0,0,0,0,0,0,0,1,1,81
1378,0,11523.884311000005,2702.3996159999997,8839.495260000002,4909,0,0,1,0,1,1,1,0,0,0,0,0,0,0,0,1,0,0,0,0,0,0,0,0,0,0,0,0,0,0,1,1,0,0,26,106,80,0.7547169811320755,3.076923076923077,0.02830188679245283,4,31.0,1.0,0, 0, 0, 0, 0, 0,15,10,4,3,2,3,4,5,3,2,8,0,1,2,5,2,3,1,3,4,6,8,10,18,35,5,15,10,4,3,2,3,4,5,3,2,8,0,1,2,5,2,3,1,3,4,6,8,10,18,35,5,15,10,4,3,2,3,4,5,3,2,8,0,1,2,5,2,3,1,3,4,6,8,10,18,35,5,0,0,0,0,0,0,0,0,0,0,0,0,0,1,1,80
1379,0,10569.247126999997,2560.300239,8026.957453000003,1,1,1,0,1,0,0,0,1,0,0,0,0,0,0,0,1,0,0,0,0,0,0,0,0,0,0,0,0,0,0,1,1,0,0,23,93,70,0.7526881720430108,3.0434782608695654,0.010752688172043012,0,0,1.0,0, 0, 0, 0, 0, 0,6,6,9,1,1,1,6,4,1,3,11,1,1,2,2,5,2,2,3,3,7,15,7,22,28,7,6,6,9,1,1,1,6,4,1,3,11,1,1,2,2,5,2,2,3,3,7,15,7,22,28,7,6,6,9,1,1,1,6,4,1,3,11,1,1,2,2,5,2,2,3,3,7,15,7,22,28,7,0,0,0,0,0,0,0,0,0,0,0,0,0,1,1,70
1380,0,26991.767487000005,6635.336950999999,20374.441101000004,279,1,0,0,0,1,1,1,0,0,0,0,0,0,0,0,1,0,0,0,0,0,0,0,0,0,0,0,0,0,0,1,1,0,0,59,239,180,0.7531380753138075,3.0508474576271185,0.012552301255230125,1,0,1.0,0, 0, 0, 0, 0, 0,22,15,15,2,2,7,9,10,7,10,20,3,1,6,10,10,5,7,6,13,19,24,18,42,76,15,22,15,15,2,2,7,9,10,7,10,20,3,1,6,10,10,5,7,6,13,19,24,18,42,76,15,22,15,15,2,2,7,9,10,7,10,20,3,1,6,10,10,5,7,6,13,19,24,18,42,76,15,0,0,0,0,0,0,0,0,0,0,0,0,0,1,1,180
1383,0,17530.951706999993,4183.013819000001,13365.948452999997,4439,0,0,1,0,1,1,1,0,0,0,0,0,0,0,0,1,0,0,0,0,0,0,0,0,0,0,0,0,0,0,1,1,0,0,39,158,119,0.7531645569620253,3.051282051282051,0.0189873417721519,2,1.0,1.0,0, 0, 0, 0, 0, 0,9,7,4,4,2,6,9,10,2,5,12,10,1,9,8,7,5,1,3,5,13,13,17,30,42,12,9,7,4,4,2,6,9,10,2,5,12,10,1,9,8,7,5,1,3,5,13,13,17,30,42,12,9,7,4,4,2,6,9,10,2,5,12,10,1,9,8,7,5,1,3,5,13,13,17,30,42,12,0,0,0,0,0,0,0,0,0,0,0,0,0,1,1,119
1386,0,30114.424631999987,7269.770686999998,22862.66451000001,335,1,0,0,1,0,0,0,1,0,0,0,0,0,0,0,1,0,0,0,0,0,0,0,0,0,0,0,0,0,0,1,1,0,0,67,268,201,0.75,3.0,0.0037313432835820895,0,0,1.0,0, 0, 0, 0, 0, 0,23,16,10,7,1,6,15,11,8,10,19,5,2,9,10,9,12,4,10,14,23,25,21,46,79,21,23,16,10,7,1,6,15,11,8,10,19,5,2,9,10,9,12,4,10,14,23,25,21,46,79,21,23,16,10,7,1,6,15,11,8,10,19,5,2,9,10,9,12,4,10,14,23,25,21,46,79,21,0,0,0,0,0,0,0,0,0,0,0,0,0,1,1,201
1387,0,11194.921306000002,2806.5136789999992,8406.418192000003,4,1,1,0,1,0,0,0,1,0,0,0,0,0,0,0,1,0,0,0,0,0,0,0,0,0,0,0,0,0,0,1,1,0,0,25,102,77,0.7549019607843137,3.08,0.00980392156862745,0,0,1.0,0, 0, 0, 0, 0, 0,13,5,5,1,1,5,7,3,0,5,8,3,2,1,2,2,4,1,1,8,3,12,8,20,39,6,13,5,5,1,1,5,7,3,0,5,8,3,2,1,2,2,4,1,1,8,3,12,8,20,39,6,13,5,5,1,1,5,7,3,0,5,8,3,2,1,2,2,4,1,1,8,3,12,8,20,39,6,0,0,0,0,0,0,0,0,0,0,0,0,0,1,1,77
1390,0,18462.687401000003,4454.465792000001,14026.232174000008,11491,0,0,1,0,1,1,1,0,0,0,0,0,0,0,0,1,0,0,0,0,0,0,0,0,0,0,0,0,0,0,1,1,0,0,43,174,131,0.7528735632183908,3.046511627906977,0.017241379310344827,2,146.0,1.0,0, 0, 0, 0, 0, 0,23,11,10,1,2,9,10,10,1,5,12,7,1,1,6,6,6,2,1,7,4,20,18,38,58,12,23,11,10,1,2,9,10,10,1,5,12,7,1,1,6,6,6,2,1,7,4,20,18,38,58,12,23,11,10,1,2,9,10,10,1,5,12,7,1,1,6,6,6,2,1,7,4,20,18,38,58,12,0,0,0,0,0,0,0,0,0,0,0,0,0,1,1,131
1391,0,32446.475756000018,8078.084700000003,24386.401621000005,1020,0,0,1,0,1,1,1,0,0,0,0,0,0,0,0,1,0,0,0,0,0,0,0,0,0,0,0,0,0,0,1,1,0,0,74,299,225,0.7525083612040134,3.0405405405405403,0.010033444816053512,2,1.0,1.0,0, 0, 0, 0, 0, 0,20,13,16,6,2,7,11,20,10,13,30,3,6,9,13,17,12,2,3,12,14,27,16,43,101,29,20,13,16,6,2,7,11,20,10,13,30,3,6,9,13,17,12,2,3,12,14,27,16,43,101,29,20,13,16,6,2,7,11,20,10,13,30,3,6,9,13,17,12,2,3,12,14,27,16,43,101,29,0,0,0,0,0,0,0,0,0,0,0,0,0,1,1,225
1392,0,28113.646025999988,7105.646051000001,21026.010540000003,271,1,0,0,0,1,0,1,0,0,0,0,0,0,0,0,1,0,0,0,0,0,0,0,0,0,0,0,0,0,0,1,1,0,0,62,250,188,0.752,3.032258064516129,0.008,0,0,1.0,0, 0, 0, 0, 0, 0,28,15,13,3,1,7,10,9,8,8,25,6,2,8,8,10,6,4,5,12,17,23,21,44,84,16,28,15,13,3,1,7,10,9,8,8,25,6,2,8,8,10,6,4,5,12,17,23,21,44,84,16,28,15,13,3,1,7,10,9,8,8,25,6,2,8,8,10,6,4,5,12,17,23,21,44,84,16,0,0,0,0,0,0,0,0,0,0,0,0,0,1,1,188
1395,0,4250.0194520000005,1073.528776,3194.501241000001,15464,0,0,1,1,0,0,1,0,0,0,0,0,0,0,0,1,0,0,0,0,0,0,0,0,0,0,0,0,0,0,1,1,0,0,9,39,30,0.7692307692307693,3.3333333333333335,0.05128205128205128,0,0,1.0,0, 0, 0, 0, 0, 0,1,2,2,0,2,1,2,4,0,0,3,0,0,2,0,4,2,0,1,4,3,4,2,6,12,6,1,2,2,0,2,1,2,4,0,0,3,0,0,2,0,4,2,0,1,4,3,4,2,6,12,6,1,2,2,0,2,1,2,4,0,0,3,0,0,2,0,4,2,0,1,4,3,4,2,6,12,6,0,0,0,0,0,0,0,0,0,0,0,0,0,1,1,30
1396,0,32260.085613000003,8113.467418000003,24164.628760000007,2519,0,0,1,0,1,1,1,0,0,0,0,0,0,0,0,1,0,0,0,0,0,0,0,0,0,1,0,0,0,1,1,1,0,0,72,291,219,0.7525773195876289,3.0416666666666665,0.020618556701030927,3,44.0,1.0,0, 0, 0, 0, 0, 0,17,7,3,5,5,6,5,21,0,15,33,6,11,13,14,16,6,5,14,17,32,8,13,21,114,22,17,7,3,5,5,6,5,21,0,15,33,6,11,13,14,16,6,5,14,17,32,8,13,21,114,22,17,7,3,5,5,6,5,21,0,15,33,6,11,13,14,16,6,5,14,17,32,8,13,21,114,22,0,0,0,0,0,0,0,1,0,0,0,0,1,0,1,219
1397,0,6332.194833,1564.6730880000005,4785.532310000001,2346,0,0,1,0,1,1,1,0,0,0,0,0,0,0,0,1,0,0,0,0,0,0,0,0,0,1,0,0,0,1,1,1,0,0,14,57,43,0.7543859649122807,3.0714285714285716,0.07017543859649122,3,1.5,0.08771929824561403,1, 0, 0, 1, 0, 0,5,5,1,0,2,0,6,3,2,2,6,1,0,2,2,2,0,0,0,4,2,7,6,13,20,2,5,5,1,0,2,0,6,3,2,2,6,1,0,2,2,2,0,0,0,4,2,7,6,13,20,2,5,5,1,0,2,0,6,3,2,2,6,1,0,2,2,2,0,0,0,4,2,7,6,13,20,2,0,0,0,0,0,0,0,1,0,0,0,0,1,0,1,43
1398,0,28139.083268,7304.583148,20852.51068500001,289,1,0,0,0,1,1,1,0,0,0,0,0,0,0,0,1,0,0,0,0,0,0,0,0,0,1,0,0,0,1,1,1,0,0,63,252,189,0.75,3.0,0.011904761904761904,0,0,1.0,0, 0, 0, 0, 0, 0,33,14,14,2,2,6,12,10,5,9,19,5,4,8,10,9,10,4,6,7,18,26,19,45,82,19,33,14,14,2,2,6,12,10,5,9,19,5,4,8,10,9,10,4,6,7,18,26,19,45,82,19,33,14,14,2,2,6,12,10,5,9,19,5,4,8,10,9,10,4,6,7,18,26,19,45,82,19,0,0,0,0,0,0,0,1,0,0,0,0,1,0,1,189
1399,0,11006.744515000002,2774.498229,8250.256850999996,4,1,1,0,1,0,0,0,1,0,0,0,0,0,0,0,1,0,0,0,0,0,0,0,0,0,1,0,0,0,1,1,1,0,0,24,98,74,0.7551020408163265,3.0833333333333335,0.01020408163265306,0,0,1.0,0, 0, 0, 0, 0, 0,11,4,8,1,1,4,4,3,0,5,8,3,0,3,3,4,0,2,3,7,8,12,7,19,34,4,11,4,8,1,1,4,4,3,0,5,8,3,0,3,3,4,0,2,3,7,8,12,7,19,34,4,11,4,8,1,1,4,4,3,0,5,8,3,0,3,3,4,0,2,3,7,8,12,7,19,34,4,0,0,0,0,0,0,0,1,0,0,0,0,1,0,1,74
1400,0,25086.14765099999,6568.378807,18535.779409000006,102,1,1,0,0,1,0,1,0,0,0,0,0,0,0,0,1,0,0,0,0,0,0,0,0,0,1,0,0,0,1,1,1,0,0,56,225,169,0.7511111111111111,3.017857142857143,0.008888888888888889,2,1.0,1.0,0, 0, 0, 0, 0, 0,32,16,6,5,1,6,16,9,3,11,16,7,5,3,8,6,5,3,2,9,8,22,23,45,82,11,32,16,6,5,1,6,16,9,3,11,16,7,5,3,8,6,5,3,2,9,8,22,23,45,82,11,32,16,6,5,1,6,16,9,3,11,16,7,5,3,8,6,5,3,2,9,8,22,23,45,82,11,0,0,0,0,0,0,0,1,0,0,0,0,1,0,1,169
1401,0,20881.889489000023,5164.822322000001,15735.077732000005,915,0,0,0,1,0,0,0,1,0,0,0,0,0,0,0,1,0,0,0,0,0,0,0,0,0,1,0,0,0,1,1,1,0,0,48,195,147,0.7538461538461538,3.0625,0.005128205128205128,1,0,1.0,0, 0, 0, 0, 0, 0,19,10,7,4,1,2,10,17,9,11,13,4,2,4,8,6,8,0,5,7,9,17,14,31,69,14,19,10,7,4,1,2,10,17,9,11,13,4,2,4,8,6,8,0,5,7,9,17,14,31,69,14,19,10,7,4,1,2,10,17,9,11,13,4,2,4,8,6,8,0,5,7,9,17,14,31,69,14,0,0,0,0,0,0,0,1,0,0,0,0,1,0,1,147
1402,0,30035.466220000002,7297.9522149999975,22755.524569999998,6947,0,0,1,1,0,0,0,1,0,0,0,0,0,0,0,1,0,0,0,0,0,0,0,0,0,1,0,0,0,1,1,1,0,0,71,286,215,0.7517482517482518,3.028169014084507,0.0034965034965034965,1,0,1.0,0, 0, 0, 0, 0, 0,26,10,1,6,1,6,2,20,0,16,38,0,16,7,11,10,14,4,4,23,15,3,10,13,139,24,26,10,1,6,1,6,2,20,0,16,38,0,16,7,11,10,14,4,4,23,15,3,10,13,139,24,26,10,1,6,1,6,2,20,0,16,38,0,16,7,11,10,14,4,4,23,15,3,10,13,139,24,0,0,0,0,0,0,0,1,0,0,0,0,1,0,1,215
1404,0,15432.829280000009,3839.883738000001,11610.956107000004,8564,0,0,1,0,1,1,1,0,0,0,0,1,0,0,1,1,0,0,0,0,0,0,0,0,0,0,0,1,1,0,1,1,0,0,33,133,100,0.7518796992481203,3.0303030303030303,0.03759398496240601,3,30.0,1.0,1, 0, 0, 0, 0, 0,8,13,5,2,4,5,8,4,4,3,14,2,2,0,5,6,4,3,2,6,5,13,15,28,37,10,8,13,5,2,4,5,8,4,4,3,14,2,2,0,5,6,4,3,2,6,5,13,15,28,37,10,8,13,5,2,4,5,8,4,4,3,14,2,2,0,5,6,4,3,2,6,5,13,15,28,37,10,0,0,0,0,0,0,1,0,0,1,1,1,0,1,1,100
1405,0,12174.337429,3204.5556770000003,8987.792317000003,8417,0,0,1,0,1,0,1,0,0,0,0,0,0,0,0,1,0,0,0,0,0,0,0,0,0,0,0,1,1,0,1,1,0,0,29,116,87,0.75,3.0,0.017241379310344827,2,37.0,1.0,0, 0, 0, 0, 0, 0,16,5,4,1,1,6,0,6,3,8,6,2,1,2,5,9,2,0,2,8,4,4,7,11,45,11,16,5,4,1,1,6,0,6,3,8,6,2,1,2,5,9,2,0,2,8,4,4,7,11,45,11,16,5,4,1,1,6,0,6,3,8,6,2,1,2,5,9,2,0,2,8,4,4,7,11,45,11,0,0,0,0,0,0,1,0,0,1,1,1,0,1,1,87
1406,0,26720.516196000022,6787.517786000002,19951.008975,7701,0,0,1,0,1,1,1,0,0,0,0,0,0,0,1,1,0,0,0,0,0,0,0,0,0,0,0,1,1,0,1,1,0,0,59,237,178,0.7510548523206751,3.016949152542373,0.012658227848101266,2,80.0,1.0,0, 0, 0, 0, 0, 0,13,15,10,4,3,9,11,13,2,5,14,7,9,6,11,15,5,4,4,18,14,21,22,43,72,20,13,15,10,4,3,9,11,13,2,5,14,7,9,6,11,15,5,4,4,18,14,21,22,43,72,20,13,15,10,4,3,9,11,13,2,5,14,7,9,6,11,15,5,4,4,18,14,21,22,43,72,20,0,0,0,0,0,0,1,0,0,1,1,1,0,1,1,178
1408,0,10430.355147,2821.448619999999,7626.917092000001,29,1,1,0,0,1,0,0,1,0,0,0,0,0,0,0,1,0,0,0,0,0,0,0,0,0,0,0,1,1,0,1,1,0,0,23,92,69,0.75,3.0,0.010869565217391304,0,0,1.0,0, 0, 0, 0, 0, 0,6,4,3,2,1,2,9,5,1,6,7,1,1,3,2,5,1,1,1,8,5,12,5,17,33,6,6,4,3,2,1,2,9,5,1,6,7,1,1,3,2,5,1,1,1,8,5,12,5,17,33,6,6,4,3,2,1,2,9,5,1,6,7,1,1,3,2,5,1,1,1,8,5,12,5,17,33,6,0,0,0,0,0,0,1,0,0,1,1,1,0,1,1,69
1409,0,29240.576597999996,7253.521441999998,22005.06572100002,366,1,0,0,0,1,0,1,0,0,0,0,0,0,0,0,1,0,0,0,0,0,0,0,0,0,0,0,1,1,0,1,1,0,0,62,250,188,0.752,3.032258064516129,0.008,0,0,1.0,0, 0, 0, 0, 0, 0,16,19,14,3,1,8,15,9,7,9,18,5,5,6,7,12,8,7,7,12,20,29,24,53,69,20,16,19,14,3,1,8,15,9,7,9,18,5,5,6,7,12,8,7,7,12,20,29,24,53,69,20,16,19,14,3,1,8,15,9,7,9,18,5,5,6,7,12,8,7,7,12,20,29,24,53,69,20,0,0,0,0,0,0,1,0,0,1,1,1,0,1,1,188
1410,0,9975.014907,2408.180308,7584.845164000004,317,1,0,0,0,1,1,1,0,0,0,0,0,0,0,1,1,0,0,0,0,0,0,0,0,0,0,0,1,1,0,1,1,0,0,21,84,63,0.75,3.0,0.03571428571428571,0,0,1.0,0, 0, 0, 0, 0, 0,3,7,3,3,2,5,3,2,1,1,5,3,1,4,4,3,2,2,3,6,9,6,10,16,18,5,3,7,3,3,2,5,3,2,1,1,5,3,1,4,4,3,2,2,3,6,9,6,10,16,18,5,3,7,3,3,2,5,3,2,1,1,5,3,1,4,4,3,2,2,3,6,9,6,10,16,18,5,0,0,0,0,0,0,1,0,0,1,1,1,0,1,1,63
1411,0,10830.594538,2862.372068,7986.233035000005,32,1,1,0,0,1,0,1,0,0,0,0,0,0,0,0,1,0,0,0,0,0,0,0,0,0,0,0,1,1,0,1,1,0,0,24,97,73,0.7525773195876289,3.0416666666666665,0.020618556701030927,0,0,1.0,0, 0, 0, 0, 0, 0,7,4,5,3,1,4,4,7,2,6,8,5,0,1,1,4,2,1,2,6,4,9,9,18,34,6,7,4,5,3,1,4,4,7,2,6,8,5,0,1,1,4,2,1,2,6,4,9,9,18,34,6,7,4,5,3,1,4,4,7,2,6,8,5,0,1,1,4,2,1,2,6,4,9,9,18,34,6,0,0,0,0,0,0,1,0,0,1,1,1,0,1,1,73
1412,0,19050.206122999985,4779.508659999999,14288.70802799999,84,1,1,0,1,0,0,0,1,0,0,0,0,0,0,0,1,0,0,0,0,0,0,0,0,0,0,0,1,1,0,1,1,0,0,41,167,126,0.7544910179640718,3.073170731707317,0.005988023952095809,0,0,1.0,0, 0, 0, 0, 0, 0,8,8,3,3,1,3,4,11,5,7,25,3,5,7,4,8,6,6,1,8,14,7,11,18,64,14,8,8,3,3,1,3,4,11,5,7,25,3,5,7,4,8,6,6,1,8,14,7,11,18,64,14,8,8,3,3,1,3,4,11,5,7,25,3,5,7,4,8,6,6,1,8,14,7,11,18,64,14,0,0,0,0,0,0,1,0,0,1,1,1,0,1,1,126
1415,0,20983.172487,5085.366359999999,15915.816691999993,4412,0,0,1,0,1,1,1,0,0,0,1,0,0,0,0,1,0,0,0,0,0,0,0,0,0,0,0,0,0,0,1,1,0,0,47,188,141,0.75,3.0,0.02127659574468085,1,0,0.34574468085106386,0, 2, 0, 0, 0, 0,18,10,10,7,2,9,9,7,2,4,11,9,6,7,8,8,4,0,6,4,13,19,19,38,50,12,18,10,10,7,2,9,9,7,2,4,11,9,6,7,8,8,4,0,6,4,13,19,19,38,50,12,18,10,10,7,2,9,9,7,2,4,11,9,6,7,8,8,4,0,6,4,13,19,19,38,50,12,0,0,0,0,0,0,0,0,0,0,0,0,0,1,1,141
1417,0,2935.4944459999997,732.36288,2221.1421309999996,2218,0,0,1,1,0,0,0,1,0,0,0,0,0,0,1,1,0,0,0,0,0,0,0,0,0,0,0,0,0,0,1,1,0,0,6,26,20,0.7692307692307693,3.3333333333333335,0.038461538461538464,2,1.0,1.0,0, 0, 0, 0, 0, 0,3,1,0,1,1,0,2,1,0,2,0,2,2,0,1,0,0,0,1,3,1,2,3,5,11,0,3,1,0,1,1,0,2,1,0,2,0,2,2,0,1,0,0,0,1,3,1,2,3,5,11,0,3,1,0,1,1,0,2,1,0,2,0,2,2,0,1,0,0,0,1,3,1,2,3,5,11,0,0,0,0,0,0,0,0,0,0,0,0,0,0,1,1,20
1418,0,29238.844928999988,6983.503479999999,22273.35201400001,342,1,0,0,1,0,0,0,1,0,0,0,0,0,0,0,1,0,0,0,0,0,0,0,0,0,0,0,0,0,0,1,1,0,0,64,259,195,0.752895752895753,3.046875,0.003861003861003861,0,0,1.0,0, 0, 0, 0, 0, 0,18,16,13,5,1,4,14,11,8,12,16,7,2,9,9,11,12,3,10,14,22,27,23,50,73,23,18,16,13,5,1,4,14,11,8,12,16,7,2,9,9,11,12,3,10,14,22,27,23,50,73,23,18,16,13,5,1,4,14,11,8,12,16,7,2,9,9,11,12,3,10,14,22,27,23,50,73,23,0,0,0,0,0,0,0,0,0,0,0,0,0,1,1,195
1419,0,11376.954065000002,2841.56605,8553.398580000001,4,1,1,0,1,0,0,0,1,0,0,0,0,0,0,0,1,0,0,0,0,0,0,0,0,0,0,0,0,0,0,1,1,0,0,25,103,78,0.7572815533980582,3.12,0.009708737864077669,0,0,1.0,0, 0, 0, 0, 0, 0,13,6,8,0,1,4,7,2,0,3,9,2,2,1,2,3,4,1,1,9,3,15,8,23,38,7,13,6,8,0,1,4,7,2,0,3,9,2,2,1,2,3,4,1,1,9,3,15,8,23,38,7,13,6,8,0,1,4,7,2,0,3,9,2,2,1,2,3,4,1,1,9,3,15,8,23,38,7,0,0,0,0,0,0,0,0,0,0,0,0,0,1,1,78
1422,0,24249.277187999993,5706.099304999998,18561.188448000008,4955,0,0,1,0,1,0,1,0,0,0,0,0,0,0,1,1,0,0,0,0,0,0,0,0,0,1,0,0,0,1,1,1,0,0,53,212,159,0.75,3.0,0.009433962264150943,0,0,1.0,0, 0, 0, 0, 0, 0,18,23,15,1,1,5,26,5,0,5,17,1,6,6,5,6,8,3,0,8,9,41,24,65,59,14,18,23,15,1,1,5,26,5,0,5,17,1,6,6,5,6,8,3,0,8,9,41,24,65,59,14,18,23,15,1,1,5,26,5,0,5,17,1,6,6,5,6,8,3,0,8,9,41,24,65,59,14,0,0,0,0,0,0,0,1,0,0,0,0,1,1,1,159
1423,0,31042.095930000018,7311.8070999999945,23748.299395000016,4107,0,0,1,0,1,0,1,0,0,0,0,0,0,0,0,1,0,0,0,0,0,0,0,0,0,1,0,0,0,1,1,1,0,0,70,283,213,0.7526501766784452,3.0428571428571427,0.007067137809187279,1,0,1.0,0, 0, 0, 0, 0, 0,18,21,16,5,1,5,14,15,3,10,20,2,4,3,17,9,11,4,9,26,16,30,23,53,93,20,18,21,16,5,1,5,14,15,3,10,20,2,4,3,17,9,11,4,9,26,16,30,23,53,93,20,18,21,16,5,1,5,14,15,3,10,20,2,4,3,17,9,11,4,9,26,16,30,23,53,93,20,0,0,0,0,0,0,0,1,0,0,0,0,1,1,1,213
1424,0,18651.061682000003,4374.3773519999995,14294.694895000008,3537,0,0,1,1,0,0,1,0,0,0,1,0,0,0,0,1,0,0,0,0,0,0,0,0,0,1,0,0,0,1,1,1,0,0,44,176,132,0.75,3.0,0.011363636363636364,1,0,0.6022727272727273,0, 1, 0, 0, 0, 0,17,10,10,3,2,4,14,15,2,6,4,2,5,5,8,7,4,1,5,8,11,24,12,36,55,11,17,10,10,3,2,4,14,15,2,6,4,2,5,5,8,7,4,1,5,8,11,24,12,36,55,11,17,10,10,3,2,4,14,15,2,6,4,2,5,5,8,7,4,1,5,8,11,24,12,36,55,11,0,0,0,0,0,0,0,1,0,0,0,0,1,1,1,132
1425,0,29392.899362999993,7192.550473999996,22218.359454000012,279,1,0,0,0,1,0,1,0,0,0,0,0,0,0,0,1,0,0,0,0,0,0,0,0,0,1,0,0,0,1,1,1,0,0,64,259,195,0.752895752895753,3.046875,0.007722007722007722,0,0,1.0,0, 0, 0, 0, 0, 0,23,19,16,2,2,8,11,13,8,7,23,4,2,5,8,6,11,7,7,13,19,27,23,50,81,17,23,19,16,2,2,8,11,13,8,7,23,4,2,5,8,6,11,7,7,13,19,27,23,50,81,17,23,19,16,2,2,8,11,13,8,7,23,4,2,5,8,6,11,7,7,13,19,27,23,50,81,17,0,0,0,0,0,0,0,1,0,0,0,0,1,1,1,195
1426,0,10549.226083000007,2700.3376860000003,7866.898962,8,1,1,0,0,1,0,0,1,0,0,0,0,0,0,0,1,0,0,0,0,0,0,0,0,0,1,0,0,0,1,1,1,0,0,24,96,72,0.75,3.0,0.010416666666666666,0,0,1.0,0, 0, 0, 0, 0, 0,13,3,7,2,0,7,4,4,5,4,7,0,1,1,2,2,1,1,2,6,4,11,3,14,35,3,13,3,7,2,0,7,4,4,5,4,7,0,1,1,2,2,1,1,2,6,4,11,3,14,35,3,13,3,7,2,0,7,4,4,5,4,7,0,1,1,2,2,1,1,2,6,4,11,3,14,35,3,0,0,0,0,0,0,0,1,0,0,0,0,1,1,1,72
1427,0,29206.697773000025,7280.554802,21944.153536000013,177,1,0,0,0,1,1,1,0,0,1,0,0,1,0,0,1,0,0,0,0,0,0,0,0,0,1,0,0,0,1,1,1,0,0,68,274,206,0.7518248175182481,3.0294117647058822,0.01824817518248175,2,1.0,0.7335766423357665,0, 0, 1, 0, 0, 0,18,7,11,6,5,6,13,26,5,18,12,10,5,10,7,9,10,2,4,22,16,24,17,41,101,19,18,7,11,6,5,6,13,26,5,18,12,10,5,10,7,9,10,2,4,22,16,24,17,41,101,19,18,7,11,6,5,6,13,26,5,18,12,10,5,10,7,9,10,2,4,22,16,24,17,41,101,19,0,0,0,0,0,0,0,1,0,0,0,0,1,1,1,206
1428,0,26220.480884000004,6389.969890000004,19848.52155899999,1133,0,0,1,1,0,1,1,0,1,0,1,1,0,0,1,1,0,0,0,0,0,0,0,0,0,1,0,0,0,1,1,1,0,1,61,245,184,0.7510204081632653,3.0163934426229506,0.036734693877551024,6,21.0,0.37142857142857144,1, 2, 0, 1, 1, 0,15,7,14,7,9,2,11,15,11,7,12,9,4,6,12,13,10,2,2,16,10,25,16,41,69,23,15,7,14,7,9,2,11,15,11,7,12,9,4,6,12,13,10,2,2,16,10,25,16,41,69,23,15,7,14,7,9,2,11,15,11,7,12,9,4,6,12,13,10,2,2,16,10,25,16,41,69,23,0,0,0,0,0,0,0,1,0,0,0,0,1,1,1,184
1430,0,16815.441533000012,4217.078622,12616.373475999995,1961,0,0,1,0,1,0,1,0,0,0,0,0,0,0,0,1,0,0,0,0,0,0,0,0,0,1,0,0,0,1,1,1,0,0,37,151,114,0.7549668874172185,3.081081081081081,0.013245033112582781,0,0,1.0,0, 0, 0, 0, 0, 0,12,8,9,2,2,3,8,6,4,2,12,3,4,8,8,6,3,0,1,13,9,17,11,28,49,9,12,8,9,2,2,3,8,6,4,2,12,3,4,8,8,6,3,0,1,13,9,17,11,28,49,9,12,8,9,2,2,3,8,6,4,2,12,3,4,8,8,6,3,0,1,13,9,17,11,28,49,9,0,0,0,0,0,0,0,1,0,0,0,0,1,1,1,114
1431,0,30688.760052999976,7912.224597000002,22794.546021000006,2472,0,0,1,1,0,1,1,0,0,0,0,0,0,0,1,1,0,0,0,0,0,0,0,0,0,1,0,0,0,1,1,1,0,0,70,283,213,0.7526501766784452,3.0428571428571427,0.0176678445229682,2,1.0,1.0,0, 0, 0, 0, 0, 1,32,14,8,2,5,6,17,13,14,8,23,2,5,3,14,18,5,2,3,19,8,25,16,41,100,23,32,14,8,2,5,6,17,13,14,8,23,2,5,3,14,18,5,2,3,19,8,25,16,41,100,23,32,14,8,2,5,6,17,13,14,8,23,2,5,3,14,18,5,2,3,19,8,25,16,41,100,23,0,0,0,0,0,0,0,1,0,0,0,0,1,1,1,213
1433,0,28057.481295000012,6490.432243999999,21585.05961600002,5330,0,0,1,1,0,1,1,0,0,1,0,0,0,0,0,1,0,0,0,0,0,0,0,0,0,1,0,0,0,1,1,1,0,0,63,255,192,0.7529411764705882,3.0476190476190474,0.01568627450980392,1,0,0.6039215686274509,0, 0, 1, 0, 0, 0,19,19,8,3,4,17,12,14,6,9,20,6,9,3,7,9,9,1,5,12,9,20,25,45,83,18,19,19,8,3,4,17,12,14,6,9,20,6,9,3,7,9,9,1,5,12,9,20,25,45,83,18,19,19,8,3,4,17,12,14,6,9,20,6,9,3,7,9,9,1,5,12,9,20,25,45,83,18,0,0,0,0,0,0,0,1,0,0,0,0,1,1,1,192
1437,0,10037.783247000005,2628.136662,7427.657149999997,2045,0,0,1,0,1,1,1,0,1,0,1,0,0,0,0,1,0,0,0,0,0,1,0,0,1,0,0,0,0,0,1,1,0,1,23,93,70,0.7526881720430108,3.0434782608695654,0.06451612903225806,2,47.0,0.27956989247311825,0, 1, 0, 0, 1, 1,3,3,2,3,5,3,2,8,1,1,4,5,2,5,10,5,2,0,0,6,5,4,8,12,24,7,3,3,2,3,5,3,2,8,1,1,4,5,2,5,10,5,2,0,0,6,5,4,8,12,24,7,3,3,2,3,5,3,2,8,1,1,4,5,2,5,10,5,2,0,0,6,5,4,8,12,24,7,1,0,0,1,0,0,1,0,0,0,0,0,0,1,1,70
1439,0,10796.554195999997,2962.4449309999995,7852.119829999996,50,1,1,0,0,1,0,0,1,0,0,0,0,0,0,0,1,0,0,0,0,0,1,0,0,1,0,0,0,0,0,1,1,0,0,23,94,71,0.7553191489361702,3.0869565217391304,0.0,0,0,1.0,0, 0, 0, 0, 0, 0,6,1,5,3,0,4,5,6,2,7,7,6,3,2,4,1,2,1,1,5,4,10,7,17,34,3,6,1,5,3,0,4,5,6,2,7,7,6,3,2,4,1,2,1,1,5,4,10,7,17,34,3,6,1,5,3,0,4,5,6,2,7,7,6,3,2,4,1,2,1,1,5,4,10,7,17,34,3,1,0,0,1,0,0,1,0,0,0,0,0,0,1,1,71
1440,0,29160.575312999994,7234.539909999999,21944.04596800002,231,1,0,0,0,1,0,0,1,0,0,0,0,0,0,1,1,0,0,0,0,0,1,0,0,1,0,0,0,0,0,1,1,0,0,62,251,189,0.7529880478087649,3.0483870967741935,0.00398406374501992,0,0,1.0,0, 0, 0, 0, 0, 0,17,17,13,4,1,14,12,11,7,10,22,2,4,5,10,10,7,7,8,8,20,25,19,44,72,17,17,17,13,4,1,14,12,11,7,10,22,2,4,5,10,10,7,7,8,8,20,25,19,44,72,17,17,17,13,4,1,14,12,11,7,10,22,2,4,5,10,10,7,7,8,8,20,25,19,44,72,17,1,0,0,1,0,0,1,0,0,0,0,0,0,1,1,189
1441,0,4653.541692999999,1033.624574,3637.9276839999993,4541,0,0,1,1,0,0,0,1,0,0,0,0,0,0,0,1,0,0,0,0,0,1,0,0,1,0,0,0,0,0,1,1,0,0,9,39,30,0.7692307692307693,3.3333333333333335,0.02564102564102564,0,0,1.0,0, 0, 0, 0, 0, 0,4,6,1,1,1,2,2,0,1,0,4,0,0,2,1,1,1,1,0,2,3,3,6,9,10,2,4,6,1,1,1,2,2,0,1,0,4,0,0,2,1,1,1,1,0,2,3,3,6,9,10,2,4,6,1,1,1,2,2,0,1,0,4,0,0,2,1,1,1,1,0,2,3,3,6,9,10,2,1,0,0,1,0,0,1,0,0,0,0,0,0,1,1,30
1442,0,28721.310703000006,6880.408481999997,21858.912785999997,4699,0,0,1,0,1,1,1,0,1,0,0,0,0,0,0,1,0,0,0,0,0,1,0,0,1,0,0,0,0,0,1,1,0,0,66,264,198,0.75,3.0,0.03409090909090909,3,7.5,0.1856060606060606,0, 0, 0, 0, 1, 0,25,15,14,8,7,6,9,13,3,9,25,2,2,6,8,10,10,1,13,12,20,23,17,40,86,20,25,15,14,8,7,6,9,13,3,9,25,2,2,6,8,10,10,1,13,12,20,23,17,40,86,20,25,15,14,8,7,6,9,13,3,9,25,2,2,6,8,10,10,1,13,12,20,23,17,40,86,20,1,0,0,1,0,0,1,0,0,0,0,0,0,1,1,198
1443,0,16635.921863,4184.256193,12469.676234999994,7340,0,0,1,1,0,0,0,1,0,0,0,0,0,0,0,1,0,0,0,0,0,1,0,0,1,0,0,0,0,0,1,1,0,0,38,153,115,0.7516339869281046,3.026315789473684,0.006535947712418301,1,0,1.0,0, 0, 0, 0, 0, 0,6,10,6,0,1,9,5,11,0,6,13,4,1,1,3,12,9,1,3,14,5,11,14,25,51,21,6,10,6,0,1,9,5,11,0,6,13,4,1,1,3,12,9,1,3,14,5,11,14,25,51,21,6,10,6,0,1,9,5,11,0,6,13,4,1,1,3,12,9,1,3,14,5,11,14,25,51,21,1,0,0,1,0,0,1,0,0,0,0,0,0,1,1,115
1445,0,27398.25244099999,6834.492199,20581.770806999994,1108,0,0,1,0,1,1,1,0,0,0,0,0,0,0,0,1,0,0,0,0,0,0,0,0,0,0,0,1,0,0,1,1,0,0,65,261,196,0.7509578544061303,3.0153846153846153,0.01532567049808429,0,0,1.0,0, 0, 0, 0, 0, 0,28,4,9,9,2,11,9,19,3,18,15,11,4,9,5,8,11,0,4,17,13,18,15,33,101,19,28,4,9,9,2,11,9,19,3,18,15,11,4,9,5,8,11,0,4,17,13,18,15,33,101,19,28,4,9,9,2,11,9,19,3,18,15,11,4,9,5,8,11,0,4,17,13,18,15,33,101,19,0,0,0,0,0,0,0,0,0,1,0,1,0,1,1,196
1447,0,28926.30881299999,7221.493889,21722.82548900001,268,1,0,0,0,1,1,1,0,1,0,0,0,0,0,0,1,0,0,0,0,0,0,0,0,0,0,0,1,0,0,1,1,0,0,62,251,189,0.7529880478087649,3.0483870967741935,0.0199203187250996,3,60.0,0.44223107569721115,0, 0, 0, 0, 1, 0,20,15,13,5,4,10,9,11,9,10,20,4,6,5,7,7,11,7,7,9,19,22,19,41,76,18,20,15,13,5,4,10,9,11,9,10,20,4,6,5,7,7,11,7,7,9,19,22,19,41,76,18,20,15,13,5,4,10,9,11,9,10,20,4,6,5,7,7,11,7,7,9,19,22,19,41,76,18,0,0,0,0,0,0,0,0,0,1,0,1,0,1,1,189
1448,0,14450.558783999999,3445.8141870000004,11022.755162000005,8429,0,0,1,0,1,0,1,0,0,0,0,0,0,0,0,1,0,0,0,0,0,0,0,0,0,0,0,1,0,0,1,1,0,0,30,122,92,0.7540983606557377,3.066666666666667,0.01639344262295082,0,0,1.0,0, 0, 0, 0, 0, 0,4,9,8,1,1,5,6,2,5,6,13,4,1,4,4,6,1,0,6,6,10,14,13,27,32,7,4,9,8,1,1,5,6,2,5,6,13,4,1,4,4,6,1,0,6,6,10,14,13,27,32,7,4,9,8,1,1,5,6,2,5,6,13,4,1,4,4,6,1,0,6,6,10,14,13,27,32,7,0,0,0,0,0,0,0,0,0,1,0,1,0,1,1,92
1453,0,27459.918799999992,6862.398568999998,20615.530796,257,1,0,0,0,1,1,1,0,0,0,0,0,0,0,1,1,0,0,0,0,0,0,0,0,0,0,0,0,0,0,1,1,0,0,59,239,180,0.7531380753138075,3.0508474576271185,0.016736401673640166,0,0,1.0,0, 0, 0, 0, 0, 0,17,20,12,2,3,5,15,10,5,9,19,3,2,6,8,8,15,5,5,11,16,27,23,50,68,23,17,20,12,2,3,5,15,10,5,9,19,3,2,6,8,8,15,5,5,11,16,27,23,50,68,23,17,20,12,2,3,5,15,10,5,9,19,3,2,6,8,8,15,5,5,11,16,27,23,50,68,23,0,0,0,0,0,0,0,0,0,0,0,0,0,1,1,180
1454,0,11016.612345999998,2822.4578199999996,8212.165091,8,1,1,0,1,0,0,0,1,0,0,0,0,0,0,0,1,0,0,0,0,0,0,0,0,0,0,0,0,0,0,1,1,0,0,24,98,74,0.7551020408163265,3.0833333333333335,0.01020408163265306,0,0,1.0,0, 0, 0, 0, 0, 0,8,7,7,1,1,2,6,7,2,6,6,1,1,1,1,2,4,1,3,7,5,13,8,21,35,6,8,7,7,1,1,2,6,7,2,6,6,1,1,1,1,2,4,1,3,7,5,13,8,21,35,6,8,7,7,1,1,2,6,7,2,6,6,1,1,1,1,2,4,1,3,7,5,13,8,21,35,6,0,0,0,0,0,0,0,0,0,0,0,0,0,1,1,74
1455,0,10272.205869999998,2654.3169519999997,7635.899483,8,1,1,0,1,0,0,0,1,0,0,0,0,0,0,0,1,0,0,0,0,0,0,0,0,0,0,0,0,0,0,1,1,0,0,23,92,69,0.75,3.0,0.010869565217391304,0,0,1.0,0, 0, 0, 0, 0, 0,6,6,6,1,1,2,6,7,2,6,6,1,1,1,1,2,4,1,2,7,4,12,7,19,33,6,6,6,6,1,1,2,6,7,2,6,6,1,1,1,1,2,4,1,2,7,4,12,7,19,33,6,6,6,6,1,1,2,6,7,2,6,6,1,1,1,1,2,4,1,2,7,4,12,7,19,33,6,0,0,0,0,0,0,0,0,0,0,0,0,0,1,1,69
1456,1,7626.258445999997,1846.8367019999994,5797.432308999998,4,1,1,0,0,1,1,1,0,1,0,1,1,0,0,0,1,0,0,0,0,0,0,0,0,0,0,0,0,0,0,1,1,0,1,17,68,51,0.75,3.0,0.1323529411764706,4,16.333333333333332,0.11764705882352941,1, 3, 0, 0, 2, 1,3,3,1,1,9,1,4,2,4,1,1,1,2,0,7,1,3,0,4,3,4,5,4,9,12,4,3,3,1,1,9,1,4,2,4,1,1,1,2,0,7,1,3,0,4,3,4,5,4,9,12,4,3,3,1,1,9,1,4,2,4,1,1,1,2,0,7,1,3,0,4,3,4,5,4,9,12,4,0,0,0,0,0,0,0,0,0,0,0,0,0,1,1,51
1457,0,17896.363273999992,4345.373454999999,13569.000383999997,1972,0,0,1,0,1,0,1,0,0,0,0,0,0,0,0,1,0,0,0,0,0,0,0,0,0,0,0,0,0,0,1,1,0,0,40,162,122,0.7530864197530864,3.05,0.012345679012345678,2,75.0,1.0,0, 0, 0, 0, 0, 0,13,10,4,2,1,3,6,8,4,3,10,5,6,8,7,7,9,0,4,12,12,10,15,25,52,16,13,10,4,2,1,3,6,8,4,3,10,5,6,8,7,7,9,0,4,12,12,10,15,25,52,16,13,10,4,2,1,3,6,8,4,3,10,5,6,8,7,7,9,0,4,12,12,10,15,25,52,16,0,0,0,0,0,0,0,0,0,0,0,0,0,1,1,122
1458,0,14455.153408999995,3422.8060599999994,11050.357913999995,5368,0,0,1,1,0,0,1,0,0,0,0,0,0,0,0,1,0,0,0,0,0,0,0,0,0,0,0,0,0,0,1,1,0,0,33,134,101,0.753731343283582,3.0606060606060606,0.014925373134328358,1,0,1.0,0, 0, 0, 0, 0, 0,8,3,9,7,2,5,4,6,1,6,3,3,2,2,8,3,11,2,4,12,8,13,6,19,37,14,8,3,9,7,2,5,4,6,1,6,3,3,2,2,8,3,11,2,4,12,8,13,6,19,37,14,8,3,9,7,2,5,4,6,1,6,3,3,2,2,8,3,11,2,4,12,8,13,6,19,37,14,0,0,0,0,0,0,0,0,0,0,0,0,0,1,1,101
1459,0,26629.25539500003,6546.352187999998,20100.913772000007,14251,0,0,1,0,1,1,1,0,0,0,0,0,1,0,0,1,0,0,0,0,0,0,0,0,0,0,0,0,0,0,1,1,0,0,63,254,191,0.7519685039370079,3.0317460317460316,0.011811023622047244,1,0,1.0,0, 0, 0, 0, 0, 0,32,7,6,10,2,8,11,20,6,10,11,4,3,5,17,8,11,5,6,9,16,17,11,28,85,19,32,7,6,10,2,8,11,20,6,10,11,4,3,5,17,8,11,5,6,9,16,17,11,28,85,19,32,7,6,10,2,8,11,20,6,10,11,4,3,5,17,8,11,5,6,9,16,17,11,28,85,19,0,0,0,0,0,0,0,0,0,0,0,0,0,1,1,191
1460,0,6538.2709939999995,1747.9297729999996,4808.351786000002,16408,0,0,1,0,1,1,1,0,0,0,0,0,0,0,0,1,0,0,0,0,0,0,0,0,0,0,0,0,0,0,1,1,0,0,15,60,45,0.75,3.0,0.05,2,14.0,1.0,0, 0, 0, 0, 0, 1,9,6,1,4,2,0,0,2,1,1,2,0,1,0,1,3,9,1,1,1,2,1,6,7,16,12,9,6,1,4,2,0,0,2,1,1,2,0,1,0,1,3,9,1,1,1,2,1,6,7,16,12,9,6,1,4,2,0,0,2,1,1,2,0,1,0,1,3,9,1,1,1,2,1,6,7,16,12,0,0,0,0,0,0,0,0,0,0,0,0,0,1,1,45
1462,0,7427.567592,1774.8195929999995,5670.758564000001,16591,0,0,1,1,0,0,1,0,0,0,0,0,0,0,0,1,0,0,0,0,0,0,0,0,0,0,0,0,0,0,1,1,0,0,18,72,54,0.75,3.0,0.027777777777777776,1,0,1.0,0, 0, 0, 0, 0, 0,7,5,1,4,2,0,1,4,0,3,3,0,3,0,3,6,8,1,1,2,2,2,5,7,22,14,7,5,1,4,2,0,1,4,0,3,3,0,3,0,3,6,8,1,1,2,2,2,5,7,22,14,7,5,1,4,2,0,1,4,0,3,3,0,3,0,3,6,8,1,1,2,2,2,5,7,22,14,0,0,0,0,0,0,0,0,0,0,0,0,0,1,1,54
1463,0,18850.460815000013,4795.407503,14073.063877000002,6633,0,0,1,0,1,1,1,0,0,0,0,0,0,0,0,1,0,0,0,0,0,1,0,0,1,0,0,0,0,0,1,1,0,0,41,166,125,0.7530120481927711,3.048780487804878,0.018072289156626505,1,0,1.0,0, 0, 0, 0, 0, 0,10,10,7,2,2,8,9,13,9,2,16,2,1,6,7,3,6,1,4,7,11,16,12,28,49,9,10,10,7,2,2,8,9,13,9,2,16,2,1,6,7,3,6,1,4,7,11,16,12,28,49,9,10,10,7,2,2,8,9,13,9,2,16,2,1,6,7,3,6,1,4,7,11,16,12,28,49,9,1,0,0,1,0,0,1,0,0,0,0,0,0,1,1,125
1465,0,22105.567722999996,5490.875555000002,16632.70273299998,5327,0,0,1,0,1,1,1,0,0,0,0,0,0,0,0,1,0,0,0,0,0,1,0,0,1,0,0,0,0,0,1,1,0,0,51,205,154,0.751219512195122,3.019607843137255,0.014634146341463415,1,0,1.0,0, 0, 0, 0, 0, 0,11,10,12,7,2,4,12,15,1,15,18,7,3,4,7,9,7,0,1,9,5,24,17,41,71,16,11,10,12,7,2,4,12,15,1,15,18,7,3,4,7,9,7,0,1,9,5,24,17,41,71,16,11,10,12,7,2,4,12,15,1,15,18,7,3,4,7,9,7,0,1,9,5,24,17,41,71,16,1,0,0,1,0,0,1,0,0,0,0,0,0,1,1,154
1466,0,18844.19813499999,4779.572044,14082.636656000011,4728,0,0,1,1,0,0,0,1,0,0,0,0,0,0,1,1,0,0,0,0,0,1,0,0,1,0,0,0,0,0,1,1,0,0,47,190,143,0.7526315789473684,3.0425531914893615,0.005263157894736842,0,0,1.0,0, 0, 0, 0, 0, 0,39,4,1,0,1,4,3,16,3,3,22,0,3,5,8,5,5,4,2,15,11,4,4,8,98,10,39,4,1,0,1,4,3,16,3,3,22,0,3,5,8,5,5,4,2,15,11,4,4,8,98,10,39,4,1,0,1,4,3,16,3,3,22,0,3,5,8,5,5,4,2,15,11,4,4,8,98,10,1,0,0,1,0,0,1,0,0,0,0,0,0,1,1,143
1467,0,29054.571172999993,7205.583447,21866.998291000014,264,1,0,0,0,1,0,0,1,0,0,0,0,0,0,1,1,0,0,0,0,0,1,0,0,1,0,0,0,0,0,1,1,0,0,62,250,188,0.752,3.032258064516129,0.004,0,0,1.0,0, 0, 0, 0, 0, 0,15,16,13,5,1,13,12,12,8,10,22,3,4,5,10,9,7,7,8,8,20,25,19,44,71,16,15,16,13,5,1,13,12,12,8,10,22,3,4,5,10,9,7,7,8,8,20,25,19,44,71,16,15,16,13,5,1,13,12,12,8,10,22,3,4,5,10,9,7,7,8,8,20,25,19,44,71,16,1,0,0,1,0,0,1,0,0,0,0,0,0,1,1,188
1468,0,10529.325633999999,2861.3819959999996,7685.954202999998,8,1,1,0,0,1,0,0,1,0,0,0,0,0,0,0,1,0,0,0,0,0,1,0,0,1,0,0,0,0,0,1,1,0,0,22,91,69,0.7582417582417582,3.1363636363636362,0.0,0,0,1.0,0, 0, 0, 0, 0, 0,5,3,4,3,0,6,6,6,0,7,8,2,2,2,3,4,1,1,2,4,5,10,5,15,32,5,5,3,4,3,0,6,6,6,0,7,8,2,2,2,3,4,1,1,2,4,5,10,5,15,32,5,5,3,4,3,0,6,6,6,0,7,8,2,2,2,3,4,1,1,2,4,5,10,5,15,32,5,1,0,0,1,0,0,1,0,0,0,0,0,0,1,1,69
1471,0,23596.42660999999,5428.804885,18185.63228999998,8442,0,0,1,0,1,1,1,0,0,0,0,0,0,0,1,1,0,0,0,0,0,1,0,0,1,0,0,0,0,0,1,1,0,0,56,226,170,0.7522123893805309,3.0357142857142856,0.01327433628318584,1,0,1.0,0, 0, 0, 0, 0, 0,24,10,8,7,3,6,13,12,4,8,30,3,2,3,10,7,6,2,1,11,6,21,13,34,87,13,24,10,8,7,3,6,13,12,4,8,30,3,2,3,10,7,6,2,1,11,6,21,13,34,87,13,24,10,8,7,3,6,13,12,4,8,30,3,2,3,10,7,6,2,1,11,6,21,13,34,87,13,1,0,0,1,0,0,1,0,0,0,0,0,0,1,1,170
1473,0,7297.692841999999,1655.8478590000002,5659.855548,10438,0,0,1,1,0,0,0,1,0,0,0,0,0,0,0,1,0,0,0,0,0,0,0,0,0,1,0,0,1,0,1,1,0,0,16,67,51,0.7611940298507462,3.1875,0.014925373134328358,0,0,1.0,0, 0, 0, 0, 0, 0,3,3,3,1,1,4,2,5,2,3,7,0,1,1,2,2,5,0,3,3,4,5,3,8,22,7,3,3,3,1,1,4,2,5,2,3,7,0,1,1,2,2,5,0,3,3,4,5,3,8,22,7,3,3,3,1,1,4,2,5,2,3,7,0,1,1,2,2,5,0,3,3,4,5,3,8,22,7,0,0,0,0,0,0,0,1,0,0,1,0,0,0,1,51
1474,0,30372.170614000006,7447.666548999999,22942.514630000005,9605,0,0,1,1,0,0,1,0,0,0,0,0,0,0,0,1,0,0,0,0,0,0,0,0,0,1,0,0,1,0,1,1,0,0,69,278,209,0.7517985611510791,3.028985507246377,0.007194244604316547,0,0,1.0,0, 0, 0, 0, 0, 0,22,16,14,7,2,3,12,17,7,9,23,3,9,5,14,14,7,3,7,15,15,26,19,45,95,21,22,16,14,7,2,3,12,17,7,9,23,3,9,5,14,14,7,3,7,15,15,26,19,45,95,21,22,16,14,7,2,3,12,17,7,9,23,3,9,5,14,14,7,3,7,15,15,26,19,45,95,21,0,0,0,0,0,0,0,1,0,0,1,0,0,0,1,209
1476,0,10969.903183999999,2595.464268,8392.449481,4,1,1,0,0,1,0,0,1,0,0,0,0,0,0,0,1,0,0,0,0,0,0,0,0,0,1,0,0,1,0,1,1,0,0,24,99,75,0.7575757575757576,3.125,0.0,0,0,1.0,0, 0, 0, 0, 0, 0,10,5,6,1,0,3,10,3,0,7,9,4,2,4,3,2,1,0,0,5,4,16,9,25,36,3,10,5,6,1,0,3,10,3,0,7,9,4,2,4,3,2,1,0,0,5,4,16,9,25,36,3,10,5,6,1,0,3,10,3,0,7,9,4,2,4,3,2,1,0,0,5,4,16,9,25,36,3,0,0,0,0,0,0,0,1,0,0,1,0,0,0,1,75
1477,0,29371.818608000012,7759.993177000002,21629.835995999998,292,1,0,0,0,1,1,1,0,0,0,0,0,0,0,0,1,0,0,0,0,0,0,0,0,0,1,0,0,1,0,1,1,0,0,66,264,198,0.75,3.0,0.015151515151515152,1,0,1.0,0, 0, 0, 0, 0, 0,28,13,19,5,3,4,11,16,6,7,22,7,3,8,8,9,8,4,5,12,17,30,20,50,88,17,28,13,19,5,3,4,11,16,6,7,22,7,3,8,8,9,8,4,5,12,17,30,20,50,88,17,28,13,19,5,3,4,11,16,6,7,22,7,3,8,8,9,8,4,5,12,17,30,20,50,88,17,0,0,0,0,0,0,0,1,0,0,1,0,0,0,1,198
1478,0,33119.230156000005,8183.444046999999,24953.796674000023,4077,0,0,1,1,0,1,1,0,0,0,0,0,0,0,1,1,0,0,0,0,0,0,0,0,0,1,0,0,1,0,1,1,0,0,74,297,223,0.7508417508417509,3.0135135135135136,0.010101010101010102,0,0,1.0,0, 0, 0, 0, 0, 0,16,18,17,4,3,8,13,21,6,19,18,7,5,9,13,10,8,3,8,17,20,30,25,55,96,18,16,18,17,4,3,8,13,21,6,19,18,7,5,9,13,10,8,3,8,17,20,30,25,55,96,18,16,18,17,4,3,8,13,21,6,19,18,7,5,9,13,10,8,3,8,17,20,30,25,55,96,18,0,0,0,0,0,0,0,1,0,0,1,0,0,0,1,223
1483,0,32048.366676000023,7846.848678000002,24219.528563000014,995,0,0,0,0,1,1,1,0,0,0,0,0,0,0,0,1,0,0,0,0,0,0,0,0,0,0,0,1,0,0,1,1,0,0,74,299,225,0.7525083612040134,3.0405405405405403,0.016722408026755852,4,2.0,0.9230769230769231,0, 1, 0, 1, 0, 0,30,20,22,4,1,4,12,20,7,7,28,4,1,3,17,7,14,4,4,16,11,34,24,58,102,21,30,20,22,4,1,4,12,20,7,7,28,4,1,3,17,7,14,4,4,16,11,34,24,58,102,21,30,20,22,4,1,4,12,20,7,7,28,4,1,3,17,7,14,4,4,16,11,34,24,58,102,21,0,0,0,0,0,0,0,0,0,1,0,0,0,0,1,225
1484,0,28007.467670999995,7318.740788999997,20706.737447000007,252,1,0,0,1,0,0,1,0,0,0,0,0,0,0,0,1,0,0,0,0,0,0,0,0,0,0,0,1,0,0,1,1,0,0,62,248,186,0.75,3.0,0.008064516129032258,0,0,1.0,0, 0, 0, 0, 0, 0,22,22,15,2,2,5,13,18,4,5,24,3,1,6,6,9,5,6,3,15,15,28,25,53,85,14,22,22,15,2,2,5,13,18,4,5,24,3,1,6,6,9,5,6,3,15,15,28,25,53,85,14,22,22,15,2,2,5,13,18,4,5,24,3,1,6,6,9,5,6,3,15,15,28,25,53,85,14,0,0,0,0,0,0,0,0,0,1,0,0,0,0,1,186
1485,0,9931.167579000003,2646.315892,7302.862252000001,4,1,1,0,1,0,0,0,1,0,0,0,0,0,0,0,1,0,0,0,0,0,0,0,0,0,0,0,1,0,0,1,1,0,0,22,88,66,0.75,3.0,0.011363636363636364,0,0,1.0,0, 0, 0, 0, 0, 0,7,10,7,0,1,0,4,6,0,3,10,0,1,1,4,2,4,1,1,4,3,11,10,21,31,6,7,10,7,0,1,0,4,6,0,3,10,0,1,1,4,2,4,1,1,4,3,11,10,21,31,6,7,10,7,0,1,0,4,6,0,3,10,0,1,1,4,2,4,1,1,4,3,11,10,21,31,6,0,0,0,0,0,0,0,0,0,1,0,0,0,0,1,66
1486,0,25860.166542000017,6219.214998999998,19658.962108000018,176,1,0,0,1,0,0,0,1,0,0,0,0,0,0,0,1,0,0,0,0,0,0,0,0,0,0,0,1,0,0,1,1,0,0,58,233,175,0.7510729613733905,3.0172413793103448,0.004291845493562232,0,0,1.0,0, 0, 0, 0, 0, 0,26,20,7,4,1,5,10,14,6,4,10,1,4,5,9,6,7,4,12,20,21,17,21,38,78,13,26,20,7,4,1,5,10,14,6,4,10,1,4,5,9,6,7,4,12,20,21,17,21,38,78,13,26,20,7,4,1,5,10,14,6,4,10,1,4,5,9,6,7,4,12,20,21,17,21,38,78,13,0,0,0,0,0,0,0,0,0,1,0,0,0,0,1,175
1488,0,20358.987516000005,5209.750103000001,15167.247978,7201,0,0,1,0,1,1,1,0,0,0,0,0,0,0,0,1,0,0,0,0,0,0,0,0,0,0,0,1,0,0,1,1,0,0,47,189,142,0.7513227513227513,3.021276595744681,0.015873015873015872,0,0,1.0,0, 0, 0, 0, 0, 0,13,8,13,7,3,2,6,17,6,4,9,2,5,8,3,8,9,1,2,16,11,19,10,29,64,17,13,8,13,7,3,2,6,17,6,4,9,2,5,8,3,8,9,1,2,16,11,19,10,29,64,17,13,8,13,7,3,2,6,17,6,4,9,2,5,8,3,8,9,1,2,16,11,19,10,29,64,17,0,0,0,0,0,0,0,0,0,1,0,0,0,0,1,142
1489,0,23111.733673000006,5768.803395000002,17360.940843,9438,0,0,1,0,1,1,1,0,0,0,0,0,0,0,0,1,0,0,0,0,0,0,0,0,0,0,0,1,0,0,1,1,0,0,54,219,165,0.7534246575342466,3.0555555555555554,0.0136986301369863,2,1.0,1.0,0, 0, 0, 0, 0, 0,30,10,15,0,0,1,12,12,4,2,24,2,2,3,14,5,10,2,4,13,9,27,12,39,83,15,30,10,15,0,0,1,12,12,4,2,24,2,2,3,14,5,10,2,4,13,9,27,12,39,83,15,30,10,15,0,0,1,12,12,4,2,24,2,2,3,14,5,10,2,4,13,9,27,12,39,83,15,0,0,0,0,0,0,0,0,0,1,0,0,0,0,1,165
1492,0,31708.600895000047,8051.185879999999,23675.42558000001,2880,0,0,1,0,1,1,1,0,0,0,0,0,0,0,0,1,0,0,0,0,0,0,0,0,0,0,0,1,0,0,1,1,0,0,70,281,211,0.7508896797153025,3.0142857142857142,0.017793594306049824,3,28.5,1.0,0, 0, 0, 0, 0, 0,20,23,15,3,4,6,11,15,6,16,21,3,4,8,19,6,7,3,5,16,16,26,26,52,92,13,20,23,15,3,4,6,11,15,6,16,21,3,4,8,19,6,7,3,5,16,16,26,26,52,92,13,20,23,15,3,4,6,11,15,6,16,21,3,4,8,19,6,7,3,5,16,16,26,26,52,92,13,0,0,0,0,0,1,0,0,0,1,0,1,0,1,1,211
1493,0,29043.28052700002,7139.854119999996,21921.436971999996,2880,0,0,1,0,1,1,1,0,0,0,0,0,0,0,0,1,0,0,0,0,0,0,0,0,0,0,0,1,0,0,1,1,0,0,64,259,195,0.752895752895753,3.046875,0.019305019305019305,3,28.5,1.0,0, 0, 0, 0, 0, 0,18,20,15,3,4,6,10,13,5,15,19,3,3,8,17,6,7,3,5,15,16,25,23,48,83,13,18,20,15,3,4,6,10,13,5,15,19,3,3,8,17,6,7,3,5,15,16,25,23,48,83,13,18,20,15,3,4,6,10,13,5,15,19,3,3,8,17,6,7,3,5,15,16,25,23,48,83,13,0,0,0,0,0,1,0,0,0,1,0,1,0,1,1,195
1494,0,13991.966920999994,3151.739574,10858.237912,2394,0,0,1,1,0,1,1,0,0,0,0,1,0,0,0,1,0,0,0,0,0,0,0,0,0,0,0,1,0,0,1,1,0,0,32,129,97,0.751937984496124,3.03125,0.031007751937984496,4,6.333333333333333,1.0,1, 0, 0, 0, 0, 0,10,8,10,2,4,3,6,9,3,5,7,5,4,2,4,1,5,0,5,4,7,16,13,29,39,6,10,8,10,2,4,3,6,9,3,5,7,5,4,2,4,1,5,0,5,4,7,16,13,29,39,6,10,8,10,2,4,3,6,9,3,5,7,5,4,2,4,1,5,0,5,4,7,16,13,29,39,6,0,0,0,0,0,1,0,0,0,1,0,1,0,1,1,97
1496,0,28652.761860000017,7138.81911,21531.953315000013,925,0,0,0,1,0,0,0,1,0,0,0,0,0,0,0,1,0,0,0,0,0,0,0,0,0,0,0,1,0,0,1,1,0,0,66,266,200,0.7518796992481203,3.0303030303030303,0.0037593984962406013,1,0,1.0,0, 0, 0, 0, 0, 0,23,10,14,5,1,7,6,14,6,4,17,8,5,8,14,9,23,1,6,19,15,20,18,38,82,32,23,10,14,5,1,7,6,14,6,4,17,8,5,8,14,9,23,1,6,19,15,20,18,38,82,32,23,10,14,5,1,7,6,14,6,4,17,8,5,8,14,9,23,1,6,19,15,20,18,38,82,32,0,0,0,0,0,1,0,0,0,1,0,1,0,1,1,200
1498,0,28568.766131999993,7237.707403999999,21349.069293,289,1,0,0,1,0,0,0,1,0,0,0,0,0,0,0,1,0,0,0,0,0,0,0,0,0,0,0,1,0,0,1,1,0,0,63,255,192,0.7529411764705882,3.0476190476190474,0.00392156862745098,0,0,1.0,0, 0, 0, 0, 0, 0,24,18,13,3,1,7,11,12,3,9,21,3,2,8,12,9,13,3,7,13,18,24,21,45,81,22,24,18,13,3,1,7,11,12,3,9,21,3,2,8,12,9,13,3,7,13,18,24,21,45,81,22,24,18,13,3,1,7,11,12,3,9,21,3,2,8,12,9,13,3,7,13,18,24,21,45,81,22,0,0,0,0,0,1,0,0,0,1,0,1,0,1,1,192
1499,0,2926.4464929999995,748.357795,2196.099263,2067,0,0,1,1,0,0,1,0,0,0,1,0,0,0,1,1,0,0,0,0,0,0,0,0,0,0,0,1,0,0,1,1,0,0,6,26,20,0.7692307692307693,3.3333333333333335,0.07692307692307693,2,1.0,0.19230769230769232,0, 1, 0, 0, 0, 0,3,0,0,1,2,0,3,1,0,3,1,2,1,0,0,0,0,0,1,2,1,3,2,5,11,0,3,0,0,1,2,0,3,1,0,3,1,2,1,0,0,0,0,0,1,2,1,3,2,5,11,0,3,0,0,1,2,0,3,1,0,3,1,2,1,0,0,0,0,0,1,2,1,3,2,5,11,0,0,0,0,0,0,1,0,0,0,1,0,1,0,1,1,20
1500,0,4123.084090000001,1001.5368210000003,3139.557834,2067,0,0,1,1,0,0,1,0,0,0,1,0,0,0,1,1,0,0,0,0,0,0,0,0,0,0,0,1,0,0,1,1,0,0,9,37,28,0.7567567567567568,3.111111111111111,0.05405405405405406,2,1.0,0.13513513513513514,0, 1, 0, 0, 0, 0,3,0,0,2,2,0,3,1,0,3,1,3,2,0,1,1,1,1,1,3,2,3,3,6,13,2,3,0,0,2,2,0,3,1,0,3,1,3,2,0,1,1,1,1,1,3,2,3,3,6,13,2,3,0,0,2,2,0,3,1,0,3,1,3,2,0,1,1,1,1,1,3,2,3,3,6,13,2,0,0,0,0,0,1,0,0,0,1,0,1,0,1,1,28
1501,0,30640.320738000024,7671.826415999999,22986.504887,8345,0,0,1,0,1,1,1,0,0,0,0,0,0,0,0,1,0,0,0,0,0,0,0,0,0,0,0,1,0,0,1,1,0,0,69,276,207,0.75,3.0,0.010869565217391304,2,1.0,1.0,0, 0, 0, 0, 0, 0,26,18,15,7,2,4,8,13,10,6,22,1,5,8,20,10,11,4,7,10,19,23,19,42,82,21,26,18,15,7,2,4,8,13,10,6,22,1,5,8,20,10,11,4,7,10,19,23,19,42,82,21,26,18,15,7,2,4,8,13,10,6,22,1,5,8,20,10,11,4,7,10,19,23,19,42,82,21,0,0,0,0,0,1,0,0,0,1,0,1,0,1,1,207
1504,0,12385.077721000003,3028.5619749999996,9374.526311000001,7143,0,0,1,1,0,1,1,0,0,0,0,1,0,0,0,1,0,0,0,0,0,0,0,0,0,0,0,1,0,0,1,1,0,0,28,114,86,0.7543859649122807,3.0714285714285716,0.03508771929824561,1,0,1.0,1, 0, 0, 0, 0, 0,11,5,6,1,4,1,6,5,1,4,6,5,3,3,1,8,7,0,4,5,7,12,10,22,34,15,11,5,6,1,4,1,6,5,1,4,6,5,3,3,1,8,7,0,4,5,7,12,10,22,34,15,11,5,6,1,4,1,6,5,1,4,6,5,3,3,1,8,7,0,4,5,7,12,10,22,34,15,0,0,0,0,0,0,0,0,0,1,0,1,0,1,1,86
1505,0,18630.96606500001,4315.273337999999,14333.703292000006,3865,0,0,1,1,0,1,1,0,0,0,1,0,0,0,0,1,0,0,0,0,0,0,0,0,0,0,0,1,0,0,1,1,0,0,43,175,132,0.7542857142857143,3.0697674418604652,0.022857142857142857,0,0,0.5657142857142857,0, 1, 0, 0, 0, 0,12,7,15,6,4,2,3,16,3,1,6,9,4,4,7,8,5,1,9,10,14,18,16,34,49,13,12,7,15,6,4,2,3,16,3,1,6,9,4,4,7,8,5,1,9,10,14,18,16,34,49,13,12,7,15,6,4,2,3,16,3,1,6,9,4,4,7,8,5,1,9,10,14,18,16,34,49,13,0,0,0,0,0,0,0,0,0,1,0,1,0,1,1,132
1506,0,31610.15302500003,7484.699519999999,24143.46407,2999,0,0,1,0,1,0,1,0,0,0,0,0,0,0,0,1,0,0,0,0,0,0,0,0,0,0,0,1,0,0,1,1,0,0,72,289,217,0.7508650519031141,3.013888888888889,0.006920415224913495,1,0,1.0,0, 0, 0, 0, 0, 0,21,12,14,12,1,6,10,16,0,10,20,17,12,3,11,7,12,3,11,19,17,24,29,53,98,19,21,12,14,12,1,6,10,16,0,10,20,17,12,3,11,7,12,3,11,19,17,24,29,53,98,19,21,12,14,12,1,6,10,16,0,10,20,17,12,3,11,7,12,3,11,19,17,24,29,53,98,19,0,0,0,0,0,0,0,0,0,1,0,1,0,1,1,217
1507,0,20906.505012000005,5087.6398659999995,15836.875711000006,2379,0,0,1,1,0,0,1,0,0,1,0,0,0,0,0,1,0,0,0,0,0,0,0,0,0,0,0,1,0,0,1,1,0,0,47,190,143,0.7526315789473684,3.0425531914893615,0.010526315789473684,0,0,0.23684210526315788,0, 0, 1, 0, 0, 0,19,7,7,5,2,3,9,13,3,5,9,9,3,5,11,6,8,8,4,7,17,16,16,32,56,14,19,7,7,5,2,3,9,13,3,5,9,9,3,5,11,6,8,8,4,7,17,16,16,32,56,14,19,7,7,5,2,3,9,13,3,5,9,9,3,5,11,6,8,8,4,7,17,16,16,32,56,14,0,0,0,0,0,0,0,0,0,1,0,1,0,1,1,143
1508,0,28208.217913000004,7325.572245999998,20900.65623200001,289,1,0,0,0,1,1,1,0,0,0,0,0,0,0,0,1,0,0,0,0,0,0,0,0,0,0,0,1,0,0,1,1,0,0,63,252,189,0.75,3.0,0.011904761904761904,0,0,1.0,0, 0, 0, 0, 0, 0,29,15,15,3,2,3,13,13,4,10,20,6,4,8,12,7,6,4,6,9,18,28,21,49,85,13,29,15,15,3,2,3,13,13,4,10,20,6,4,8,12,7,6,4,6,9,18,28,21,49,85,13,29,15,15,3,2,3,13,13,4,10,20,6,4,8,12,7,6,4,6,9,18,28,21,49,85,13,0,0,0,0,0,0,0,0,0,1,0,1,0,1,1,189
1509,0,11084.786576000002,2843.639215,8259.157925999998,4,1,1,0,1,0,0,0,1,0,0,0,0,0,0,0,1,0,0,0,0,0,0,0,0,0,0,0,1,0,0,1,1,0,0,24,98,74,0.7551020408163265,3.0833333333333335,0.01020408163265306,0,0,1.0,0, 0, 0, 0, 0, 0,10,3,9,3,1,3,5,2,0,4,8,3,0,3,3,4,2,3,1,7,7,14,6,20,31,6,10,3,9,3,1,3,5,2,0,4,8,3,0,3,3,4,2,3,1,7,7,14,6,20,31,6,10,3,9,3,1,3,5,2,0,4,8,3,0,3,3,4,2,3,1,7,7,14,6,20,31,6,0,0,0,0,0,0,0,0,0,1,0,1,0,1,1,74
1513,0,6787.369231,1629.8912450000003,5175.488550999999,7658,0,0,1,1,0,0,1,0,0,0,0,1,0,0,0,1,0,0,0,0,0,0,0,0,0,0,0,1,0,0,1,1,0,0,15,63,48,0.7619047619047619,3.2,0.031746031746031744,1,0,1.0,1, 0, 0, 0, 0, 0,7,0,1,1,2,4,4,3,0,1,5,1,0,5,0,5,3,1,1,4,7,5,1,6,20,8,7,0,1,1,2,4,4,3,0,1,5,1,0,5,0,5,3,1,1,4,7,5,1,6,20,8,7,0,1,1,2,4,4,3,0,1,5,1,0,5,0,5,3,1,1,4,7,5,1,6,20,8,0,0,0,0,0,0,0,0,0,1,0,1,0,1,1,48
1514,0,6153.445871000002,1538.8681429999997,4632.588293000001,7792,0,0,1,1,0,0,0,1,0,0,0,0,0,0,0,1,0,0,0,0,0,1,0,0,1,0,0,0,0,0,1,1,0,0,13,53,40,0.7547169811320755,3.076923076923077,0.018867924528301886,0,0,1.0,0, 0, 0, 0, 0, 0,3,4,1,0,1,2,1,1,2,4,9,0,0,2,3,3,1,0,2,1,4,2,4,6,18,4,3,4,1,0,1,2,1,1,2,4,9,0,0,2,3,3,1,0,2,1,4,2,4,6,18,4,3,4,1,0,1,2,1,1,2,4,9,0,0,2,3,3,1,0,2,1,4,2,4,6,18,4,1,0,0,1,0,0,0,0,0,0,0,0,0,1,1,40
1515,0,16180.622324999993,4087.214661,12111.418228999995,7309,0,0,1,1,0,0,0,1,0,0,0,0,0,0,0,1,0,0,0,0,0,1,0,0,1,0,0,0,0,0,1,1,0,0,37,148,111,0.75,3.0,0.006756756756756757,1,0,1.0,0, 0, 0, 0, 0, 0,7,9,8,1,1,11,4,11,0,6,13,4,1,1,2,8,8,1,3,12,5,12,13,25,50,16,7,9,8,1,1,11,4,11,0,6,13,4,1,1,2,8,8,1,3,12,5,12,13,25,50,16,7,9,8,1,1,11,4,11,0,6,13,4,1,1,2,8,8,1,3,12,5,12,13,25,50,16,1,0,0,1,0,0,0,0,0,0,0,0,0,1,1,111
1516,0,28904.464246999993,6874.551325999997,22047.923485999992,4654,0,0,1,0,1,1,1,0,0,0,0,0,0,0,0,1,0,0,0,0,0,1,0,0,1,0,0,0,0,0,1,1,0,0,66,264,198,0.75,3.0,0.022727272727272728,2,9.0,1.0,0, 0, 0, 0, 0, 0,25,12,12,10,5,9,14,15,6,11,23,3,2,8,8,6,7,1,12,9,21,26,15,41,85,13,25,12,12,10,5,9,14,15,6,11,23,3,2,8,8,6,7,1,12,9,21,26,15,41,85,13,25,12,12,10,5,9,14,15,6,11,23,3,2,8,8,6,7,1,12,9,21,26,15,41,85,13,1,0,0,1,0,0,0,0,0,0,0,0,0,1,1,198
1518,0,29059.62287699999,7253.608601999999,21824.024840000013,243,1,0,0,0,1,0,0,1,0,0,0,0,0,0,1,1,0,0,0,0,0,1,0,0,1,0,0,0,0,0,1,1,0,0,62,250,188,0.752,3.032258064516129,0.004,0,0,1.0,0, 0, 0, 0, 0, 0,16,18,12,3,1,13,14,12,7,10,22,2,4,5,10,10,7,7,7,8,19,26,20,46,72,17,16,18,12,3,1,13,14,12,7,10,22,2,4,5,10,10,7,7,7,8,19,26,20,46,72,17,16,18,12,3,1,13,14,12,7,10,22,2,4,5,10,10,7,7,7,8,19,26,20,46,72,17,1,0,0,1,0,0,0,0,0,0,0,0,0,1,1,188
1519,0,10330.218710000003,2793.344547,7554.884727999998,29,1,1,0,0,1,0,0,1,0,0,0,0,0,0,0,1,0,0,0,0,0,1,0,0,1,0,0,0,0,0,1,1,0,0,22,91,69,0.7582417582417582,3.1363636363636362,0.0,0,0,1.0,0, 0, 0, 0, 0, 0,7,2,6,1,0,3,7,7,2,7,8,3,2,2,3,1,2,1,1,4,4,13,5,18,35,3,7,2,6,1,0,3,7,7,2,7,8,3,2,2,3,1,2,1,1,4,4,13,5,18,35,3,7,2,6,1,0,3,7,7,2,7,8,3,2,2,3,1,2,1,1,4,4,13,5,18,35,3,1,0,0,1,0,0,0,0,0,0,0,0,0,1,1,69
1520,0,5799.31006,1526.9258419999996,4290.394783000001,5,1,1,0,1,0,0,0,1,0,0,0,0,0,0,0,1,0,0,0,0,0,1,0,0,1,0,0,0,0,0,1,1,0,0,13,52,39,0.75,3.0,0.019230769230769232,1,0,1.0,0, 0, 0, 0, 0, 0,4,1,0,1,1,1,0,5,1,5,6,1,0,4,2,0,1,1,2,3,7,0,2,2,23,1,4,1,0,1,1,1,0,5,1,5,6,1,0,4,2,0,1,1,2,3,7,0,2,2,23,1,4,1,0,1,1,1,0,5,1,5,6,1,0,4,2,0,1,1,2,3,7,0,2,2,23,1,1,0,0,1,0,0,0,0,0,0,0,0,0,1,1,39
1521,0,33745.20847899998,8446.455325,25316.763719,1824,0,0,1,1,0,0,0,1,0,0,0,0,0,0,0,1,0,0,0,0,0,1,0,0,1,0,0,0,0,0,1,1,0,0,74,299,225,0.7525083612040134,3.0405405405405403,0.0033444816053511705,0,0,1.0,0, 0, 0, 0, 0, 0,14,16,7,6,1,21,16,13,6,9,39,9,6,3,16,9,9,2,3,20,8,23,25,48,101,18,14,16,7,6,1,21,16,13,6,9,39,9,6,3,16,9,9,2,3,20,8,23,25,48,101,18,14,16,7,6,1,21,16,13,6,9,39,9,6,3,16,9,9,2,3,20,8,23,25,48,101,18,1,0,0,1,0,0,0,0,0,0,0,0,0,1,1,225
1524,0,12499.120459999998,3071.607358999999,9445.523666000001,6846,0,0,1,1,0,1,1,0,0,0,0,1,0,0,0,1,0,0,0,0,0,0,0,0,0,0,0,0,0,0,1,1,0,0,30,122,92,0.7540983606557377,3.066666666666667,0.02459016393442623,4,24.0,1.0,1, 0, 0, 0, 0, 0,16,3,7,5,3,1,5,8,1,3,7,2,3,5,4,7,3,0,1,8,6,12,5,17,45,10,16,3,7,5,3,1,5,8,1,3,7,2,3,5,4,7,3,0,1,8,6,12,5,17,45,10,16,3,7,5,3,1,5,8,1,3,7,2,3,5,4,7,3,0,1,8,6,12,5,17,45,10,0,0,0,0,0,0,0,0,0,0,0,0,0,1,1,92
1525,0,28953.659221999987,7430.681098999997,21540.988687999998,6064,0,0,1,0,1,1,1,0,1,0,0,0,0,0,0,1,0,0,0,0,0,0,0,0,0,0,0,0,0,0,1,1,0,0,65,261,196,0.7509578544061303,3.0153846153846153,0.019157088122605363,4,52.666666666666664,0.4099616858237548,0, 0, 0, 0, 1, 0,27,18,14,5,3,5,10,14,4,4,28,3,3,6,13,9,12,3,7,8,16,24,21,45,84,21,27,18,14,5,3,5,10,14,4,4,28,3,3,6,13,9,12,3,7,8,16,24,21,45,84,21,27,18,14,5,3,5,10,14,4,4,28,3,3,6,13,9,12,3,7,8,16,24,21,45,84,21,0,0,0,0,0,0,0,0,0,0,0,0,0,1,1,196
1526,0,27696.413605999995,7069.642679,20644.781492000006,292,1,0,0,1,0,0,0,1,0,0,0,0,0,0,0,1,0,0,0,0,0,0,0,0,0,0,0,0,0,0,1,1,0,0,61,246,185,0.7520325203252033,3.0327868852459017,0.0040650406504065045,1,0,1.0,0, 0, 0, 0, 0, 0,23,17,6,3,1,5,16,11,3,5,24,5,2,8,10,13,11,3,7,12,18,22,22,44,77,24,23,17,6,3,1,5,16,11,3,5,24,5,2,8,10,13,11,3,7,12,18,22,22,44,77,24,23,17,6,3,1,5,16,11,3,5,24,5,2,8,10,13,11,3,7,12,18,22,22,44,77,24,0,0,0,0,0,0,0,0,0,0,0,0,0,1,1,185
1527,0,10269.584450999997,2654.4299499999997,7633.165066000002,4,1,1,0,1,0,0,0,1,0,0,0,0,0,0,0,1,0,0,0,0,0,0,0,0,0,0,0,0,0,0,1,1,0,0,22,91,69,0.7582417582417582,3.1363636363636362,0.01098901098901099,0,0,1.0,0, 0, 0, 0, 0, 0,9,4,7,1,1,6,2,3,1,7,10,2,0,3,3,0,3,1,0,6,4,9,6,15,35,3,9,4,7,1,1,6,2,3,1,7,10,2,0,3,3,0,3,1,0,6,4,9,6,15,35,3,9,4,7,1,1,6,2,3,1,7,10,2,0,3,3,0,3,1,0,6,4,9,6,15,35,3,0,0,0,0,0,0,0,0,0,0,0,0,0,1,1,69
1530,0,11765.984512000014,2782.4806609999996,9001.514416000002,6280,0,0,1,0,1,1,1,0,0,0,0,0,0,0,0,1,0,0,0,0,0,0,0,0,0,0,0,0,0,0,1,1,0,0,27,110,83,0.7545454545454545,3.074074074074074,0.03636363636363636,3,43.5,1.0,0, 0, 0, 0, 0, 0,10,9,5,2,3,7,1,5,1,1,4,4,2,1,10,6,6,0,2,4,3,6,13,19,26,12,10,9,5,2,3,7,1,5,1,1,4,4,2,1,10,6,6,0,2,4,3,6,13,19,26,12,10,9,5,2,3,7,1,5,1,1,4,4,2,1,10,6,6,0,2,4,3,6,13,19,26,12,0,0,0,0,0,0,0,0,0,0,0,0,0,1,1,83
1531,0,3034.4503340000006,820.462929,2231.9979700000004,2003,0,0,1,1,0,0,1,0,1,0,0,0,0,0,1,1,0,0,0,0,0,0,0,0,0,0,0,0,0,0,1,1,0,0,6,26,20,0.7692307692307693,3.3333333333333335,0.07692307692307693,1,0,0.2692307692307692,0, 0, 0, 0, 1, 0,1,1,0,2,2,0,3,2,0,1,0,0,0,2,1,1,0,0,1,3,3,3,1,4,7,1,1,1,0,2,2,0,3,2,0,1,0,0,0,2,1,1,0,0,1,3,3,3,1,4,7,1,1,1,0,2,2,0,3,2,0,1,0,0,0,2,1,1,0,0,1,3,3,3,1,4,7,1,0,0,0,0,0,0,0,0,0,0,0,0,0,1,1,20
1532,0,32492.495838000013,8084.0840320000025,24426.422370999997,1020,0,0,1,0,1,1,1,0,0,0,0,0,0,0,0,1,0,0,0,0,0,0,0,0,0,0,0,0,0,0,1,1,0,0,74,299,225,0.7525083612040134,3.0405405405405403,0.010033444816053512,3,25.5,1.0,0, 0, 0, 0, 0, 0,22,15,15,7,2,8,11,19,8,12,29,3,7,10,13,17,12,2,2,11,14,26,18,44,100,29,22,15,15,7,2,8,11,19,8,12,29,3,7,10,13,17,12,2,2,11,14,26,18,44,100,29,22,15,15,7,2,8,11,19,8,12,29,3,7,10,13,17,12,2,2,11,14,26,18,44,100,29,0,0,0,0,0,0,0,0,0,0,0,0,0,1,1,225
1533,0,28055.604162,7113.662369999999,20959.952357000013,271,1,0,0,0,1,0,1,0,0,0,0,0,0,0,0,1,0,0,0,0,0,0,0,0,0,0,0,0,0,0,1,1,0,0,62,250,188,0.752,3.032258064516129,0.008,0,0,1.0,0, 0, 0, 0, 0, 0,28,15,15,2,1,6,9,9,8,8,24,6,2,8,7,11,6,4,5,14,17,24,21,45,85,17,28,15,15,2,1,6,9,9,8,8,24,6,2,8,7,11,6,4,5,14,17,24,21,45,85,17,28,15,15,2,1,6,9,9,8,8,24,6,2,8,7,11,6,4,5,14,17,24,21,45,85,17,0,0,0,0,0,0,0,0,0,0,0,0,0,1,1,188
1539,0,17229.726221000008,4232.113339,13015.623447000007,6103,0,0,1,1,0,0,1,0,0,0,0,0,0,0,0,1,0,0,0,0,0,0,0,0,0,1,0,0,0,1,1,1,0,0,38,152,114,0.75,3.0,0.013157894736842105,3,36.5,1.0,0, 0, 0, 0, 0, 0,12,12,5,0,2,4,10,8,3,1,14,5,2,8,5,8,6,2,3,4,13,15,17,32,41,14,12,12,5,0,2,4,10,8,3,1,14,5,2,8,5,8,6,2,3,4,13,15,17,32,41,14,12,12,5,0,2,4,10,8,3,1,14,5,2,8,5,8,6,2,3,4,13,15,17,32,41,14,0,0,0,0,0,0,0,1,0,0,0,0,1,0,1,114
1540,0,22533.673071999998,5790.016968999999,16761.666668,5491,0,0,1,1,0,1,1,0,0,0,0,0,0,0,0,1,0,0,0,0,0,0,0,0,0,1,0,0,0,1,1,1,0,0,50,203,153,0.7536945812807881,3.06,0.014778325123152709,0,0,1.0,0, 0, 0, 0, 0, 0,18,15,5,2,3,5,15,13,6,6,24,0,2,1,8,10,6,2,4,8,7,20,15,35,71,16,18,15,5,2,3,5,15,13,6,6,24,0,2,1,8,10,6,2,4,8,7,20,15,35,71,16,18,15,5,2,3,5,15,13,6,6,24,0,2,1,8,10,6,2,4,8,7,20,15,35,71,16,0,0,0,0,0,0,0,1,0,0,0,0,1,0,1,153
1542,0,29218.973227999988,7527.796051,21709.187741999995,3565,0,0,1,0,1,0,1,0,0,0,0,0,0,0,0,1,0,0,0,0,0,0,0,0,0,1,0,0,0,1,1,1,0,0,69,277,208,0.7509025270758123,3.0144927536231885,0.007220216606498195,1,0,1.0,0, 0, 0, 0, 0, 0,34,19,9,2,1,3,9,25,5,11,19,2,7,8,9,15,14,2,3,11,13,18,21,39,107,29,34,19,9,2,1,3,9,25,5,11,19,2,7,8,9,15,14,2,3,11,13,18,21,39,107,29,34,19,9,2,1,3,9,25,5,11,19,2,7,8,9,15,14,2,3,11,13,18,21,39,107,29,0,0,0,0,0,0,0,1,0,0,0,0,1,0,1,208
1543,0,10038.410902000005,2609.4006240000003,7447.020842999999,13,1,1,0,0,1,0,0,1,0,0,0,0,0,0,0,1,0,0,0,0,0,0,0,0,0,1,0,0,0,1,1,1,0,0,22,91,69,0.7582417582417582,3.1363636363636362,0.0,0,0,1.0,0, 0, 0, 0, 0, 0,12,7,4,0,0,1,8,6,0,4,9,1,0,4,2,3,0,1,0,7,5,12,8,20,38,3,12,7,4,0,0,1,8,6,0,4,9,1,0,4,2,3,0,1,0,7,5,12,8,20,38,3,12,7,4,0,0,1,8,6,0,4,9,1,0,4,2,3,0,1,0,7,5,12,8,20,38,3,0,0,0,0,0,0,0,1,0,0,0,0,1,0,1,69
1544,0,28907.838138000014,7383.681308000001,21542.167395000026,285,1,0,0,1,0,0,0,1,0,0,0,0,0,0,0,1,0,0,0,0,0,0,0,0,0,1,0,0,0,1,1,1,0,0,63,254,191,0.7519685039370079,3.0317460317460316,0.003937007874015748,0,0,1.0,0, 0, 0, 0, 0, 0,21,18,15,1,1,7,10,12,6,9,21,5,6,8,12,8,7,3,6,15,17,25,23,48,84,15,21,18,15,1,1,7,10,12,6,9,21,5,6,8,12,8,7,3,6,15,17,25,23,48,84,15,21,18,15,1,1,7,10,12,6,9,21,5,6,8,12,8,7,3,6,15,17,25,23,48,84,15,0,0,0,0,0,0,0,1,0,0,0,0,1,0,1,191
1545,0,31908.46103300002,7891.960672000003,24034.510926000017,1152,0,0,1,0,1,1,1,0,0,0,0,0,0,0,0,1,0,0,0,0,0,0,0,0,0,1,0,0,0,1,1,1,0,0,74,298,224,0.7516778523489933,3.027027027027027,0.016778523489932886,4,57.333333333333336,0.9228187919463087,0, 1, 0, 1, 0, 0,25,20,13,4,1,3,18,27,7,11,27,3,3,7,12,10,10,2,4,17,13,31,23,54,110,20,25,20,13,4,1,3,18,27,7,11,27,3,3,7,12,10,10,2,4,17,13,31,23,54,110,20,25,20,13,4,1,3,18,27,7,11,27,3,3,7,12,10,10,2,4,17,13,31,23,54,110,20,0,0,0,0,0,0,0,1,0,0,0,0,1,0,1,224
1547,0,11492.672747,2882.474895,8628.208416999998,4772,0,0,1,1,0,0,0,1,0,0,0,0,0,0,0,1,0,0,0,0,0,0,0,0,0,1,0,0,0,1,1,1,0,0,24,99,75,0.7575757575757576,3.125,0.010101010101010102,1,0,1.0,0, 0, 0, 0, 0, 0,8,6,8,2,1,2,7,2,4,2,8,1,1,6,4,4,2,0,2,5,8,15,7,22,26,6,8,6,8,2,1,2,7,2,4,2,8,1,1,6,4,4,2,0,2,5,8,15,7,22,26,6,8,6,8,2,1,2,7,2,4,2,8,1,1,6,4,4,2,0,2,5,8,15,7,22,26,6,0,0,0,0,0,0,0,1,0,0,0,0,1,0,1,75
1550,0,25460.604293000015,5805.215163000001,19673.399694999996,6871,0,0,1,1,0,0,0,1,0,0,0,0,0,0,0,1,0,0,0,0,0,0,0,0,0,1,0,0,0,1,1,1,0,0,58,234,176,0.7521367521367521,3.0344827586206895,0.004273504273504274,0,0,1.0,0, 0, 0, 0, 0, 0,10,17,10,5,1,11,13,16,3,7,28,4,6,5,9,7,7,0,3,14,8,23,21,44,81,14,10,17,10,5,1,11,13,16,3,7,28,4,6,5,9,7,7,0,3,14,8,23,21,44,81,14,10,17,10,5,1,11,13,16,3,7,28,4,6,5,9,7,7,0,3,14,8,23,21,44,81,14,0,0,0,0,0,0,0,1,0,0,0,0,1,1,1,176
1552,0,2925.47371,732.36288,2211.1213949999997,2137,0,0,1,1,0,0,0,1,0,0,0,0,0,0,1,1,0,0,0,0,0,0,0,0,0,1,0,0,0,1,1,1,0,0,6,26,20,0.7692307692307693,3.3333333333333335,0.038461538461538464,2,1.0,1.0,0, 0, 0, 0, 0, 0,3,1,0,1,1,0,2,1,0,2,0,2,2,0,0,1,0,0,1,3,1,2,3,5,11,1,3,1,0,1,1,0,2,1,0,2,0,2,2,0,0,1,0,0,1,3,1,2,3,5,11,1,3,1,0,1,1,0,2,1,0,2,0,2,2,0,0,1,0,0,1,3,1,2,3,5,11,1,0,0,0,0,0,0,0,1,0,0,0,0,1,1,1,20
1553,0,29001.64439900001,7320.751911000001,21698.90305300001,313,1,0,0,1,0,0,0,1,0,0,0,0,0,0,0,1,0,0,0,0,0,0,0,0,0,1,0,0,0,1,1,1,0,0,63,254,191,0.7519685039370079,3.0317460317460316,0.003937007874015748,0,0,1.0,0, 0, 0, 0, 0, 0,22,18,14,6,1,4,16,11,7,11,15,4,4,10,11,8,9,3,6,11,19,30,22,52,74,17,22,18,14,6,1,4,16,11,7,11,15,4,4,10,11,8,9,3,6,11,19,30,22,52,74,17,22,18,14,6,1,4,16,11,7,11,15,4,4,10,11,8,9,3,6,11,19,30,22,52,74,17,0,0,0,0,0,0,0,1,0,0,0,0,1,1,1,191
1554,0,11880.363914999998,3121.726801,8776.647678999996,4,1,1,0,1,0,0,0,1,0,0,0,0,0,0,0,1,0,0,0,0,0,0,0,0,0,1,0,0,0,1,1,1,0,0,26,105,79,0.7523809523809524,3.0384615384615383,0.009523809523809525,0,0,1.0,0, 0, 0, 0, 0, 0,10,7,10,0,1,4,5,4,0,6,9,3,1,2,2,2,2,1,1,9,4,15,10,25,39,4,10,7,10,0,1,4,5,4,0,6,9,3,1,2,2,2,2,1,1,9,4,15,10,25,39,4,10,7,10,0,1,4,5,4,0,6,9,3,1,2,2,2,2,1,1,9,4,15,10,25,39,4,0,0,0,0,0,0,0,1,0,0,0,0,1,1,1,79
1555,0,11613.916014,2637.3333089999996,8994.593270000005,1100,0,0,1,1,0,0,1,0,0,0,1,0,0,0,0,1,0,0,0,0,0,0,0,0,0,1,0,0,0,1,1,1,0,0,27,111,84,0.7567567567567568,3.111111111111111,0.018018018018018018,2,1.0,0.6396396396396397,0, 1, 0, 0, 0, 0,13,3,6,3,2,3,5,5,1,6,5,8,2,1,5,6,2,1,2,5,4,11,11,22,36,8,13,3,6,3,2,3,5,5,1,6,5,8,2,1,5,6,2,1,2,5,4,11,11,22,36,8,13,3,6,3,2,3,5,5,1,6,5,8,2,1,5,6,2,1,2,5,4,11,11,22,36,8,0,0,0,0,0,0,0,1,0,0,0,0,1,1,1,84
1556,0,10300.385607999997,2612.2800789999997,7706.116094000001,2991,0,0,1,0,1,1,1,0,0,0,0,0,0,0,0,1,0,0,0,0,0,0,0,0,0,1,0,0,0,1,1,1,0,0,24,97,73,0.7525773195876289,3.0416666666666665,0.030927835051546393,0,0,1.0,0, 0, 0, 0, 0, 0,5,6,3,2,2,2,0,8,0,5,6,5,2,2,4,7,8,0,1,5,3,3,11,14,31,15,5,6,3,2,2,2,0,8,0,5,6,5,2,2,4,7,8,0,1,5,3,3,11,14,31,15,5,6,3,2,2,2,0,8,0,5,6,5,2,2,4,7,8,0,1,5,3,3,11,14,31,15,0,0,0,0,0,0,0,1,0,0,0,0,1,1,1,73
1557,0,14305.492337999987,3438.8003200000003,10884.702582999995,2991,0,0,1,0,1,1,1,0,0,0,0,0,0,0,0,1,0,0,0,0,0,0,0,0,0,1,0,0,0,1,1,1,0,0,34,137,103,0.7518248175182481,3.0294117647058822,0.029197080291970802,1,0,1.0,0, 0, 0, 0, 0, 0,10,6,4,3,3,4,1,9,0,5,10,7,4,3,6,9,10,0,2,7,5,5,13,18,45,19,10,6,4,3,3,4,1,9,0,5,10,7,4,3,6,9,10,0,2,7,5,5,13,18,45,19,10,6,4,3,3,4,1,9,0,5,10,7,4,3,6,9,10,0,2,7,5,5,13,18,45,19,0,0,0,0,0,0,0,1,0,0,0,0,1,1,1,103
1558,0,28570.050717,7127.561510000002,21460.499771999992,5903,0,0,1,0,1,1,1,0,0,0,0,0,0,0,0,1,0,0,0,0,0,0,0,0,0,1,0,0,0,1,1,1,0,0,65,263,198,0.752851711026616,3.046153846153846,0.022813688212927757,1,0,1.0,0, 0, 0, 0, 0, 0,28,21,7,5,5,6,7,16,2,16,21,5,2,8,12,10,12,2,4,9,14,14,26,40,92,22,28,21,7,5,5,6,7,16,2,16,21,5,2,8,12,10,12,2,4,9,14,14,26,40,92,22,28,21,7,5,5,6,7,16,2,16,21,5,2,8,12,10,12,2,4,9,14,14,26,40,92,22,0,0,0,0,0,0,0,1,0,0,0,0,1,1,1,198
1560,0,30801.178623,7523.982047999995,23295.207140000013,8786,0,0,1,0,1,0,1,0,0,0,0,0,0,0,0,1,0,0,0,0,0,0,0,0,0,1,0,1,0,1,1,1,0,0,69,277,208,0.7509025270758123,3.0144927536231885,0.007220216606498195,1,0,1.0,0, 0, 0, 0, 0, 0,27,25,15,4,1,5,14,10,8,11,21,4,3,10,16,8,12,1,2,11,13,29,29,58,83,20,27,25,15,4,1,5,14,10,8,11,21,4,3,10,16,8,12,1,2,11,13,29,29,58,83,20,27,25,15,4,1,5,14,10,8,11,21,4,3,10,16,8,12,1,2,11,13,29,29,58,83,20,0,0,0,0,0,0,0,1,0,1,0,1,1,1,1,208
1561,0,8730.316250000003,2229.092856,6519.233959000003,1,1,1,0,1,0,0,0,1,0,0,0,0,0,0,0,1,0,0,0,0,0,0,0,0,0,1,0,1,0,1,1,1,0,0,18,75,57,0.76,3.1666666666666665,0.013333333333333334,0,0,1.0,0, 0, 0, 0, 0, 0,4,7,8,1,1,0,5,4,1,3,9,0,1,2,1,4,2,1,1,2,4,13,7,20,23,6,4,7,8,1,1,0,5,4,1,3,9,0,1,2,1,4,2,1,1,2,4,13,7,20,23,6,4,7,8,1,1,0,5,4,1,3,9,0,1,2,1,4,2,1,1,2,4,13,7,20,23,6,0,0,0,0,0,0,0,1,0,1,0,1,1,1,1,57
1562,0,10364.206249999997,2529.3274419999993,7852.889373000003,1,1,1,0,1,0,0,0,1,0,0,0,0,0,0,0,1,0,0,0,0,0,0,0,0,0,1,0,1,0,1,1,1,0,0,22,91,69,0.7582417582417582,3.1363636363636362,0.01098901098901099,0,0,1.0,0, 0, 0, 0, 0, 0,7,7,9,1,1,1,6,4,1,3,11,0,1,2,2,4,2,1,3,3,6,15,7,22,29,6,7,7,9,1,1,1,6,4,1,3,11,0,1,2,2,4,2,1,3,3,6,15,7,22,29,6,7,7,9,1,1,1,6,4,1,3,11,0,1,2,2,4,2,1,3,3,6,15,7,22,29,6,0,0,0,0,0,0,0,1,0,1,0,1,1,1,1,69
1563,0,5150.806204000001,1296.6933959999997,3872.1233729999994,13796,0,0,1,1,0,0,0,1,0,0,0,0,0,0,0,1,0,0,0,0,0,1,0,0,1,0,0,0,0,0,1,1,0,0,12,50,38,0.76,3.1666666666666665,0.02,0,0,1.0,0, 0, 0, 0, 0, 0,4,0,3,0,1,1,1,4,2,4,3,3,0,0,4,0,3,0,0,5,0,4,3,7,20,3,4,0,3,0,1,1,1,4,2,4,3,3,0,0,4,0,3,0,0,5,0,4,3,7,20,3,4,0,3,0,1,1,1,4,2,4,3,3,0,0,4,0,3,0,0,5,0,4,3,7,20,3,1,0,0,1,0,0,0,0,0,0,0,0,0,1,1,38
1564,0,22432.83312399999,5687.971538999999,16762.872150000007,9509,0,0,1,1,0,0,0,1,0,0,0,0,0,0,0,1,0,0,0,0,0,1,0,0,1,0,0,0,0,0,1,1,0,0,50,202,152,0.7524752475247525,3.04,0.0049504950495049506,0,0,1.0,0, 0, 0, 0, 0, 0,22,13,7,3,1,6,10,8,6,10,20,4,2,4,3,12,5,0,6,10,10,17,17,34,72,17,22,13,7,3,1,6,10,8,6,10,20,4,2,4,3,12,5,0,6,10,10,17,17,34,72,17,22,13,7,3,1,6,10,8,6,10,20,4,2,4,3,12,5,0,6,10,10,17,17,34,72,17,1,0,0,1,0,0,0,0,0,0,0,0,0,1,1,152
1565,0,10734.512525000006,2949.503174,7803.019916,8,1,1,0,0,1,0,0,1,0,0,0,0,0,0,0,1,0,0,0,0,0,1,0,0,1,0,0,0,0,0,1,1,0,0,23,92,69,0.75,3.0,0.0,0,0,1.0,0, 0, 0, 0, 0, 0,8,3,6,4,0,5,4,3,1,5,8,3,1,4,2,3,1,1,2,5,7,10,6,16,30,4,8,3,6,4,0,5,4,3,1,5,8,3,1,4,2,3,1,1,2,5,7,10,6,16,30,4,8,3,6,4,0,5,4,3,1,5,8,3,1,4,2,3,1,1,2,5,7,10,6,16,30,4,1,0,0,1,0,0,0,0,0,0,0,0,0,1,1,69
1566,0,29120.39955399999,7152.520510999998,21985.889608000016,270,1,0,0,0,1,1,1,0,1,0,0,0,0,0,0,1,0,0,0,0,0,1,0,0,1,0,0,0,0,0,1,1,0,0,62,251,189,0.7529880478087649,3.0483870967741935,0.0199203187250996,2,5.0,0.43824701195219123,0, 0, 0, 0, 1, 0,16,17,13,5,5,12,13,11,6,8,22,3,5,5,7,9,6,7,8,11,20,26,20,46,73,15,16,17,13,5,5,12,13,11,6,8,22,3,5,5,7,9,6,7,8,11,20,26,20,46,73,15,16,17,13,5,5,12,13,11,6,8,22,3,5,5,7,9,6,7,8,11,20,26,20,46,73,15,1,0,0,1,0,0,0,0,0,0,0,0,0,1,1,189
1568,0,33338.79053799999,8257.267590000001,25099.533512999984,3834,0,0,1,0,1,1,1,0,0,0,0,0,0,0,0,1,0,0,0,0,0,1,0,0,1,0,0,0,0,0,1,1,0,0,74,299,225,0.7525083612040134,3.0405405405405403,0.013377926421404682,0,0,1.0,0, 0, 0, 0, 0, 1,24,23,12,4,1,17,13,12,3,16,38,2,4,4,15,15,5,1,6,10,11,25,25,50,104,20,24,23,12,4,1,17,13,12,3,16,38,2,4,4,15,15,5,1,6,10,11,25,25,50,104,20,24,23,12,4,1,17,13,12,3,16,38,2,4,4,15,15,5,1,6,10,11,25,25,50,104,20,1,0,0,1,0,0,0,0,0,0,0,0,0,1,1,225
1570,0,33694.197579999985,8446.455325,25265.752819999994,2641,0,0,1,1,0,0,0,1,0,0,0,0,0,0,0,1,0,0,0,0,0,1,0,0,1,0,0,0,0,0,1,1,0,0,74,299,225,0.7525083612040134,3.0405405405405403,0.0033444816053511705,0,0,1.0,0, 0, 0, 0, 0, 0,14,16,7,6,1,19,16,13,6,8,39,10,6,3,15,10,10,2,3,21,8,23,26,49,101,20,14,16,7,6,1,19,16,13,6,8,39,10,6,3,15,10,10,2,3,21,8,23,26,49,101,20,14,16,7,6,1,19,16,13,6,8,39,10,6,3,15,10,10,2,3,21,8,23,26,49,101,20,1,0,0,1,0,0,0,0,0,0,0,0,0,1,1,225
1571,0,17023.72531400001,4248.202508,12793.533371000001,563,0,0,0,0,1,1,1,0,0,0,0,0,0,0,0,1,0,0,0,0,0,1,0,0,1,0,0,0,0,0,1,1,0,0,36,145,109,0.7517241379310344,3.0277777777777777,0.020689655172413793,1,0,1.0,0, 0, 0, 0, 0, 0,8,8,6,5,1,11,8,6,4,7,12,6,1,4,0,8,2,4,3,5,11,14,14,28,39,10,8,8,6,5,1,11,8,6,4,7,12,6,1,4,0,8,2,4,3,5,11,14,14,28,39,10,8,8,6,5,1,11,8,6,4,7,12,6,1,4,0,8,2,4,3,5,11,14,14,28,39,10,1,0,0,1,0,0,0,0,0,0,0,0,0,1,1,109
1573,0,11851.237598,2922.494958,8946.753204999999,259,1,0,0,1,0,0,0,1,0,0,0,0,0,0,0,1,0,0,0,0,0,1,0,0,1,0,0,0,0,0,1,1,0,0,26,106,80,0.7547169811320755,3.076923076923077,0.009433962264150943,1,0,1.0,0, 0, 0, 0, 0, 0,7,4,1,2,1,3,9,3,2,4,9,8,1,1,4,8,5,1,2,5,4,10,12,22,29,13,7,4,1,2,1,3,9,3,2,4,9,8,1,1,4,8,5,1,2,5,4,10,12,22,29,13,7,4,1,2,1,3,9,3,2,4,9,8,1,1,4,8,5,1,2,5,4,10,12,22,29,13,1,0,0,1,0,0,0,0,0,0,0,0,0,1,1,80
1574,0,5751.31006,1526.9258419999996,4242.394783000001,5,1,1,0,1,0,0,0,1,0,0,0,0,0,0,0,1,0,0,0,0,0,1,0,0,1,0,0,0,0,0,1,1,0,0,13,52,39,0.75,3.0,0.019230769230769232,1,0,1.0,0, 0, 0, 0, 0, 0,4,1,0,1,1,1,0,5,1,5,6,1,0,3,2,0,1,1,2,4,6,0,2,2,24,1,4,1,0,1,1,1,0,5,1,5,6,1,0,3,2,0,1,1,2,4,6,0,2,2,24,1,4,1,0,1,1,1,0,5,1,5,6,1,0,3,2,0,1,1,2,4,6,0,2,2,24,1,1,0,0,1,0,0,0,0,0,0,0,0,0,1,1,39
1575,0,10300.208145000002,2793.344547,7524.874162999998,59,1,1,0,0,1,0,0,1,0,0,0,0,0,0,0,1,0,0,0,0,0,1,0,0,1,0,0,0,0,0,1,1,0,0,22,91,69,0.7582417582417582,3.1363636363636362,0.0,0,0,1.0,0, 0, 0, 0, 0, 0,8,2,6,1,0,3,7,7,2,7,8,3,2,2,3,1,1,1,1,4,4,13,5,18,36,2,8,2,6,1,0,3,7,7,2,7,8,3,2,2,3,1,1,1,1,4,4,13,5,18,36,2,8,2,6,1,0,3,7,7,2,7,8,3,2,2,3,1,1,1,1,4,4,13,5,18,36,2,1,0,0,1,0,0,0,0,0,0,0,0,0,1,1,69
1576,0,28957.56469099999,7149.534765999998,21826.040490000014,213,1,0,0,0,1,0,0,1,0,0,0,0,0,0,1,1,0,0,0,0,0,1,0,0,1,0,0,0,0,0,1,1,0,0,62,250,188,0.752,3.032258064516129,0.004,0,0,1.0,0, 0, 0, 0, 0, 0,16,18,13,2,1,13,13,12,7,10,22,3,4,5,10,10,8,7,7,7,19,26,21,47,71,18,16,18,13,2,1,13,13,12,7,10,22,3,4,5,10,10,8,7,7,7,19,26,21,47,71,18,16,18,13,2,1,13,13,12,7,10,22,3,4,5,10,10,8,7,7,7,19,26,21,47,71,18,1,0,0,1,0,0,0,0,0,0,0,0,0,1,1,188
1578,0,28772.406730999992,6910.488450999997,21879.92884499999,4597,0,0,1,0,1,1,1,0,0,0,0,0,0,0,0,1,0,0,0,0,0,1,0,0,1,0,0,0,0,0,1,1,0,0,66,264,198,0.75,3.0,0.022727272727272728,2,9.0,1.0,0, 0, 0, 0, 0, 0,27,12,13,9,5,11,11,16,6,13,21,4,2,8,8,6,5,1,11,9,20,24,16,40,88,11,27,12,13,9,5,11,11,16,6,13,21,4,2,8,8,6,5,1,11,9,20,24,16,40,88,11,27,12,13,9,5,11,11,16,6,13,21,4,2,8,8,6,5,1,11,9,20,24,16,40,88,11,1,0,0,1,0,0,0,0,0,0,0,0,0,1,1,198
1579,0,16113.630430999994,4075.2398140000005,12056.401181999994,7240,0,0,1,1,0,0,0,1,0,0,0,0,0,0,0,1,0,0,0,0,0,1,0,0,1,0,0,0,0,0,1,1,0,0,37,148,111,0.75,3.0,0.006756756756756757,1,0,1.0,0, 0, 0, 0, 0, 0,7,8,7,0,1,11,5,11,0,5,13,5,1,1,2,9,8,1,3,13,5,12,13,25,50,17,7,8,7,0,1,11,5,11,0,5,13,5,1,1,2,9,8,1,3,13,5,12,13,25,50,17,7,8,7,0,1,11,5,11,0,5,13,5,1,1,2,9,8,1,3,13,5,12,13,25,50,17,1,0,0,1,0,0,0,0,0,0,0,0,0,1,1,111
1580,0,6215.446264000002,1479.8197959999998,4753.637033,7722,0,0,1,1,0,0,0,1,0,0,0,0,0,0,0,1,0,0,0,0,0,1,0,0,1,0,0,0,0,0,1,1,0,0,13,54,41,0.7592592592592593,3.1538461538461537,0.018518518518518517,0,0,1.0,0, 0, 0, 0, 0, 0,3,5,1,0,1,3,1,1,1,4,8,0,0,2,3,4,1,0,2,1,4,2,5,7,17,5,3,5,1,0,1,3,1,1,1,4,8,0,0,2,3,4,1,0,2,1,4,2,5,7,17,5,3,5,1,0,1,3,1,1,1,4,8,0,0,2,3,4,1,0,2,1,4,2,5,7,17,5,1,0,0,1,0,0,0,0,0,0,0,0,0,1,1,41
1582,0,26653.562024000024,6722.506493000001,19949.066096000002,8096,0,0,1,0,1,1,1,0,0,0,0,0,0,0,1,1,0,0,0,0,0,0,0,0,0,0,0,1,1,0,1,1,0,0,59,237,178,0.7510548523206751,3.016949152542373,0.012658227848101266,2,80.0,1.0,0, 0, 0, 0, 0, 0,14,15,9,4,3,8,12,13,2,5,14,8,9,6,11,14,5,4,4,18,14,21,23,44,73,19,14,15,9,4,3,8,12,13,2,5,14,8,9,6,11,14,5,4,4,18,14,21,23,44,73,19,14,15,9,4,3,8,12,13,2,5,14,8,9,6,11,14,5,4,4,18,14,21,23,44,73,19,0,0,0,0,0,0,1,0,0,1,1,1,0,1,1,178
1583,0,17603.013091000008,4285.049354000001,13335.974301999999,7584,0,0,1,0,1,1,1,0,0,0,0,0,0,0,0,1,0,0,0,0,0,0,0,0,0,0,0,1,1,0,1,1,0,0,41,164,123,0.75,3.0,0.018292682926829267,1,0,1.0,0, 0, 0, 0, 0, 0,20,8,5,3,2,7,9,9,5,8,15,3,3,2,7,3,4,3,0,7,5,14,11,25,62,7,20,8,5,3,2,7,9,9,5,8,15,3,3,2,7,3,4,3,0,7,5,14,11,25,62,7,20,8,5,3,2,7,9,9,5,8,15,3,3,2,7,3,4,3,0,7,5,14,11,25,62,7,0,0,0,0,0,0,1,0,0,1,1,1,0,1,1,123
1585,0,10416.303111,2821.448619999999,7612.865056,29,1,1,0,0,1,0,0,1,0,0,0,0,0,0,0,1,0,0,0,0,0,0,0,0,0,0,0,1,1,0,1,1,0,0,23,92,69,0.75,3.0,0.010869565217391304,0,0,1.0,0, 0, 0, 0, 0, 0,7,4,4,2,1,2,9,5,1,5,7,1,1,3,2,4,1,1,1,8,5,13,5,18,33,5,7,4,4,2,1,2,9,5,1,5,7,1,1,3,2,4,1,1,1,8,5,13,5,18,33,5,7,4,4,2,1,2,9,5,1,5,7,1,1,3,2,4,1,1,1,8,5,13,5,18,33,5,0,0,0,0,0,0,1,0,0,1,1,1,0,1,1,69
1586,0,29279.635115999987,7253.521441999998,22044.12423900002,335,1,0,0,0,1,0,1,0,0,0,0,0,0,0,0,1,0,0,0,0,0,0,0,0,0,0,0,1,1,0,1,1,0,0,62,250,188,0.752,3.032258064516129,0.008,0,0,1.0,0, 0, 0, 0, 0, 0,16,20,13,3,1,8,16,10,7,9,18,5,5,6,7,11,7,7,7,12,20,29,25,54,70,18,16,20,13,3,1,8,16,10,7,9,18,5,5,6,7,11,7,7,7,12,20,29,25,54,70,18,16,20,13,3,1,8,16,10,7,9,18,5,5,6,7,11,7,7,7,12,20,29,25,54,70,18,0,0,0,0,0,0,1,0,0,1,1,1,0,1,1,188
1587,0,7215.597008999999,1929.893781,5303.713792999999,5318,0,0,1,0,1,1,1,0,0,0,0,0,0,0,0,1,0,0,0,0,0,0,0,0,0,0,0,1,1,0,1,1,0,0,16,64,48,0.75,3.0,0.046875,0,0,1.0,0, 0, 0, 0, 0, 0,8,5,1,1,2,0,3,3,3,1,6,0,0,4,3,2,3,1,0,2,5,4,5,9,20,5,8,5,1,1,2,0,3,3,3,1,6,0,0,4,3,2,3,1,0,2,5,4,5,9,20,5,8,5,1,1,2,0,3,3,3,1,6,0,0,4,3,2,3,1,0,2,5,4,5,9,20,5,0,0,0,0,0,0,1,0,0,1,1,1,0,1,1,48
1588,0,17367.694870000003,4089.0921590000003,13296.613276000007,7297,0,0,1,0,1,1,1,0,0,0,0,0,0,0,0,1,0,0,0,0,0,0,0,0,0,0,0,1,1,0,1,1,0,0,40,161,121,0.7515527950310559,3.025,0.024844720496894408,1,0,1.0,0, 0, 0, 0, 0, 0,7,12,2,5,3,5,7,12,9,4,7,3,1,4,11,13,7,0,3,6,7,9,15,24,37,20,7,12,2,5,3,5,7,12,9,4,7,3,1,4,11,13,7,0,3,6,7,9,15,24,37,20,7,12,2,5,3,5,7,12,9,4,7,3,1,4,11,13,7,0,3,6,7,9,15,24,37,20,0,0,0,0,0,0,1,0,0,1,1,1,0,1,1,121
1590,0,6596.465555000001,1651.8695389999998,4962.606581,9863,0,0,1,1,0,0,0,1,0,0,0,0,0,0,0,1,0,0,0,0,0,0,0,0,0,1,0,1,1,1,1,1,0,0,14,59,45,0.7627118644067796,3.2142857142857144,0.01694915254237288,0,0,1.0,0, 0, 0, 0, 0, 0,2,1,3,0,1,5,2,2,2,1,6,3,0,2,6,3,2,0,0,4,2,5,4,9,15,5,2,1,3,0,1,5,2,2,2,1,6,3,0,2,6,3,2,0,0,4,2,5,4,9,15,5,2,1,3,0,1,5,2,2,2,1,6,3,0,2,6,3,2,0,0,4,2,5,4,9,15,5,0,0,0,0,0,0,1,1,0,1,1,1,1,1,1,45
1591,0,17643.327621999993,4819.634515999999,12841.703670999997,7682,0,0,1,1,0,0,1,0,0,0,0,0,0,0,0,1,0,0,0,0,0,0,0,0,0,1,0,1,1,1,1,1,0,0,38,152,114,0.75,3.0,0.013157894736842105,1,0,1.0,0, 0, 0, 0, 0, 0,13,5,3,1,2,3,2,5,2,12,17,1,7,5,7,8,5,1,10,5,16,5,6,11,59,13,13,5,3,1,2,3,2,5,2,12,17,1,7,5,7,8,5,1,10,5,16,5,6,11,59,13,13,5,3,1,2,3,2,5,2,12,17,1,7,5,7,8,5,1,10,5,16,5,6,11,59,13,0,0,0,0,0,0,1,1,0,1,1,1,1,1,1,114
1592,0,9916.059268999998,2639.256116,7294.813718000002,7338,0,0,1,1,0,0,0,1,0,0,0,0,0,0,0,1,0,0,0,0,0,0,0,0,0,1,0,1,1,1,1,1,0,0,21,86,65,0.7558139534883721,3.0952380952380953,0.011627906976744186,0,0,1.0,0, 0, 0, 0, 0, 0,4,1,0,2,1,4,3,4,0,3,10,2,0,4,3,6,7,3,3,5,10,3,3,6,26,13,4,1,0,2,1,4,3,4,0,3,10,2,0,4,3,6,7,3,3,5,10,3,3,6,26,13,4,1,0,2,1,4,3,4,0,3,10,2,0,4,3,6,7,3,3,5,10,3,3,6,26,13,0,0,0,0,0,0,1,1,0,1,1,1,1,1,1,65
1593,0,21378.867272999993,5372.757734999999,16024.120103000001,6625,0,0,1,1,0,0,1,0,0,1,0,0,0,0,0,1,0,0,0,0,0,0,0,0,0,1,0,1,1,1,1,1,0,0,47,188,141,0.75,3.0,0.010638297872340425,0,0,0.28191489361702127,0, 0, 1, 0, 0, 0,14,8,5,6,2,5,10,10,4,9,16,3,1,3,8,8,8,9,5,7,17,15,11,26,57,16,14,8,5,6,2,5,10,10,4,9,16,3,1,3,8,8,8,9,5,7,17,15,11,26,57,16,14,8,5,6,2,5,10,10,4,9,16,3,1,3,8,8,8,9,5,7,17,15,11,26,57,16,0,0,0,0,0,0,1,1,0,1,1,1,1,1,1,141
1594,0,20078.061941000004,4855.412687000002,15240.659819000004,6625,0,0,1,1,0,0,1,0,0,1,0,0,0,0,0,1,0,0,0,0,0,0,0,0,0,1,0,1,1,1,1,1,0,0,44,177,133,0.751412429378531,3.022727272727273,0.011299435028248588,0,0,0.2994350282485876,0, 0, 1, 0, 0, 0,12,7,5,6,2,5,10,9,4,8,15,3,1,3,8,8,6,9,5,7,17,15,10,25,52,14,12,7,5,6,2,5,10,9,4,8,15,3,1,3,8,8,6,9,5,7,17,15,10,25,52,14,12,7,5,6,2,5,10,9,4,8,15,3,1,3,8,8,6,9,5,7,17,15,10,25,52,14,0,0,0,0,0,0,1,1,0,1,1,1,1,1,1,133
1595,0,24816.94923499998,6215.110941000004,18619.84885899999,5905,0,0,1,1,0,0,0,1,0,0,0,0,0,0,0,1,0,0,0,0,0,0,0,0,0,1,0,1,1,1,1,1,0,0,56,224,168,0.75,3.0,0.004464285714285714,1,0,1.0,0, 0, 0, 0, 0, 0,12,11,5,13,1,11,9,8,3,16,17,7,6,3,9,14,8,0,3,12,6,14,18,32,71,22,12,11,5,13,1,11,9,8,3,16,17,7,6,3,9,14,8,0,3,12,6,14,18,32,71,22,12,11,5,13,1,11,9,8,3,16,17,7,6,3,9,14,8,0,3,12,6,14,18,32,71,22,0,0,0,0,0,0,1,1,0,1,1,1,1,1,1,168
1596,0,21297.002195000023,5294.765796999999,16020.246963000007,2701,0,0,1,1,0,1,1,0,0,0,0,1,0,0,0,1,0,0,0,0,0,0,0,0,0,1,0,1,1,1,1,1,0,0,48,192,144,0.75,3.0,0.015625,2,1.0,1.0,1, 0, 0, 0, 0, 0,10,10,6,6,3,4,11,13,5,11,14,2,2,10,8,4,8,0,4,13,14,17,12,29,63,12,10,10,6,6,3,4,11,13,5,11,14,2,2,10,8,4,8,0,4,13,14,17,12,29,63,12,10,10,6,6,3,4,11,13,5,11,14,2,2,10,8,4,8,0,4,13,14,17,12,29,63,12,0,0,0,0,0,0,1,1,0,1,1,1,1,1,1,144
1597,0,17024.474606999996,4235.023122999999,12807.462049,2177,0,0,1,0,1,0,1,0,0,0,0,0,0,0,0,1,0,0,0,0,0,0,0,0,0,1,0,1,1,1,1,1,0,0,39,158,119,0.7531645569620253,3.051282051282051,0.012658227848101266,1,0,1.0,0, 0, 0, 0, 0, 0,13,3,7,0,1,7,7,11,3,4,15,5,4,9,2,10,8,1,1,8,11,14,8,22,55,18,13,3,7,0,1,7,7,11,3,4,15,5,4,9,2,10,8,1,1,8,11,14,8,22,55,18,13,3,7,0,1,7,7,11,3,4,15,5,4,9,2,10,8,1,1,8,11,14,8,22,55,18,0,0,0,0,0,0,1,1,0,1,1,1,1,1,1,119
1600,0,30004.126075999986,7520.563663999999,22501.572977000018,565,0,0,0,0,1,0,0,1,0,0,0,0,0,0,1,1,0,0,0,0,0,0,0,0,0,1,0,1,1,1,1,1,0,0,67,268,201,0.75,3.0,0.0,0,0,1.0,0, 0, 0, 0, 0, 0,18,6,9,4,0,11,7,11,9,11,20,6,1,8,18,15,12,6,12,17,26,16,12,28,78,27,18,6,9,4,0,11,7,11,9,11,20,6,1,8,18,15,12,6,12,17,26,16,12,28,78,27,18,6,9,4,0,11,7,11,9,11,20,6,1,8,18,15,12,6,12,17,26,16,12,28,78,27,0,0,0,0,0,0,1,1,0,1,1,1,1,1,1,201
1601,0,12149.259015999998,2889.491937,9277.777644,3,1,1,0,1,0,0,1,0,0,0,0,0,0,0,0,1,0,0,0,0,0,0,0,0,0,1,0,1,1,1,1,1,0,0,28,113,85,0.7522123893805309,3.0357142857142856,0.017699115044247787,0,0,1.0,0, 0, 0, 0, 0, 0,6,4,3,4,2,5,3,7,0,5,9,1,1,3,7,7,4,4,1,9,8,6,5,11,37,11,6,4,3,4,2,5,3,7,0,5,9,1,1,3,7,7,4,4,1,9,8,6,5,11,37,11,6,4,3,4,2,5,3,7,0,5,9,1,1,3,7,7,4,4,1,9,8,6,5,11,37,11,0,0,0,0,0,0,1,1,0,1,1,1,1,1,1,85
1602,0,10061.969932000002,2543.2777129999995,7536.702784000001,8,1,1,0,0,1,0,0,1,0,0,0,0,0,0,0,1,0,0,0,0,0,0,0,0,0,1,0,1,1,1,1,1,0,0,22,88,66,0.75,3.0,0.0,0,0,1.0,0, 0, 0, 0, 0, 0,7,1,7,4,0,4,6,2,1,5,7,2,1,2,2,2,3,2,3,5,7,13,3,16,27,5,7,1,7,4,0,4,6,2,1,5,7,2,1,2,2,2,3,2,3,5,7,13,3,16,27,5,7,1,7,4,0,4,6,2,1,5,7,2,1,2,2,2,3,2,3,5,7,13,3,16,27,5,0,0,0,0,0,0,1,1,0,1,1,1,1,1,1,66
1603,0,15601.754872000005,3661.7987420000004,11957.966695000001,258,1,0,0,0,1,0,0,1,0,0,0,0,0,0,0,1,0,0,0,0,0,0,0,0,0,1,0,1,1,1,1,1,0,0,33,133,100,0.7518796992481203,3.0303030303030303,0.0,0,0,1.0,0, 0, 0, 0, 0, 0,8,8,6,3,0,6,5,3,6,4,11,2,4,3,5,2,10,3,7,4,13,11,10,21,34,12,8,8,6,3,0,6,5,3,6,4,11,2,4,3,5,2,10,3,7,4,13,11,10,21,34,12,8,8,6,3,0,6,5,3,6,4,11,2,4,3,5,2,10,3,7,4,13,11,10,21,34,12,0,0,0,0,0,0,1,1,0,1,1,1,1,1,1,100
1604,0,11518.95758099999,2922.444654,8614.523491999997,709,0,0,0,1,0,0,1,0,0,0,0,0,0,0,0,1,0,0,0,0,0,0,0,0,0,1,0,1,1,1,1,1,0,0,25,100,75,0.75,3.0,0.02,3,13.0,1.0,0, 0, 0, 0, 0, 0,6,3,0,0,2,2,3,5,5,7,5,5,5,4,5,2,4,3,2,7,9,3,8,11,35,6,6,3,0,0,2,2,3,5,5,7,5,5,5,4,5,2,4,3,2,7,9,3,8,11,35,6,6,3,0,0,2,2,3,5,5,7,5,5,5,4,5,2,4,3,2,7,9,3,8,11,35,6,0,0,0,0,0,0,1,1,0,1,1,1,1,1,1,75
1605,0,27895.927417000014,6705.202288000001,21208.73569400002,1196,0,0,1,0,1,1,1,0,1,0,0,0,0,0,0,1,0,0,0,0,0,0,0,0,0,1,0,1,1,1,1,1,0,0,63,255,192,0.7529411764705882,3.0476190476190474,0.023529411764705882,2,1.0,0.5725490196078431,0, 1, 0, 1, 1, 0,15,9,16,6,3,6,7,13,10,13,22,5,8,8,16,10,7,2,3,13,13,23,14,37,84,17,15,9,16,6,3,6,7,13,10,13,22,5,8,8,16,10,7,2,3,13,13,23,14,37,84,17,15,9,16,6,3,6,7,13,10,13,22,5,8,8,16,10,7,2,3,13,13,23,14,37,84,17,0,0,0,0,0,0,1,1,0,1,1,1,1,1,1,192
1606,0,13892.007201999992,3326.609929999999,10583.407837,4487,0,0,1,0,1,1,1,0,0,0,0,0,0,0,0,1,0,0,0,0,0,0,0,0,0,1,0,1,1,1,1,1,0,0,31,126,95,0.753968253968254,3.064516129032258,0.047619047619047616,1,0,1.0,1, 0, 0, 0, 0, 0,11,7,5,5,3,2,3,6,7,3,14,3,3,2,5,3,4,0,4,5,6,8,10,18,42,7,11,7,5,5,3,2,3,6,7,3,14,3,3,2,5,3,4,0,4,5,6,8,10,18,42,7,11,7,5,5,3,2,3,6,7,3,14,3,3,2,5,3,4,0,4,5,6,8,10,18,42,7,0,0,0,0,0,0,1,1,0,1,1,1,1,1,1,95
1607,0,11753.424636999996,2808.3653389999995,8963.069862999999,4813,0,0,1,1,0,0,1,0,0,0,1,0,0,0,1,1,0,0,0,0,0,0,0,0,0,1,0,1,1,1,1,1,0,0,26,106,80,0.7547169811320755,3.076923076923077,0.018867924528301886,2,3.0,0.12264150943396226,0, 1, 0, 0, 0, 0,12,1,5,9,2,3,5,5,1,2,5,4,4,8,2,2,6,2,2,0,12,10,5,15,28,8,12,1,5,9,2,3,5,5,1,2,5,4,4,8,2,2,6,2,2,0,12,10,5,15,28,8,12,1,5,9,2,3,5,5,1,2,5,4,4,8,2,2,6,2,2,0,12,10,5,15,28,8,0,0,0,0,0,0,1,1,0,1,1,1,1,1,1,80
1608,0,24611.947784000004,6181.184277000003,18448.774072,5156,0,0,1,0,1,0,1,0,0,0,0,0,0,0,0,1,0,0,0,0,0,0,0,0,0,1,0,1,1,1,1,1,0,0,56,224,168,0.75,3.0,0.008928571428571428,0,0,1.0,0, 0, 0, 0, 0, 0,14,9,5,1,1,9,13,12,6,10,21,8,6,6,9,12,9,0,3,14,9,18,17,35,77,21,14,9,5,1,1,9,13,12,6,10,21,8,6,6,9,12,9,0,3,14,9,18,17,35,77,21,14,9,5,1,1,9,13,12,6,10,21,8,6,6,9,12,9,0,3,14,9,18,17,35,77,21,0,0,0,0,0,0,1,1,0,1,1,1,1,1,1,168
1609,0,21354.195801999987,5267.681944,16104.524423000006,8809,0,0,1,0,1,0,1,0,0,0,0,0,0,0,0,1,0,0,0,0,0,0,0,0,0,1,0,1,1,1,1,1,0,0,47,189,142,0.7513227513227513,3.021276595744681,0.010582010582010581,1,0,1.0,0, 0, 0, 0, 0, 0,11,12,6,2,1,4,11,10,2,5,24,7,1,8,3,13,7,1,7,7,16,17,19,36,58,20,11,12,6,2,1,4,11,10,2,5,24,7,1,8,3,13,7,1,7,7,16,17,19,36,58,20,11,12,6,2,1,4,11,10,2,5,24,7,1,8,3,13,7,1,7,7,16,17,19,36,58,20,0,0,0,0,0,0,1,1,0,1,1,1,1,1,1,142
1610,0,23545.419708000005,6083.216901,17480.213372000013,10569,0,0,1,0,1,0,1,0,0,0,0,0,0,0,0,1,0,0,0,0,0,0,0,0,0,1,0,1,1,1,1,1,0,0,54,218,164,0.7522935779816514,3.037037037037037,0.009174311926605505,0,0,1.0,0, 0, 0, 0, 0, 0,19,6,9,3,1,15,8,16,2,7,29,4,1,4,6,9,11,3,2,9,9,17,10,27,81,20,19,6,9,3,1,15,8,16,2,7,29,4,1,4,6,9,11,3,2,9,9,17,10,27,81,20,19,6,9,3,1,15,8,16,2,7,29,4,1,4,6,9,11,3,2,9,9,17,10,27,81,20,0,0,0,0,0,0,1,1,0,1,1,1,1,1,1,164
1611,0,24903.844603000012,6215.278938000002,18706.576229999995,12543,0,0,1,1,0,1,1,0,0,0,0,1,0,0,0,1,0,0,0,0,0,0,0,0,0,1,0,1,1,1,1,1,0,0,54,219,165,0.7534246575342466,3.0555555555555554,0.0136986301369863,1,0,1.0,1, 0, 0, 0, 0, 0,11,11,8,1,3,7,18,11,5,13,23,4,8,7,9,6,5,0,4,10,11,26,15,41,76,11,11,11,8,1,3,7,18,11,5,13,23,4,8,7,9,6,5,0,4,10,11,26,15,41,76,11,11,11,8,1,3,7,18,11,5,13,23,4,8,7,9,6,5,0,4,10,11,26,15,41,76,11,0,0,0,0,0,0,1,1,0,1,1,1,1,1,1,165
1615,0,27766.130232000003,6940.605296000001,20843.535501000006,327,1,0,0,1,0,1,1,0,0,0,0,0,0,0,1,1,0,0,0,0,0,0,0,0,0,0,0,0,1,0,1,1,0,0,61,244,183,0.75,3.0,0.01639344262295082,0,0,1.0,0, 0, 0, 0, 0, 0,29,20,11,4,4,4,17,7,5,7,16,2,2,7,8,7,5,6,6,16,19,28,22,50,77,12,29,20,11,4,4,4,17,7,5,7,16,2,2,7,8,7,5,6,6,16,19,28,22,50,77,12,29,20,11,4,4,4,17,7,5,7,16,2,2,7,8,7,5,6,6,16,19,28,22,50,77,12,0,0,0,0,0,0,0,0,0,0,1,0,0,1,1,183
1617,0,16277.461840999995,4022.980488,12272.491918000002,1251,0,0,1,0,1,0,1,0,0,0,0,0,0,0,0,1,0,0,0,0,0,0,0,0,0,0,0,0,1,0,1,1,0,0,37,151,114,0.7549668874172185,3.081081081081081,0.013245033112582781,2,1.0,1.0,0, 0, 0, 0, 0, 0,18,11,8,0,1,3,4,9,8,4,17,1,3,0,5,5,5,1,2,9,3,12,12,24,60,10,18,11,8,0,1,3,4,9,8,4,17,1,3,0,5,5,5,1,2,9,3,12,12,24,60,10,18,11,8,0,1,3,4,9,8,4,17,1,3,0,5,5,5,1,2,9,3,12,12,24,60,10,0,0,0,0,0,0,0,0,0,0,1,0,0,1,1,114
1618,0,23610.03727900001,5905.073737000001,17722.974107000002,3444,0,0,1,1,0,1,1,0,0,0,0,0,0,0,0,1,0,0,0,0,0,0,0,0,0,0,0,0,1,0,1,1,0,0,56,224,168,0.75,3.0,0.013392857142857142,2,1.0,0.5580357142857143,0, 0, 0, 1, 0, 0,26,24,7,4,3,2,8,23,5,1,10,0,1,5,15,10,6,2,4,12,11,15,24,39,73,16,26,24,7,4,3,2,8,23,5,1,10,0,1,5,15,10,6,2,4,12,11,15,24,39,73,16,26,24,7,4,3,2,8,23,5,1,10,0,1,5,15,10,6,2,4,12,11,15,24,39,73,16,0,0,0,0,0,0,0,0,0,0,1,0,0,1,1,168
1619,0,25470.933879000022,6377.240360999998,19111.70408300001,3444,0,0,1,1,0,1,1,0,0,0,0,0,0,0,0,1,0,0,0,0,0,0,0,0,0,0,0,0,1,0,1,1,0,0,60,241,181,0.7510373443983402,3.0166666666666666,0.012448132780082987,2,1.0,0.5186721991701245,0, 0, 0, 1, 0, 0,28,25,7,4,3,2,10,24,5,2,10,0,1,5,15,10,8,2,5,15,12,17,25,42,80,18,28,25,7,4,3,2,10,24,5,2,10,0,1,5,15,10,8,2,5,15,12,17,25,42,80,18,28,25,7,4,3,2,10,24,5,2,10,0,1,5,15,10,8,2,5,15,12,17,25,42,80,18,0,0,0,0,0,0,0,0,0,0,1,0,0,1,1,181
1620,0,14233.381762000008,3808.0431089999997,10443.349218000003,6670,0,0,1,1,0,0,1,0,0,0,0,0,0,0,0,1,0,0,0,0,0,0,0,0,0,0,0,0,1,0,1,1,0,0,33,132,99,0.75,3.0,0.015151515151515152,0,0,1.0,0, 0, 0, 0, 0, 0,20,8,4,3,2,0,1,9,0,2,12,0,2,6,6,6,7,4,2,5,12,5,8,13,50,13,20,8,4,3,2,0,1,9,0,2,12,0,2,6,6,6,7,4,2,5,12,5,8,13,50,13,20,8,4,3,2,0,1,9,0,2,12,0,2,6,6,6,7,4,2,5,12,5,8,13,50,13,0,0,0,0,0,0,0,0,0,0,1,0,0,1,1,99
1621,0,16210.658041999995,4077.219078,12151.449528999994,7271,0,0,1,1,0,0,0,1,0,0,0,0,0,0,0,1,0,0,0,0,0,1,0,0,1,0,0,0,0,0,1,1,0,0,37,148,111,0.75,3.0,0.006756756756756757,1,0,1.0,0, 0, 0, 0, 0, 0,7,9,6,1,1,11,6,11,0,6,14,4,1,1,3,8,8,1,3,10,5,12,13,25,49,16,7,9,6,1,1,11,6,11,0,6,14,4,1,1,3,8,8,1,3,10,5,12,13,25,49,16,7,9,6,1,1,11,6,11,0,6,14,4,1,1,3,8,8,1,3,10,5,12,13,25,49,16,1,0,0,1,0,0,0,0,0,0,0,0,0,1,1,111
1622,0,28735.302325,6875.483696999998,21877.829192999998,4616,0,0,1,0,1,1,1,0,0,0,0,0,0,0,0,1,0,0,0,0,0,1,0,0,1,0,0,0,0,0,1,1,0,0,66,264,198,0.75,3.0,0.022727272727272728,2,9.0,1.0,0, 0, 0, 0, 0, 0,26,12,16,8,5,9,11,16,7,11,22,3,2,9,8,5,7,1,10,10,20,27,15,42,87,12,26,12,16,8,5,9,11,16,7,11,22,3,2,9,8,5,7,1,10,10,20,27,15,42,87,12,26,12,16,8,5,9,11,16,7,11,22,3,2,9,8,5,7,1,10,10,20,27,15,42,87,12,1,0,0,1,0,0,0,0,0,0,0,0,0,1,1,198
1623,0,28969.510546999987,7220.517735999999,21767.00337600001,213,1,0,0,0,1,0,0,1,0,0,0,0,0,0,1,1,0,0,0,0,0,1,0,0,1,0,0,0,0,0,1,1,0,0,62,250,188,0.752,3.032258064516129,0.004,0,0,1.0,0, 0, 0, 0, 0, 0,17,18,12,3,1,12,14,12,7,10,22,2,4,5,10,10,7,7,7,8,19,26,20,46,73,17,17,18,12,3,1,12,14,12,7,10,22,2,4,5,10,10,7,7,7,8,19,26,20,46,73,17,17,18,12,3,1,12,14,12,7,10,22,2,4,5,10,10,7,7,7,8,19,26,20,46,73,17,1,0,0,1,0,0,0,0,0,0,0,0,0,1,1,188
1624,0,10269.165946000003,2762.3387340000004,7524.837776999998,59,1,1,0,0,1,0,0,1,0,0,0,0,0,0,0,1,0,0,0,0,0,1,0,0,1,0,0,0,0,0,1,1,0,0,22,91,69,0.7582417582417582,3.1363636363636362,0.0,0,0,1.0,0, 0, 0, 0, 0, 0,8,2,6,1,0,4,7,7,2,7,8,2,2,2,3,1,1,1,1,4,4,13,4,17,36,2,8,2,6,1,0,4,7,7,2,7,8,2,2,2,3,1,1,1,1,4,4,13,4,17,36,2,8,2,6,1,0,4,7,7,2,7,8,2,2,2,3,1,1,1,1,4,4,13,4,17,36,2,1,0,0,1,0,0,0,0,0,0,0,0,0,1,1,69
1625,0,5751.31006,1492.9414919999997,4276.379133000001,5,1,1,0,1,0,0,0,1,0,0,0,0,0,0,0,1,0,0,0,0,0,1,0,0,1,0,0,0,0,0,1,1,0,0,13,52,39,0.75,3.0,0.019230769230769232,1,0,1.0,0, 0, 0, 0, 0, 0,3,1,0,1,1,1,0,6,1,5,6,1,0,4,2,0,1,1,2,3,7,0,2,2,23,1,3,1,0,1,1,1,0,6,1,5,6,1,0,4,2,0,1,1,2,3,7,0,2,2,23,1,3,1,0,1,1,1,0,6,1,5,6,1,0,4,2,0,1,1,2,3,7,0,2,2,23,1,1,0,0,1,0,0,0,0,0,0,0,0,0,1,1,39
1626,0,33620.06287399998,8432.439675,25205.633764,1816,0,0,1,1,0,0,0,1,0,0,0,0,0,0,0,1,0,0,0,0,0,1,0,0,1,0,0,0,0,0,1,1,0,0,74,299,225,0.7525083612040134,3.0405405405405403,0.0033444816053511705,0,0,1.0,0, 0, 0, 0, 0, 0,16,16,6,6,1,23,16,14,6,8,38,8,6,3,15,9,9,2,3,20,8,22,24,46,102,18,16,16,6,6,1,23,16,14,6,8,38,8,6,3,15,9,9,2,3,20,8,22,24,46,102,18,16,16,6,6,1,23,16,14,6,8,38,8,6,3,15,9,9,2,3,20,8,22,24,46,102,18,1,0,0,1,0,0,0,0,0,0,0,0,0,1,1,225
1629,0,6685.325000000001,1502.7043700000004,5200.631194999999,12398,0,0,1,0,1,1,1,0,0,0,0,0,0,0,0,1,0,0,0,0,0,1,0,0,1,0,0,1,1,0,1,1,0,0,15,63,48,0.7619047619047619,3.2,0.047619047619047616,1,0,1.0,0, 0, 0, 0, 0, 0,6,1,2,1,1,5,6,2,0,4,7,1,1,2,2,5,0,0,0,2,2,8,2,10,22,5,6,1,2,1,1,5,6,2,0,4,7,1,1,2,2,5,0,0,0,2,2,8,2,10,22,5,6,1,2,1,1,5,6,2,0,4,7,1,1,2,2,5,0,0,0,2,2,8,2,10,22,5,1,0,0,1,0,0,0,0,0,1,1,1,0,1,1,48
1630,0,24290.761171999977,5975.102078,18333.669659,9703,0,0,1,1,0,1,1,0,0,0,0,0,0,0,0,1,0,0,0,0,0,1,0,0,1,0,0,1,1,0,1,1,0,0,56,226,170,0.7522123893805309,3.0357142857142856,0.022123893805309734,3,44.0,1.0,0, 0, 0, 0, 0, 0,24,11,4,6,5,16,8,16,5,15,20,4,3,3,2,5,9,3,1,10,7,12,15,27,88,14,24,11,4,6,5,16,8,16,5,15,20,4,3,3,2,5,9,3,1,10,7,12,15,27,88,14,24,11,4,6,5,16,8,16,5,15,20,4,3,3,2,5,9,3,1,10,7,12,15,27,88,14,1,0,0,1,0,0,0,0,0,1,1,1,0,1,1,170
1631,0,22579.182043000004,5407.781974999999,17189.410632999985,5261,0,0,1,0,1,1,1,0,0,0,0,0,0,0,0,1,0,0,0,0,0,1,0,0,1,0,0,1,1,0,1,1,0,0,52,210,158,0.7523809523809524,3.0384615384615383,0.01904761904761905,3,11.5,1.0,0, 0, 0, 0, 0, 0,21,8,2,2,3,8,2,13,0,9,27,5,5,10,8,8,5,3,6,13,19,4,13,17,88,13,21,8,2,2,3,8,2,13,0,9,27,5,5,10,8,8,5,3,6,13,19,4,13,17,88,13,21,8,2,2,3,8,2,13,0,9,27,5,5,10,8,8,5,3,6,13,19,4,13,17,88,13,1,0,0,1,0,0,0,0,0,1,1,1,0,1,1,158
1632,0,10397.307874999999,2754.4023949999996,7660.916045000003,14,1,1,0,1,0,0,1,0,0,0,0,0,0,0,0,1,0,0,0,0,0,1,0,0,1,0,0,1,1,0,1,1,0,0,23,92,69,0.75,3.0,0.021739130434782608,1,0,1.0,0, 0, 0, 0, 0, 1,9,4,5,2,2,3,8,4,1,7,6,2,1,2,3,0,2,1,1,6,4,13,6,19,33,2,9,4,5,2,2,3,8,4,1,7,6,2,1,2,3,0,2,1,1,6,4,13,6,19,33,2,9,4,5,2,2,3,8,4,1,7,6,2,1,2,3,0,2,1,1,6,4,13,6,19,33,2,1,0,0,1,0,0,0,0,0,1,1,1,0,1,1,69
1633,0,28968.41037799998,7181.560982,21804.859961000013,267,1,0,0,0,1,1,1,0,1,0,0,0,0,0,0,1,0,0,0,0,0,1,0,0,1,0,0,1,1,0,1,1,0,0,62,251,189,0.7529880478087649,3.0483870967741935,0.01593625498007968,2,5.0,0.43824701195219123,0, 0, 0, 0, 1, 0,22,16,13,4,4,10,11,9,8,7,21,6,5,6,7,11,7,7,7,8,20,24,22,46,72,18,22,16,13,4,4,10,11,9,8,7,21,6,5,6,7,11,7,7,7,8,20,24,22,46,72,18,22,16,13,4,4,10,11,9,8,7,21,6,5,6,7,11,7,7,7,8,20,24,22,46,72,18,1,0,0,1,0,0,0,0,0,1,1,1,0,1,1,189
1634,0,3319.851422,793.4407959999999,2544.4211909999995,6729,0,0,1,1,0,0,0,1,0,0,0,0,0,0,0,1,0,0,0,0,0,1,0,0,1,0,0,1,1,0,1,1,0,0,7,31,24,0.7741935483870968,3.4285714285714284,0.03225806451612903,0,0,1.0,0, 0, 0, 0, 0, 0,1,1,0,0,1,0,0,2,0,1,6,0,1,2,3,2,2,0,0,2,2,0,1,1,13,4,1,1,0,0,1,0,0,2,0,1,6,0,1,2,3,2,2,0,0,2,2,0,1,1,13,4,1,1,0,0,1,0,0,2,0,1,6,0,1,2,3,2,2,0,0,2,2,0,1,1,13,4,1,0,0,1,0,0,0,0,0,1,1,1,0,1,1,24
1635,0,3996.163402,1058.5695179999998,2955.6044490000013,38,1,1,0,1,0,0,0,1,0,0,0,0,0,0,0,1,0,0,0,0,0,0,0,0,0,0,0,1,0,0,1,1,0,0,9,37,28,0.7567567567567568,3.111111111111111,0.02702702702702703,1,0,1.0,0, 0, 0, 0, 0, 0,3,1,1,0,1,0,0,4,1,1,7,0,0,1,1,1,2,1,1,2,3,1,1,2,17,3,3,1,1,0,1,0,0,4,1,1,7,0,0,1,1,1,2,1,1,2,3,1,1,2,17,3,3,1,1,0,1,0,0,4,1,1,7,0,0,1,1,1,2,1,1,2,3,1,1,2,17,3,0,0,0,0,0,0,1,0,0,1,0,1,0,1,1,28
1636,0,10716.516560000005,2852.3778219999995,7882.149303000002,32,1,1,0,0,1,0,1,0,0,0,0,0,0,0,0,1,0,0,0,0,0,0,0,0,0,0,0,1,0,0,1,1,0,0,24,97,73,0.7525773195876289,3.0416666666666665,0.020618556701030927,0,0,1.0,0, 0, 0, 0, 0, 0,10,4,2,2,1,5,5,6,3,5,8,3,0,1,1,6,2,1,2,6,4,7,7,14,35,8,10,4,2,2,1,5,5,6,3,5,8,3,0,1,1,6,2,1,2,6,4,7,7,14,35,8,10,4,2,2,1,5,5,6,3,5,8,3,0,1,1,6,2,1,2,6,4,7,7,14,35,8,0,0,0,0,0,0,1,0,0,1,0,1,0,1,1,73
1637,0,29232.693236999996,7205.500310999999,22045.20349100002,351,1,0,0,0,1,0,1,0,0,0,0,0,0,0,0,1,0,0,0,0,0,0,0,0,0,0,0,1,0,0,1,1,0,0,62,250,188,0.752,3.032258064516129,0.008,0,0,1.0,0, 0, 0, 0, 0, 0,20,22,11,2,1,8,18,9,7,10,19,3,5,5,8,9,7,7,7,10,19,29,25,54,73,16,20,22,11,2,1,8,18,9,7,10,19,3,5,5,8,9,7,7,7,10,19,29,25,54,73,16,20,22,11,2,1,8,18,9,7,10,19,3,5,5,8,9,7,7,7,10,19,29,25,54,73,16,0,0,0,0,0,0,1,0,0,1,0,1,0,1,1,188
1639,0,12368.130679999998,3012.7669639999995,9373.374281,4904,0,0,1,0,1,1,1,0,1,1,0,0,0,0,1,1,0,0,0,0,0,0,0,0,0,0,0,1,0,0,1,1,0,1,28,115,87,0.7565217391304347,3.107142857142857,0.05217391304347826,2,32.0,0.3565217391304348,0, 0, 1, 0, 1, 0,10,3,9,2,5,6,2,5,7,2,8,2,2,2,8,6,3,1,0,4,3,11,5,16,31,9,10,3,9,2,5,6,2,5,7,2,8,2,2,2,8,6,3,1,0,4,3,11,5,16,31,9,10,3,9,2,5,6,2,5,7,2,8,2,2,2,8,6,3,1,0,4,3,11,5,16,31,9,0,0,0,0,0,0,1,0,0,1,0,1,0,1,1,87
1642,0,11765.984512000014,2782.4806609999996,9001.514416000002,6280,0,0,1,0,1,1,1,0,0,0,0,0,0,0,0,1,0,0,0,0,0,0,0,0,0,0,0,0,0,0,1,1,0,0,27,110,83,0.7545454545454545,3.074074074074074,0.03636363636363636,3,43.5,1.0,0, 0, 0, 0, 0, 0,10,9,5,2,3,7,1,5,1,1,4,4,2,1,10,6,6,0,2,4,3,6,13,19,26,12,10,9,5,2,3,7,1,5,1,1,4,4,2,1,10,6,6,0,2,4,3,6,13,19,26,12,10,9,5,2,3,7,1,5,1,1,4,4,2,1,10,6,6,0,2,4,3,6,13,19,26,12,0,0,0,0,0,0,0,0,0,0,0,0,0,1,1,83
1643,0,3034.4503340000006,820.462929,2231.9979700000004,2003,0,0,1,1,0,0,1,0,1,0,0,0,0,0,1,1,0,0,0,0,0,0,0,0,0,0,0,0,0,0,1,1,0,0,6,26,20,0.7692307692307693,3.3333333333333335,0.07692307692307693,1,0,0.2692307692307692,0, 0, 0, 0, 1, 0,1,1,0,2,2,0,3,2,0,1,0,0,0,2,1,1,0,0,1,3,3,3,1,4,7,1,1,1,0,2,2,0,3,2,0,1,0,0,0,2,1,1,0,0,1,3,3,3,1,4,7,1,1,1,0,2,2,0,3,2,0,1,0,0,0,2,1,1,0,0,1,3,3,3,1,4,7,1,0,0,0,0,0,0,0,0,0,0,0,0,0,1,1,20
1644,0,32492.495838000013,8084.0840320000025,24426.422370999997,1020,0,0,1,0,1,1,1,0,0,0,0,0,0,0,0,1,0,0,0,0,0,0,0,0,0,0,0,0,0,0,1,1,0,0,74,299,225,0.7525083612040134,3.0405405405405403,0.010033444816053512,3,25.5,1.0,0, 0, 0, 0, 0, 0,22,15,15,7,2,8,11,19,8,12,29,3,7,10,13,17,12,2,2,11,14,26,18,44,100,29,22,15,15,7,2,8,11,19,8,12,29,3,7,10,13,17,12,2,2,11,14,26,18,44,100,29,22,15,15,7,2,8,11,19,8,12,29,3,7,10,13,17,12,2,2,11,14,26,18,44,100,29,0,0,0,0,0,0,0,0,0,0,0,0,0,1,1,225
1645,0,28055.604162,7113.662369999999,20959.952357000013,271,1,0,0,0,1,0,1,0,0,0,0,0,0,0,0,1,0,0,0,0,0,0,0,0,0,0,0,0,0,0,1,1,0,0,62,250,188,0.752,3.032258064516129,0.008,0,0,1.0,0, 0, 0, 0, 0, 0,28,15,15,2,1,6,9,9,8,8,24,6,2,8,7,11,6,4,5,14,17,24,21,45,85,17,28,15,15,2,1,6,9,9,8,8,24,6,2,8,7,11,6,4,5,14,17,24,21,45,85,17,28,15,15,2,1,6,9,9,8,8,24,6,2,8,7,11,6,4,5,14,17,24,21,45,85,17,0,0,0,0,0,0,0,0,0,0,0,0,0,1,1,188
1650,0,16733.914862999998,4240.300166,12511.625261999992,7789,0,0,1,1,0,0,0,1,0,0,0,0,0,0,0,1,0,0,0,0,0,1,0,0,1,0,0,0,0,0,1,1,0,0,38,153,115,0.7516339869281046,3.026315789473684,0.006535947712418301,1,0,1.0,0, 0, 0, 0, 0, 0,4,9,6,2,1,10,6,13,0,5,12,6,1,1,3,11,7,1,3,14,5,12,15,27,49,18,4,9,6,2,1,10,6,13,0,5,12,6,1,1,3,11,7,1,3,14,5,12,15,27,49,18,4,9,6,2,1,10,6,13,0,5,12,6,1,1,3,11,7,1,3,14,5,12,15,27,49,18,1,0,0,1,0,0,1,0,0,0,0,0,0,1,1,115
1651,0,29238.609294000005,7072.672897999999,22183.946960999998,4769,0,0,1,0,1,1,1,0,0,0,0,0,0,0,0,1,0,0,0,0,0,1,0,0,1,0,0,0,0,0,1,1,0,0,66,264,198,0.75,3.0,0.026515151515151516,2,9.0,1.0,0, 0, 0, 0, 0, 0,19,15,13,6,6,9,15,16,7,12,21,2,4,6,7,10,5,1,11,13,18,28,17,45,85,15,19,15,13,6,6,9,15,16,7,12,21,2,4,6,7,10,5,1,11,13,18,28,17,45,85,15,19,15,13,6,6,9,15,16,7,12,21,2,4,6,7,10,5,1,11,13,18,28,17,45,85,15,1,0,0,1,0,0,1,0,0,0,0,0,0,1,1,198
1652,0,29042.520397999993,7251.505789999998,21809.02517300002,243,1,0,0,0,1,0,0,1,0,0,0,0,0,0,1,1,0,0,0,0,0,1,0,0,1,0,0,0,0,0,1,1,0,0,62,251,189,0.7529880478087649,3.0483870967741935,0.00398406374501992,0,0,1.0,0, 0, 0, 0, 0, 0,18,18,13,3,1,13,12,12,7,9,22,2,4,5,10,10,7,7,7,9,19,25,20,45,74,17,18,18,13,3,1,13,12,12,7,9,22,2,4,5,10,10,7,7,7,9,19,25,20,45,74,17,18,18,13,3,1,13,12,12,7,9,22,2,4,5,10,10,7,7,7,9,19,25,20,45,74,17,1,0,0,1,0,0,1,0,0,0,0,0,0,1,1,189
1653,0,10351.182660000006,2730.276134,7638.917090999998,29,1,1,0,0,1,0,0,1,0,0,0,0,0,0,0,1,0,0,0,0,0,1,0,0,1,0,0,0,0,0,1,1,0,0,22,91,69,0.7582417582417582,3.1363636363636362,0.0,0,0,1.0,0, 0, 0, 0, 0, 0,7,2,5,1,0,6,7,5,2,7,7,2,2,2,3,3,0,1,1,6,4,12,4,16,34,3,7,2,5,1,0,6,7,5,2,7,7,2,2,2,3,3,0,1,1,6,4,12,4,16,34,3,7,2,5,1,0,6,7,5,2,7,7,2,2,2,3,3,0,1,1,6,4,12,4,16,34,3,1,0,0,1,0,0,1,0,0,0,0,0,0,1,1,69
1657,0,27128.222375999976,6255.213653999999,20891.01928699999,7617,0,0,1,1,0,0,1,0,0,0,0,0,0,0,0,1,0,0,0,0,0,0,0,0,0,1,0,1,0,1,1,1,0,0,61,247,186,0.7530364372469636,3.0491803278688523,0.008097165991902834,0,0,1.0,0, 0, 0, 0, 0, 0,16,17,12,8,2,8,12,10,10,10,32,4,2,4,5,11,11,1,2,9,7,24,21,45,79,22,16,17,12,8,2,8,12,10,10,10,32,4,2,4,5,11,11,1,2,9,7,24,21,45,79,22,16,17,12,8,2,8,12,10,10,10,32,4,2,4,5,11,11,1,2,9,7,24,21,45,79,22,0,0,0,0,0,0,0,1,0,1,0,1,1,1,1,186
1658,0,29696.99876099998,7811.2574049999985,21903.75192099999,6814,0,0,1,1,0,1,1,0,0,0,0,0,0,0,0,1,0,0,0,0,0,0,0,0,0,1,0,1,0,1,1,1,0,0,67,268,201,0.75,3.0,0.011194029850746268,1,0,1.0,0, 0, 0, 0, 0, 0,24,10,2,5,3,4,7,14,1,12,35,5,8,16,11,19,3,1,8,13,25,9,15,24,106,22,24,10,2,5,3,4,7,14,1,12,35,5,8,16,11,19,3,1,8,13,25,9,15,24,106,22,24,10,2,5,3,4,7,14,1,12,35,5,8,16,11,19,3,1,8,13,25,9,15,24,106,22,0,0,0,0,0,0,0,1,0,1,0,1,1,1,1,201
1659,0,24684.840722999983,6313.1389800000015,18389.712308000002,6042,0,0,1,1,0,0,0,1,0,0,0,0,0,0,0,1,0,0,0,0,0,0,0,0,0,1,0,1,0,1,1,1,0,0,55,221,166,0.751131221719457,3.018181818181818,0.004524886877828055,1,0,1.0,0, 0, 0, 0, 0, 0,15,12,8,10,1,7,9,9,5,13,15,9,6,4,7,11,7,0,3,15,7,17,21,38,73,18,15,12,8,10,1,7,9,9,5,13,15,9,6,4,7,11,7,0,3,15,7,17,21,38,73,18,15,12,8,10,1,7,9,9,5,13,15,9,6,4,7,11,7,0,3,15,7,17,21,38,73,18,0,0,0,0,0,0,0,1,0,1,0,1,1,1,1,166
1660,0,25098.249789999998,6126.392568000004,18989.867787000003,1717,0,0,1,1,0,0,0,1,0,0,0,0,0,0,0,1,0,0,0,0,0,0,0,0,0,1,0,1,0,1,1,1,0,0,58,233,175,0.7510729613733905,3.0172413793103448,0.004291845493562232,0,0,1.0,0, 0, 0, 0, 0, 0,21,11,13,5,1,4,9,12,3,11,21,4,8,3,11,8,8,3,3,16,9,22,15,37,89,16,21,11,13,5,1,4,9,12,3,11,21,4,8,3,11,8,8,3,3,16,9,22,15,37,89,16,21,11,13,5,1,4,9,12,3,11,21,4,8,3,11,8,8,3,3,16,9,22,15,37,89,16,0,0,0,0,0,0,0,1,0,1,0,1,1,1,1,175
1661,0,27053.813112000003,6781.5181189999985,20290.305558000007,989,0,0,0,1,0,0,1,0,0,0,0,0,0,0,1,1,0,0,0,0,0,0,0,0,0,1,0,1,0,1,1,1,0,0,61,247,186,0.7530364372469636,3.0491803278688523,0.008097165991902834,2,20.0,1.0,0, 0, 0, 0, 0, 0,23,11,5,4,2,3,6,14,0,13,32,4,3,10,5,9,7,5,6,24,21,11,15,26,109,16,23,11,5,4,2,3,6,14,0,13,32,4,3,10,5,9,7,5,6,24,21,11,15,26,109,16,23,11,5,4,2,3,6,14,0,13,32,4,3,10,5,9,7,5,6,24,21,11,15,26,109,16,0,0,0,0,0,0,0,1,0,1,0,1,1,1,1,186
1662,0,10163.868871999997,2691.3737410000003,7490.505695999999,11,1,1,0,1,0,1,1,0,0,0,0,0,0,0,0,1,0,0,0,0,0,0,0,0,0,1,0,1,0,1,1,1,0,0,22,90,68,0.7555555555555555,3.090909090909091,0.03333333333333333,0,0,1.0,0, 0, 0, 0, 0, 0,4,2,5,2,3,2,5,6,3,2,6,2,1,3,2,7,3,1,3,6,7,10,4,14,25,10,4,2,5,2,3,2,5,6,3,2,6,2,1,3,2,7,3,1,3,6,7,10,4,14,25,10,4,2,5,2,3,2,5,6,3,2,6,2,1,3,2,7,3,1,3,6,7,10,4,14,25,10,0,0,0,0,0,0,0,1,0,1,0,1,1,1,1,68
1663,0,28150.116981000006,7118.434402999999,21049.693143000015,261,1,0,0,0,1,1,1,0,0,0,0,0,0,0,0,1,0,0,0,0,0,0,0,0,0,1,0,1,0,1,1,1,0,0,60,242,182,0.7520661157024794,3.033333333333333,0.012396694214876033,0,0,1.0,0, 0, 0, 0, 0, 0,19,18,15,5,2,7,10,11,9,8,21,3,2,6,8,6,6,6,8,12,20,25,21,46,73,12,19,18,15,5,2,7,10,11,9,8,21,3,2,6,8,6,6,6,8,12,20,25,21,46,73,12,19,18,15,5,2,7,10,11,9,8,21,3,2,6,8,6,6,6,8,12,20,25,21,46,73,12,0,0,0,0,0,0,0,1,0,1,0,1,1,1,1,182
1665,0,6917.291392000002,1556.8497119999997,5378.452245000002,10320,0,0,1,1,0,0,1,0,0,0,0,0,0,0,0,1,0,0,0,0,0,0,0,0,0,1,0,1,0,1,1,1,0,0,15,62,47,0.7580645161290323,3.1333333333333333,0.03225806451612903,1,0,1.0,0, 0, 0, 0, 0, 0,2,1,4,0,2,2,4,3,2,1,6,2,1,4,1,6,3,0,3,0,7,8,3,11,13,9,2,1,4,0,2,2,4,3,2,1,6,2,1,4,1,6,3,0,3,0,7,8,3,11,13,9,2,1,4,0,2,2,4,3,2,1,6,2,1,4,1,6,3,0,3,0,7,8,3,11,13,9,0,0,0,0,0,0,0,1,0,1,0,1,1,1,1,47
1667,0,11346.876785000002,2897.5657749999996,8467.321575000002,4,1,1,0,1,0,0,0,1,0,0,0,0,0,0,0,1,0,0,0,0,0,0,0,0,0,0,0,0,0,0,1,1,0,0,25,102,77,0.7549019607843137,3.08,0.00980392156862745,0,0,1.0,0, 0, 0, 0, 0, 0,13,5,6,0,1,4,9,2,0,4,8,2,3,1,3,2,4,1,1,8,3,15,7,22,38,6,13,5,6,0,1,4,9,2,0,4,8,2,3,1,3,2,4,1,1,8,3,15,7,22,38,6,13,5,6,0,1,4,9,2,0,4,8,2,3,1,3,2,4,1,1,8,3,15,7,22,38,6,0,0,0,0,0,0,0,0,0,0,0,0,0,1,1,77
1668,0,28455.522324000012,7012.61335,21460.91953900001,371,1,0,0,1,0,0,1,0,0,0,0,0,0,0,0,1,0,0,0,0,0,0,0,0,0,0,0,0,0,0,1,1,0,0,62,251,189,0.7529880478087649,3.0483870967741935,0.00796812749003984,0,0,1.0,0, 0, 0, 0, 0, 0,18,15,13,6,2,4,14,12,7,11,18,7,3,9,10,7,12,3,7,11,19,27,22,49,73,19,18,15,13,6,2,4,14,12,7,11,18,7,3,9,10,7,12,3,7,11,19,27,22,49,73,19,18,15,13,6,2,4,14,12,7,11,18,7,3,9,10,7,12,3,7,11,19,27,22,49,73,19,0,0,0,0,0,0,0,0,0,0,0,0,0,1,1,189
1669,0,29256.927795999993,6953.637122,22321.301239000015,371,1,0,0,1,0,0,1,0,0,0,0,0,0,0,0,1,0,0,0,0,0,0,0,0,0,0,0,0,0,0,1,1,0,0,64,259,195,0.752895752895753,3.046875,0.007722007722007722,0,0,1.0,0, 0, 0, 0, 0, 0,18,16,13,6,2,5,14,12,7,11,18,7,3,9,10,8,12,3,10,11,22,27,23,50,73,20,18,16,13,6,2,5,14,12,7,11,18,7,3,9,10,8,12,3,10,11,22,27,23,50,73,20,18,16,13,6,2,5,14,12,7,11,18,7,3,9,10,8,12,3,10,11,22,27,23,50,73,20,0,0,0,0,0,0,0,0,0,0,0,0,0,1,1,195
1671,0,20788.125856000002,5001.424527999999,15804.711892999996,4444,0,0,1,0,1,1,1,0,0,0,1,0,0,0,0,1,0,0,0,0,0,0,0,0,0,0,0,0,0,0,1,1,0,0,47,188,141,0.75,3.0,0.02127659574468085,2,4.0,0.34574468085106386,0, 2, 0, 0, 0, 0,17,10,14,7,2,8,5,8,3,5,10,7,6,6,9,4,9,0,6,5,12,19,17,36,51,13,17,10,14,7,2,8,5,8,3,5,10,7,6,6,9,4,9,0,6,5,12,19,17,36,51,13,17,10,14,7,2,8,5,8,3,5,10,7,6,6,9,4,9,0,6,5,12,19,17,36,51,13,0,0,0,0,0,0,0,0,0,0,0,0,0,1,1,141
1672,0,17126.834231,4148.059842000001,12996.784953999997,6475,0,0,1,0,1,1,1,0,0,0,0,0,0,0,0,1,0,0,0,0,0,0,0,0,0,0,0,0,0,0,1,1,0,0,39,158,119,0.7531645569620253,3.051282051282051,0.0189873417721519,2,1.0,1.0,0, 0, 0, 0, 0, 0,15,6,4,4,2,5,7,12,4,4,12,9,1,8,9,3,4,1,3,6,12,11,15,26,50,7,15,6,4,4,2,5,7,12,4,4,12,9,1,8,9,3,4,1,3,6,12,11,15,26,50,7,15,6,4,4,2,5,7,12,4,4,12,9,1,8,9,3,4,1,3,6,12,11,15,26,50,7,0,0,0,0,0,0,0,0,0,0,0,0,0,1,1,119
1674,0,4274.055838000002,1097.5651620000003,3194.501241000001,14578,0,0,1,1,0,0,1,0,0,0,0,0,0,0,0,1,0,0,0,0,0,0,0,0,0,0,0,0,0,0,1,1,0,0,9,39,30,0.7692307692307693,3.3333333333333335,0.05128205128205128,0,0,1.0,0, 0, 0, 0, 0, 0,1,2,2,0,2,1,2,4,0,0,3,0,0,2,0,4,2,0,1,4,3,4,2,6,12,6,1,2,2,0,2,1,2,4,0,0,3,0,0,2,0,4,2,0,1,4,3,4,2,6,12,6,1,2,2,0,2,1,2,4,0,0,3,0,0,2,0,4,2,0,1,4,3,4,2,6,12,6,0,0,0,0,0,0,0,0,0,0,0,0,0,1,1,30
1680,0,28025.593597000003,7083.6518049999995,20959.952357000013,273,1,0,0,0,1,0,1,0,0,0,0,0,0,0,0,1,0,0,0,0,0,0,0,0,0,0,0,0,0,0,1,1,0,0,62,250,188,0.752,3.032258064516129,0.008,0,0,1.0,0, 0, 0, 0, 0, 0,28,15,15,2,1,6,9,9,8,8,24,6,2,8,7,11,6,4,5,14,17,24,21,45,85,17,28,15,15,2,1,6,9,9,8,8,24,6,2,8,7,11,6,4,5,14,17,24,21,45,85,17,28,15,15,2,1,6,9,9,8,8,24,6,2,8,7,11,6,4,5,14,17,24,21,45,85,17,0,0,0,0,0,0,0,0,0,0,0,0,0,1,1,188
1681,0,32520.527139000016,8084.0840320000025,24454.453671999996,1022,0,0,1,0,1,1,1,0,0,0,0,0,0,0,0,1,0,0,0,0,0,0,0,0,0,0,0,0,0,0,1,1,0,0,74,299,225,0.7525083612040134,3.0405405405405403,0.010033444816053512,3,25.5,1.0,0, 0, 0, 0, 0, 0,21,15,15,7,2,8,11,19,8,12,29,3,7,10,13,17,12,2,2,12,14,26,18,44,100,29,21,15,15,7,2,8,11,19,8,12,29,3,7,10,13,17,12,2,2,12,14,26,18,44,100,29,21,15,15,7,2,8,11,19,8,12,29,3,7,10,13,17,12,2,2,12,14,26,18,44,100,29,0,0,0,0,0,0,0,0,0,0,0,0,0,1,1,225
1682,0,2986.4503340000006,820.462929,2183.9979700000004,2005,0,0,1,1,0,0,1,0,1,0,0,0,0,0,1,1,0,0,0,0,0,0,0,0,0,0,0,0,0,0,1,1,0,0,6,26,20,0.7692307692307693,3.3333333333333335,0.07692307692307693,1,0,0.2692307692307692,0, 0, 0, 0, 1, 0,1,1,0,2,2,0,3,2,0,1,0,0,0,1,1,1,0,0,1,4,2,3,1,4,8,1,1,1,0,2,2,0,3,2,0,1,0,0,0,1,1,1,0,0,1,4,2,3,1,4,8,1,1,1,0,2,2,0,3,2,0,1,0,0,0,1,1,1,0,0,1,4,2,3,1,4,8,1,0,0,0,0,0,0,0,0,0,0,0,0,0,1,1,20
1687,0,2951.4893610000004,702.352315,2267.147611,2142,0,0,1,1,0,0,0,1,0,0,0,0,0,0,1,1,0,0,0,0,0,0,0,0,0,0,0,0,0,0,1,1,0,0,6,26,20,0.7692307692307693,3.3333333333333335,0.038461538461538464,1,0,1.0,0, 0, 0, 0, 0, 0,1,1,0,1,1,0,2,1,0,2,0,2,2,0,1,1,1,0,1,3,1,2,3,5,9,2,1,1,0,1,1,0,2,1,0,2,0,2,2,0,1,1,1,0,1,3,1,2,3,5,9,2,1,1,0,1,1,0,2,1,0,2,0,2,2,0,1,1,1,0,1,3,1,2,3,5,9,2,0,0,0,0,0,0,0,0,0,0,0,0,0,1,1,20
1688,0,29114.90434199999,6930.629000000001,22202.285907000012,320,1,0,0,1,0,0,1,0,0,0,0,0,0,0,0,1,0,0,0,0,0,0,0,0,0,0,0,0,0,0,1,1,0,0,64,259,195,0.752895752895753,3.046875,0.007722007722007722,0,0,1.0,0, 0, 0, 0, 0, 0,20,15,11,4,2,4,16,11,8,11,16,8,2,8,10,11,10,3,11,14,22,27,23,50,74,21,20,15,11,4,2,4,16,11,8,11,16,8,2,8,10,11,10,3,11,14,22,27,23,50,74,21,20,15,11,4,2,4,16,11,8,11,16,8,2,8,10,11,10,3,11,14,22,27,23,50,74,21,0,0,0,0,0,0,0,0,0,0,0,0,0,1,1,195
1689,0,11395.022797999998,2829.554816,8583.478547,4,1,1,0,1,0,0,0,1,0,0,0,0,0,0,0,1,0,0,0,0,0,0,0,0,0,0,0,0,0,0,1,1,0,0,25,103,78,0.7572815533980582,3.12,0.009708737864077669,0,0,1.0,0, 0, 0, 0, 0, 0,11,5,8,2,1,4,7,3,0,4,9,3,1,1,4,0,4,1,1,9,3,15,8,23,37,4,11,5,8,2,1,4,7,3,0,4,9,3,1,1,4,0,4,1,1,9,3,15,8,23,37,4,11,5,8,2,1,4,7,3,0,4,9,3,1,1,4,0,4,1,1,9,3,15,8,23,37,4,0,0,0,0,0,0,0,0,0,0,0,0,0,1,1,78
1690,0,24782.58205699999,6474.152474999997,18326.440146999998,1124,0,0,1,0,1,0,1,0,0,0,0,0,0,0,0,1,0,0,0,0,0,0,0,0,0,0,0,0,0,0,1,1,0,0,56,225,169,0.7511111111111111,3.017857142857143,0.008888888888888889,0,0,1.0,0, 0, 0, 0, 0, 0,20,14,10,5,2,3,8,12,2,9,18,4,4,3,11,15,10,4,4,11,11,18,18,36,74,25,20,14,10,5,2,3,8,12,2,9,18,4,4,3,11,15,10,4,4,11,11,18,18,36,74,25,20,14,10,5,2,3,8,12,2,9,18,4,4,3,11,15,10,4,4,11,11,18,18,36,74,25,0,0,0,0,0,0,0,0,0,0,0,0,0,1,1,169
1693,0,16166.631826999994,4047.2085130000014,12137.433878999997,7301,0,0,1,1,0,0,0,1,0,0,0,0,0,0,0,1,0,0,0,0,0,1,0,0,1,0,0,0,0,0,1,1,0,0,37,148,111,0.75,3.0,0.006756756756756757,1,0,1.0,0, 0, 0, 0, 0, 0,7,9,6,1,1,11,6,11,0,6,13,4,1,1,3,8,8,1,3,11,5,12,13,25,49,16,7,9,6,1,1,11,6,11,0,6,13,4,1,1,3,8,8,1,3,11,5,12,13,25,49,16,7,9,6,1,1,11,6,11,0,6,13,4,1,1,3,8,8,1,3,11,5,12,13,25,49,16,1,0,0,1,0,0,0,0,0,0,0,0,0,1,1,111
1694,0,28842.339440000007,6966.441892999999,21893.908112,4646,0,0,1,0,1,1,1,0,0,0,0,0,0,0,0,1,0,0,0,0,0,1,0,0,1,0,0,0,0,0,1,1,0,0,66,264,198,0.75,3.0,0.022727272727272728,2,9.0,1.0,0, 0, 0, 0, 0, 0,26,13,15,8,5,9,12,17,6,11,22,4,2,9,8,5,5,1,10,10,20,27,17,44,88,10,26,13,15,8,5,9,12,17,6,11,22,4,2,9,8,5,5,1,10,10,20,27,17,44,88,10,26,13,15,8,5,9,12,17,6,11,22,4,2,9,8,5,5,1,10,10,20,27,17,44,88,10,1,0,0,1,0,0,0,0,0,0,0,0,0,1,1,198
1696,0,29011.611641999985,7193.560980999998,21836.061226000013,243,1,0,0,0,1,0,0,1,0,0,0,0,0,0,1,1,0,0,0,0,0,1,0,0,1,0,0,0,0,0,1,1,0,0,62,250,188,0.752,3.032258064516129,0.004,0,0,1.0,0, 0, 0, 0, 0, 0,16,18,12,3,1,13,14,12,7,11,22,2,4,5,10,10,6,7,7,8,19,26,20,46,73,16,16,18,12,3,1,13,14,12,7,11,22,2,4,5,10,10,6,7,7,8,19,26,20,46,73,16,16,18,12,3,1,13,14,12,7,11,22,2,4,5,10,10,6,7,7,8,19,26,20,46,73,16,1,0,0,1,0,0,0,0,0,0,0,0,0,1,1,188
1697,0,10295.229216000002,2746.3438199999996,7566.895960999997,29,1,1,0,0,1,0,0,1,0,0,0,0,0,0,0,1,0,0,0,0,0,1,0,0,1,0,0,0,0,0,1,1,0,0,22,91,69,0.7582417582417582,3.1363636363636362,0.0,0,0,1.0,0, 0, 0, 0, 0, 0,8,3,5,1,0,3,8,7,2,7,8,2,2,2,3,1,1,1,1,4,4,13,5,18,36,2,8,3,5,1,0,3,8,7,2,7,8,2,2,2,3,1,1,1,1,4,4,13,5,18,36,2,8,3,5,1,0,3,8,7,2,7,8,2,2,2,3,1,1,1,1,4,4,13,5,18,36,2,1,0,0,1,0,0,0,0,0,0,0,0,0,1,1,69
1698,0,5751.31006,1492.9414919999997,4276.379133000001,5,1,1,0,1,0,0,0,1,0,0,0,0,0,0,0,1,0,0,0,0,0,1,0,0,1,0,0,0,0,0,1,1,0,0,13,52,39,0.75,3.0,0.019230769230769232,1,0,1.0,0, 0, 0, 0, 0, 0,3,1,0,1,1,1,0,6,1,5,6,1,0,4,2,0,1,1,2,3,7,0,2,2,23,1,3,1,0,1,1,1,0,6,1,5,6,1,0,4,2,0,1,1,2,3,7,0,2,2,23,1,3,1,0,1,1,1,0,6,1,5,6,1,0,4,2,0,1,1,2,3,7,0,2,2,23,1,1,0,0,1,0,0,0,0,0,0,0,0,0,1,1,39
1699,0,33648.094174999984,8432.439675,25233.665065,2129,0,0,1,1,0,0,0,1,0,0,0,0,0,0,0,1,0,0,0,0,0,1,0,0,1,0,0,0,0,0,1,1,0,0,74,299,225,0.7525083612040134,3.0405405405405403,0.0033444816053511705,0,0,1.0,0, 0, 0, 0, 0, 0,15,16,6,6,1,23,16,14,6,8,38,8,6,3,15,9,9,2,3,21,8,22,24,46,102,18,15,16,6,6,1,23,16,14,6,8,38,8,6,3,15,9,9,2,3,21,8,22,24,46,102,18,15,16,6,6,1,23,16,14,6,8,38,8,6,3,15,9,9,2,3,21,8,22,24,46,102,18,1,0,0,1,0,0,0,0,0,0,0,0,0,1,1,225
1702,0,5866.943567000002,1319.7085120000002,4565.24562,7002,0,0,1,1,0,0,0,1,0,0,0,0,0,0,0,1,0,0,0,0,0,0,0,0,0,1,0,0,0,1,1,1,0,0,13,53,40,0.7547169811320755,3.076923076923077,0.018867924528301886,0,0,1.0,0, 0, 0, 0, 0, 0,5,2,2,2,1,8,4,1,0,1,5,1,0,1,0,0,5,0,1,1,2,6,3,9,13,5,5,2,2,2,1,8,4,1,0,1,5,1,0,1,0,0,5,0,1,1,2,6,3,9,13,5,5,2,2,2,1,8,4,1,0,1,5,1,0,1,0,0,5,0,1,1,2,6,3,9,13,5,0,0,0,0,0,0,0,1,0,0,0,0,1,1,1,40
1703,0,7606.6676220000045,1713.7524440000002,5910.925743000004,5128,0,0,1,0,1,1,1,0,0,0,1,0,0,0,0,1,0,0,0,0,0,0,0,0,0,1,0,0,0,1,1,1,0,0,16,66,50,0.7575757575757576,3.125,0.07575757575757576,2,1.0,0.6060606060606061,0, 1, 1, 0, 0, 0,4,8,3,3,3,5,3,2,0,3,2,3,2,1,0,2,4,1,0,1,2,6,11,17,14,6,4,8,3,3,3,5,3,2,0,3,2,3,2,1,0,2,4,1,0,1,2,6,11,17,14,6,4,8,3,3,3,5,3,2,0,3,2,3,2,1,0,2,4,1,0,1,2,6,11,17,14,6,0,0,0,0,0,0,0,1,0,0,0,0,1,1,1,50
1704,0,20283.589857999996,4942.681004000002,15358.919419000005,4580,0,0,1,1,0,1,1,0,0,0,1,0,0,0,0,1,0,0,0,0,0,0,0,0,0,1,0,0,0,1,1,1,0,1,45,183,138,0.7540983606557377,3.066666666666667,0.0273224043715847,0,0,0.24043715846994534,0, 1, 0, 1, 0, 0,12,7,3,6,5,7,10,6,4,9,12,8,3,4,4,10,9,1,4,14,9,13,15,28,56,19,12,7,3,6,5,7,10,6,4,9,12,8,3,4,4,10,9,1,4,14,9,13,15,28,56,19,12,7,3,6,5,7,10,6,4,9,12,8,3,4,4,10,9,1,4,14,9,13,15,28,56,19,0,0,0,0,0,0,0,1,0,0,0,0,1,1,1,138
1705,0,11959.788569999997,3144.5219780000007,8833.277157000002,2907,0,0,1,1,0,0,0,1,0,0,0,0,0,0,0,1,0,0,0,0,0,0,0,0,0,1,0,0,0,1,1,1,0,0,27,108,81,0.75,3.0,0.009259259259259259,0,0,1.0,0, 0, 0, 0, 0, 0,8,2,4,6,1,6,6,6,3,6,7,1,4,1,3,6,2,1,2,6,4,10,3,13,37,8,8,2,4,6,1,6,6,6,3,6,7,1,4,1,3,6,2,1,2,6,4,10,3,13,37,8,8,2,4,6,1,6,6,6,3,6,7,1,4,1,3,6,2,1,2,6,4,10,3,13,37,8,0,0,0,0,0,0,0,1,0,0,0,0,1,1,1,81
1706,0,26509.255608999985,6704.260719000001,19823.005455000006,2175,0,0,1,0,1,1,1,0,0,0,0,0,0,0,0,1,0,0,0,0,0,0,0,0,0,1,0,0,0,1,1,1,0,0,59,238,179,0.7521008403361344,3.0338983050847457,0.01680672268907563,4,47.0,1.0,0, 0, 0, 0, 0, 0,15,7,8,4,3,11,13,12,6,11,20,4,2,8,7,13,15,4,4,12,16,21,11,32,72,28,15,7,8,4,3,11,13,12,6,11,20,4,2,8,7,13,15,4,4,12,16,21,11,32,72,28,15,7,8,4,3,11,13,12,6,11,20,4,2,8,7,13,15,4,4,12,16,21,11,32,72,28,0,0,0,0,0,0,0,1,0,0,0,0,1,1,1,179
1707,0,28696.781522999998,7233.907398999997,21480.884688999995,1247,0,0,1,1,0,0,1,0,0,0,0,0,0,0,0,1,0,0,0,0,0,0,0,0,0,1,0,0,0,1,1,1,0,0,65,261,196,0.7509578544061303,3.0153846153846153,0.007662835249042145,3,47.0,1.0,0, 0, 0, 0, 0, 0,25,6,7,3,2,3,3,8,4,21,32,6,7,14,9,12,8,3,5,18,22,10,12,22,111,20,25,6,7,3,2,3,3,8,4,21,32,6,7,14,9,12,8,3,5,18,22,10,12,22,111,20,25,6,7,3,2,3,3,8,4,21,32,6,7,14,9,12,8,3,5,18,22,10,12,22,111,20,0,0,0,0,0,0,0,1,0,0,0,0,1,1,1,196
1708,0,10744.389935000001,2726.4002719999994,8036.000228000003,31,1,1,0,0,1,0,0,1,0,0,0,0,0,0,0,1,0,0,0,0,0,0,0,0,0,1,0,0,0,1,1,1,0,0,23,94,71,0.7553191489361702,3.0869565217391304,0.010638297872340425,0,0,1.0,0, 0, 0, 0, 0, 0,7,2,7,2,1,3,8,4,1,4,8,5,2,2,3,2,1,1,3,5,6,15,7,22,30,3,7,2,7,2,1,3,8,4,1,4,8,5,2,2,3,2,1,1,3,5,6,15,7,22,30,3,7,2,7,2,1,3,8,4,1,4,8,5,2,2,3,2,1,1,3,5,6,15,7,22,30,3,0,0,0,0,0,0,0,1,0,0,0,0,1,1,1,71
1709,0,28690.224191999994,7370.698816999999,21337.535940000016,312,1,0,0,0,1,1,1,0,0,0,0,0,0,0,0,1,0,0,0,0,0,0,0,0,0,1,0,0,0,1,1,1,0,0,60,242,182,0.7520661157024794,3.033333333333333,0.012396694214876033,0,0,1.0,0, 0, 0, 0, 0, 0,18,15,15,3,3,10,17,10,5,9,19,6,5,6,7,5,6,7,8,8,21,32,21,53,69,11,18,15,15,3,3,10,17,10,5,9,19,6,5,6,7,5,6,7,8,8,21,32,21,53,69,11,18,15,15,3,3,10,17,10,5,9,19,6,5,6,7,5,6,7,8,8,21,32,21,53,69,11,0,0,0,0,0,0,0,1,0,0,0,0,1,1,1,182
1713,0,25041.780032,6108.815061999998,18950.97553499999,2321,0,0,1,0,1,0,1,0,0,0,0,0,0,0,0,1,0,0,0,0,0,0,0,0,0,0,0,0,0,0,1,1,0,0,56,227,171,0.7533039647577092,3.0535714285714284,0.00881057268722467,0,0,1.0,0, 0, 0, 0, 0, 0,15,14,13,6,1,2,9,15,6,16,13,10,4,6,6,8,9,2,3,13,11,22,24,46,76,17,15,14,13,6,1,2,9,15,6,16,13,10,4,6,6,8,9,2,3,13,11,22,24,46,76,17,15,14,13,6,1,2,9,15,6,16,13,10,4,6,6,8,9,2,3,13,11,22,24,46,76,17,0,0,0,0,0,0,0,0,0,0,0,0,0,1,1,171
1714,0,27923.42177000001,6955.530351999999,20985.901983000007,174,1,0,0,0,1,0,1,0,0,0,0,0,0,0,0,1,0,0,0,0,0,0,0,0,0,0,0,0,0,0,1,1,0,0,62,249,187,0.751004016064257,3.0161290322580645,0.008032128514056224,0,0,1.0,0, 0, 0, 0, 0, 0,16,11,15,9,1,13,5,8,8,8,24,7,4,10,15,8,10,2,1,12,13,20,18,38,72,18,16,11,15,9,1,13,5,8,8,8,24,7,4,10,15,8,10,2,1,12,13,20,18,38,72,18,16,11,15,9,1,13,5,8,8,8,24,7,4,10,15,8,10,2,1,12,13,20,18,38,72,18,0,0,0,0,0,0,0,0,0,0,0,0,0,1,1,187
1716,0,27592.41656499999,7000.621215,20609.805915000004,283,1,0,0,1,0,0,0,1,0,0,0,0,0,0,0,1,0,0,0,0,0,0,0,0,0,0,0,0,0,0,1,1,0,0,61,247,186,0.7530364372469636,3.0491803278688523,0.004048582995951417,1,0,1.0,0, 0, 0, 0, 0, 0,25,17,7,1,1,4,16,13,3,7,24,4,2,8,11,9,13,3,7,11,18,23,21,44,82,22,25,17,7,1,1,4,16,13,3,7,24,4,2,8,11,9,13,3,7,11,18,23,21,44,82,22,25,17,7,1,1,4,16,13,3,7,24,4,2,8,11,9,13,3,7,11,18,23,21,44,82,22,0,0,0,0,0,0,0,0,0,0,0,0,0,1,1,186
1718,0,6576.242368999999,1510.6470520000003,5083.605881999999,6431,0,0,1,0,1,1,1,0,0,0,0,0,0,0,0,1,0,0,0,0,0,0,0,0,0,0,0,0,1,0,1,1,0,0,15,62,47,0.7580645161290323,3.1333333333333333,0.04838709677419355,0,0,1.0,0, 0, 0, 0, 0, 0,4,5,1,1,2,2,2,4,1,3,2,0,1,3,4,3,4,0,0,5,3,3,5,8,19,7,4,5,1,1,2,2,2,4,1,3,2,0,1,3,4,3,4,0,0,5,3,3,5,8,19,7,4,5,1,1,2,2,2,4,1,3,2,0,1,3,4,3,4,0,0,5,3,3,5,8,19,7,0,0,0,0,0,0,0,0,0,0,1,0,0,1,1,47
1722,0,10001.192847999999,2527.26352,7491.939893000002,4,1,1,0,1,0,0,0,1,0,0,0,0,0,0,0,1,0,0,0,0,0,0,0,0,0,0,0,0,1,0,1,1,0,0,22,91,69,0.7582417582417582,3.1363636363636362,0.01098901098901099,0,0,1.0,0, 0, 0, 0, 0, 0,5,6,7,3,1,3,3,6,0,1,11,0,1,2,1,3,3,1,0,12,3,10,6,16,36,6,5,6,7,3,1,3,3,6,0,1,11,0,1,2,1,3,3,1,0,12,3,10,6,16,36,6,5,6,7,3,1,3,3,6,0,1,11,0,1,2,1,3,3,1,0,12,3,10,6,16,36,6,0,0,0,0,0,0,0,0,0,0,1,0,0,1,1,69
1723,0,23271.14227400002,5675.085914000001,17614.06692499999,7219,0,0,1,1,0,1,1,0,0,0,0,0,1,0,0,1,0,0,0,0,0,0,0,0,0,0,0,0,1,0,1,1,0,0,56,224,168,0.75,3.0,0.013392857142857142,3,62.0,1.0,0, 0, 0, 0, 0, 0,21,11,19,4,3,4,9,16,1,7,19,3,1,4,7,4,12,1,1,21,6,28,14,42,85,16,21,11,19,4,3,4,9,16,1,7,19,3,1,4,7,4,12,1,1,21,6,28,14,42,85,16,21,11,19,4,3,4,9,16,1,7,19,3,1,4,7,4,12,1,1,21,6,28,14,42,85,16,0,0,0,0,0,0,0,0,0,0,1,0,0,1,1,168
1724,0,24362.631962000018,5844.988384999997,18535.654141999992,7219,0,0,1,1,0,1,1,0,0,0,0,0,1,0,0,1,0,0,0,0,0,0,0,0,0,0,0,0,1,0,1,1,0,0,58,235,177,0.7531914893617021,3.0517241379310347,0.01276595744680851,3,62.0,1.0,0, 0, 0, 0, 0, 0,23,13,19,4,3,4,9,17,1,7,20,3,1,4,7,4,12,1,1,24,6,28,16,44,92,16,23,13,19,4,3,4,9,17,1,7,20,3,1,4,7,4,12,1,1,24,6,28,16,44,92,16,23,13,19,4,3,4,9,17,1,7,20,3,1,4,7,4,12,1,1,24,6,28,16,44,92,16,0,0,0,0,0,0,0,0,0,0,1,0,0,1,1,177
1725,0,23656.584994000023,5859.107828000001,17815.487731000016,7916,0,0,1,1,0,0,0,1,0,0,0,0,0,0,1,1,0,0,0,0,0,0,0,0,0,0,0,0,1,0,1,1,0,0,58,234,176,0.7521367521367521,3.0344827586206895,0.004273504273504274,0,0,1.0,0, 0, 0, 0, 0, 0,43,15,11,1,1,2,4,14,9,1,22,1,1,3,14,11,2,1,2,18,6,15,16,31,99,13,43,15,11,1,1,2,4,14,9,1,22,1,1,3,14,11,2,1,2,18,6,15,16,31,99,13,43,15,11,1,1,2,4,14,9,1,22,1,1,3,14,11,2,1,2,18,6,15,16,31,99,13,0,0,0,0,0,0,0,0,0,0,1,0,0,1,1,176
1728,0,25571.29891799999,6605.329267999999,18983.980214999996,5688,0,0,1,0,1,0,1,0,0,0,0,0,0,0,0,1,0,0,0,0,0,0,0,0,0,0,0,0,1,0,1,1,0,0,58,233,175,0.7510729613733905,3.0172413793103448,0.008583690987124463,1,0,1.0,0, 0, 0, 0, 0, 0,25,17,14,1,1,7,12,14,4,8,23,6,3,4,8,8,8,0,3,9,7,26,23,49,82,16,25,17,14,1,1,7,12,14,4,8,23,6,3,4,8,8,8,0,3,9,7,26,23,49,82,16,25,17,14,1,1,7,12,14,4,8,23,6,3,4,8,8,8,0,3,9,7,26,23,49,82,16,0,0,0,0,0,0,0,0,0,0,1,0,0,1,1,175
1729,0,15520.088918000009,3604.9107489999997,11933.188734000007,5164,0,0,1,1,0,0,1,0,0,0,0,0,0,0,1,1,0,0,0,0,0,0,0,0,0,0,0,0,1,0,1,1,0,0,36,147,111,0.7551020408163265,3.0833333333333335,0.013605442176870748,0,0,1.0,0, 0, 0, 0, 0, 0,18,14,6,1,2,0,6,11,3,1,12,1,1,1,7,4,8,2,4,9,7,12,15,27,52,12,18,14,6,1,2,0,6,11,3,1,12,1,1,1,7,4,8,2,4,9,7,12,15,27,52,12,18,14,6,1,2,0,6,11,3,1,12,1,1,1,7,4,8,2,4,9,7,12,15,27,52,12,0,0,0,0,0,0,0,0,0,0,1,0,0,1,1,111
1736,0,32368.516179000017,8093.157138000006,24293.369606,1020,0,0,1,0,1,1,1,0,0,0,0,0,0,0,0,1,0,0,0,0,0,0,0,0,0,0,0,0,0,0,1,1,0,0,74,299,225,0.7525083612040134,3.0405405405405403,0.010033444816053512,3,25.5,1.0,0, 0, 0, 0, 0, 0,22,14,14,7,2,10,11,20,8,12,29,3,7,10,12,18,11,2,1,12,13,25,17,42,102,29,22,14,14,7,2,10,11,20,8,12,29,3,7,10,12,18,11,2,1,12,13,25,17,42,102,29,22,14,14,7,2,10,11,20,8,12,29,3,7,10,12,18,11,2,1,12,13,25,17,42,102,29,0,0,0,0,0,0,0,0,0,0,0,0,0,1,1,225
1737,0,28030.572527,7097.63107,20950.952022000012,271,1,0,0,0,1,0,1,0,0,0,0,0,0,0,0,1,0,0,0,0,0,0,0,0,0,0,0,0,0,0,1,1,0,0,62,250,188,0.752,3.032258064516129,0.008,0,0,1.0,0, 0, 0, 0, 0, 0,27,15,15,2,1,7,9,10,7,9,24,6,2,8,7,11,6,4,5,13,17,24,21,45,85,17,27,15,15,2,1,7,9,10,7,9,24,6,2,8,7,11,6,4,5,13,17,24,21,45,85,17,27,15,15,2,1,7,9,10,7,9,24,6,2,8,7,11,6,4,5,13,17,24,21,45,85,17,0,0,0,0,0,0,0,0,0,0,0,0,0,1,1,188
1740,0,19118.913693000002,5150.8028269999995,13986.121430999994,3187,0,0,1,0,1,1,1,0,0,0,0,0,0,0,0,1,0,0,0,0,0,0,0,0,0,0,0,0,0,0,1,1,0,0,44,176,132,0.75,3.0,0.022727272727272728,1,0,0.4772727272727273,0, 0, 0, 1, 0, 0,19,6,6,2,3,4,6,16,9,3,22,2,3,4,5,5,5,1,4,7,9,12,8,20,70,10,19,6,6,2,3,4,6,16,9,3,22,2,3,4,5,5,5,1,4,7,9,12,8,20,70,10,19,6,6,2,3,4,6,16,9,3,22,2,3,4,5,5,5,1,4,7,9,12,8,20,70,10,0,0,0,0,0,0,0,0,0,0,0,0,0,1,1,132
1742,0,13032.983037000009,3226.63947,9824.354131999999,11745,0,0,1,0,1,1,1,0,0,0,0,0,0,0,0,1,0,0,0,0,0,0,0,0,0,0,0,0,0,0,1,1,0,0,30,120,90,0.75,3.0,0.025,1,0,1.0,0, 0, 0, 0, 0, 0,15,9,0,5,2,4,3,4,2,3,14,1,2,2,5,5,3,2,1,8,5,3,10,13,46,8,15,9,0,5,2,4,3,4,2,3,14,1,2,2,5,5,3,2,1,8,5,3,10,13,46,8,15,9,0,5,2,4,3,4,2,3,14,1,2,2,5,5,3,2,1,8,5,3,10,13,46,8,0,0,0,0,0,0,0,0,0,0,0,0,0,1,1,90
1744,0,4274.055838000002,1097.5651620000003,3194.501241000001,15523,0,0,1,1,0,0,1,0,0,0,0,0,0,0,0,1,0,0,0,0,0,0,0,0,0,0,0,0,0,0,1,1,0,0,9,39,30,0.7692307692307693,3.3333333333333335,0.05128205128205128,0,0,1.0,0, 0, 0, 0, 0, 0,1,2,2,0,2,1,2,4,0,0,3,0,0,2,0,4,2,0,1,4,3,4,2,6,12,6,1,2,2,0,2,1,2,4,0,0,3,0,0,2,0,4,2,0,1,4,3,4,2,6,12,6,1,2,2,0,2,1,2,4,0,0,3,0,0,2,0,4,2,0,1,4,3,4,2,6,12,6,0,0,0,0,0,0,0,0,0,0,0,0,0,1,1,30
1749,0,15683.188188000007,4065.023416,11636.175337,2126,0,0,1,0,1,0,1,0,0,0,0,0,0,0,0,1,0,0,0,0,0,0,0,0,0,0,0,1,0,0,1,1,0,0,36,145,109,0.7517241379310344,3.0277777777777777,0.013793103448275862,1,0,1.0,0, 0, 0, 0, 0, 0,7,8,8,1,1,4,8,10,1,4,11,4,2,1,13,4,6,0,1,15,2,16,12,28,49,10,7,8,8,1,1,4,8,10,1,4,11,4,2,1,13,4,6,0,1,15,2,16,12,28,49,10,7,8,8,1,1,4,8,10,1,4,11,4,2,1,13,4,6,0,1,15,2,16,12,28,49,10,0,0,0,0,0,0,0,0,0,1,0,1,0,1,1,109
1750,0,2941.4322410000004,806.447279,2152.995527,1882,0,0,1,1,0,1,1,0,0,1,1,0,0,0,1,1,0,0,0,0,0,0,0,0,0,0,0,1,0,0,1,1,0,1,6,26,20,0.7692307692307693,3.3333333333333335,0.11538461538461539,3,4.0,0.15384615384615385,0, 1, 0, 0, 0, 1,2,1,0,1,3,0,3,1,0,2,0,0,0,0,1,1,0,0,1,4,1,3,1,4,9,1,2,1,0,1,3,0,3,1,0,2,0,0,0,0,1,1,0,0,1,4,1,3,1,4,9,1,2,1,0,1,3,0,3,1,0,2,0,0,0,0,1,1,0,0,1,4,1,3,1,4,9,1,0,0,0,0,0,0,0,0,0,1,0,1,0,1,1,20
1751,0,27393.96657400001,7090.727019999999,20321.250119000015,199,1,0,0,1,0,0,1,0,0,0,0,0,0,0,0,1,0,0,0,0,0,0,0,0,0,0,0,1,0,0,1,1,0,0,60,243,183,0.7530864197530864,3.05,0.00823045267489712,1,0,1.0,0, 0, 0, 0, 0, 0,27,13,12,4,2,11,9,12,6,7,18,3,5,8,8,6,8,3,7,14,18,21,16,37,83,14,27,13,12,4,2,11,9,12,6,7,18,3,5,8,8,6,8,3,7,14,18,21,16,37,83,14,27,13,12,4,2,11,9,12,6,7,18,3,5,8,8,6,8,3,7,14,18,21,16,37,83,14,0,0,0,0,0,0,0,0,0,1,0,1,0,1,1,183
1752,0,9993.180551,2618.459125,7392.731991,83,1,1,0,1,0,0,0,1,0,0,0,0,0,0,0,1,0,0,0,0,0,0,0,0,0,0,0,1,0,0,1,1,0,0,23,92,69,0.75,3.0,0.010869565217391304,0,0,1.0,0, 0, 0, 0, 0, 0,8,5,9,0,1,1,6,7,0,1,11,1,2,0,3,0,5,1,1,7,2,15,6,21,36,5,8,5,9,0,1,1,6,7,0,1,11,1,2,0,3,0,5,1,1,7,2,15,6,21,36,5,8,5,9,0,1,1,6,7,0,1,11,1,2,0,3,0,5,1,1,7,2,15,6,21,36,5,0,0,0,0,0,0,0,0,0,1,0,1,0,1,1,69
1753,0,14927.484763000004,3545.6303530000005,11399.864975000004,6330,0,0,1,1,0,0,1,0,0,0,0,0,0,0,1,1,0,0,0,0,0,0,0,0,0,0,0,1,0,0,1,1,0,0,34,138,104,0.7536231884057971,3.0588235294117645,0.014492753623188406,1,0,1.0,0, 0, 0, 0, 0, 0,21,7,0,1,2,4,6,7,0,1,15,2,7,8,3,5,4,4,1,6,13,6,9,15,57,9,21,7,0,1,2,4,6,7,0,1,15,2,7,8,3,5,4,4,1,6,13,6,9,15,57,9,21,7,0,1,2,4,6,7,0,1,15,2,7,8,3,5,4,4,1,6,13,6,9,15,57,9,0,0,0,0,0,0,0,0,0,1,0,1,0,1,1,104
1755,0,25795.59161599999,6661.395562,19152.206618999997,8016,0,0,1,0,1,1,1,0,0,0,0,0,0,0,0,1,0,0,0,0,0,0,0,0,0,0,0,1,0,0,1,1,0,0,59,238,179,0.7521008403361344,3.0338983050847457,0.01680672268907563,2,185.0,0.819327731092437,0, 0, 0, 0, 1, 0,21,12,9,6,2,7,10,11,1,8,21,8,4,6,12,11,12,0,1,17,7,19,20,39,82,23,21,12,9,6,2,7,10,11,1,8,21,8,4,6,12,11,12,0,1,17,7,19,20,39,82,23,21,12,9,6,2,7,10,11,1,8,21,8,4,6,12,11,12,0,1,17,7,19,20,39,82,23,0,0,0,0,0,0,0,0,0,1,0,1,0,1,1,179
1758,0,27248.790229000006,6706.410451999998,20560.390342000013,279,1,0,0,0,1,1,1,0,0,0,0,0,0,0,1,1,0,0,0,0,0,0,0,0,0,0,0,0,0,0,1,1,0,0,59,239,180,0.7531380753138075,3.0508474576271185,0.02092050209205021,4,34.666666666666664,1.0,0, 0, 0, 0, 0, 0,20,14,12,3,4,11,10,11,8,10,20,3,2,6,10,7,6,7,6,10,19,22,17,39,73,13,20,14,12,3,4,11,10,11,8,10,20,3,2,6,10,7,6,7,6,10,19,22,17,39,73,13,20,14,12,3,4,11,10,11,8,10,20,3,2,6,10,7,6,7,6,10,19,22,17,39,73,13,0,0,0,0,0,0,0,0,0,0,0,0,0,0,1,180
1759,0,10565.289463999996,2545.3079660000003,8037.9920630000015,1,1,1,0,0,1,0,1,0,0,0,0,0,0,0,0,1,0,0,0,0,0,0,0,0,0,0,0,0,0,0,1,1,0,0,23,93,70,0.7526881720430108,3.0434782608695654,0.021505376344086023,0,0,1.0,0, 0, 0, 0, 0, 0,7,6,8,1,1,2,6,5,1,3,11,1,2,2,2,2,2,2,3,3,7,14,7,21,31,4,7,6,8,1,1,2,6,5,1,3,11,1,2,2,2,2,2,2,3,3,7,14,7,21,31,4,7,6,8,1,1,2,6,5,1,3,11,1,2,2,2,2,2,2,3,3,7,14,7,21,31,4,0,0,0,0,0,0,0,0,0,0,0,0,0,0,1,70
1760,0,12607.481747,3190.5386910000007,9434.953620999997,336,1,0,0,1,0,0,0,1,0,0,0,0,0,0,0,1,0,0,0,0,0,0,0,0,0,0,0,0,0,0,1,1,0,0,28,112,84,0.75,3.0,0.008928571428571428,0,0,1.0,0, 0, 0, 0, 0, 0,6,12,8,3,1,3,3,7,1,2,11,3,0,2,3,8,2,1,2,6,5,11,15,26,32,10,6,12,8,3,1,3,3,7,1,2,11,3,0,2,3,8,2,1,2,6,5,11,15,26,32,10,6,12,8,3,1,3,3,7,1,2,11,3,0,2,3,8,2,1,2,6,5,11,15,26,32,10,0,0,0,0,0,0,0,0,0,0,0,0,0,0,1,84
1761,0,32456.09608800004,8154.310515000001,24319.79613800003,753,0,0,0,0,1,1,1,0,0,0,0,0,0,0,0,1,0,0,0,0,0,0,0,0,0,0,0,0,0,0,1,1,0,0,74,299,225,0.7525083612040134,3.0405405405405403,0.013377926421404682,1,0,1.0,0, 0, 0, 0, 0, 0,34,26,13,3,3,6,10,16,6,4,21,5,1,8,17,12,13,2,4,21,14,23,31,54,97,25,34,26,13,3,3,6,10,16,6,4,21,5,1,8,17,12,13,2,4,21,14,23,31,54,97,25,34,26,13,3,3,6,10,16,6,4,21,5,1,8,17,12,13,2,4,21,14,23,31,54,97,25,0,0,0,0,0,0,0,0,0,0,0,0,0,0,1,225
1763,0,32470.059233000044,7982.137876999996,24505.931921000014,2244,0,0,1,1,0,1,1,0,0,0,0,0,1,0,0,1,0,0,0,0,0,0,0,0,0,0,0,0,0,0,1,1,0,0,73,295,222,0.752542372881356,3.041095890410959,0.010169491525423728,1,0,1.0,0, 0, 0, 0, 0, 0,27,21,19,5,3,3,7,21,12,11,11,0,4,12,11,14,13,5,8,15,25,26,21,47,89,27,27,21,19,5,3,3,7,21,12,11,11,0,4,12,11,14,13,5,8,15,25,26,21,47,89,27,27,21,19,5,3,3,7,21,12,11,11,0,4,12,11,14,13,5,8,15,25,26,21,47,89,27,0,0,0,0,0,0,0,0,0,0,0,0,0,0,1,222
1764,0,26413.405149,6685.324960999999,19746.090752999997,3228,0,0,1,0,1,1,1,0,0,0,0,0,0,0,1,1,0,0,0,0,0,0,0,0,0,0,0,0,0,0,1,1,0,0,61,246,185,0.7520325203252033,3.0327868852459017,0.012195121951219513,1,0,1.0,0, 0, 0, 0, 0, 0,33,17,11,2,2,6,8,17,7,8,15,1,5,6,12,9,6,5,1,14,12,19,18,37,92,15,33,17,11,2,2,6,8,17,7,8,15,1,5,6,12,9,6,5,1,14,12,19,18,37,92,15,33,17,11,2,2,6,8,17,7,8,15,1,5,6,12,9,6,5,1,14,12,19,18,37,92,15,0,0,0,0,0,0,0,0,0,0,0,0,0,0,1,185
1765,0,28905.897998000008,7409.757841999999,21514.15072099999,3965,0,0,1,0,1,1,1,0,0,0,0,0,0,0,0,1,0,0,0,0,0,0,0,0,0,0,0,0,0,0,1,1,0,0,67,268,201,0.75,3.0,0.018656716417910446,4,52.333333333333336,1.0,0, 0, 0, 0, 0, 0,40,20,13,0,4,4,11,12,9,3,27,0,6,6,12,7,5,0,4,18,10,24,20,44,106,12,40,20,13,0,4,4,11,12,9,3,27,0,6,6,12,7,5,0,4,18,10,24,20,44,106,12,40,20,13,0,4,4,11,12,9,3,27,0,6,6,12,7,5,0,4,18,10,24,20,44,106,12,0,0,0,0,0,0,0,0,0,0,0,0,0,0,1,201
1769,0,16757.992343,4160.219807,12615.783100999994,7621,0,0,1,1,0,0,0,1,0,0,0,0,0,0,0,1,0,0,0,0,0,1,0,0,1,0,0,0,0,0,1,1,0,0,38,153,115,0.7516339869281046,3.026315789473684,0.006535947712418301,1,0,1.0,0, 0, 0, 0, 0, 0,7,11,7,0,1,9,5,11,1,7,12,5,1,1,3,9,8,1,3,13,5,12,16,28,51,17,7,11,7,0,1,9,5,11,1,7,12,5,1,1,3,9,8,1,3,13,5,12,16,28,51,17,7,11,7,0,1,9,5,11,1,7,12,5,1,1,3,9,8,1,3,13,5,12,16,28,51,17,1,0,0,1,0,0,1,0,0,0,0,0,0,1,1,115
1770,0,29168.501831999998,6914.508515999996,22272.003880999997,4857,0,0,1,0,1,1,1,0,0,0,0,0,0,0,0,1,0,0,0,0,0,1,0,0,1,0,0,0,0,0,1,1,0,0,66,264,198,0.75,3.0,0.022727272727272728,3,100.0,1.0,0, 0, 0, 0, 0, 0,23,16,18,11,5,8,10,14,4,12,22,3,3,8,9,7,4,1,12,8,21,28,19,47,82,11,23,16,18,11,5,8,10,14,4,12,22,3,3,8,9,7,4,1,12,8,21,28,19,47,82,11,23,16,18,11,5,8,10,14,4,12,22,3,3,8,9,7,4,1,12,8,21,28,19,47,82,11,1,0,0,1,0,0,1,0,0,0,0,0,0,1,1,198
1771,0,28900.500313999986,7210.496998999998,21708.013880000013,243,1,0,0,0,1,0,0,1,0,0,0,0,0,0,1,1,0,0,0,0,0,1,0,0,1,0,0,0,0,0,1,1,0,0,62,250,188,0.752,3.032258064516129,0.004,0,0,1.0,0, 0, 0, 0, 0, 0,18,18,12,3,1,13,12,12,7,10,22,2,4,5,10,10,7,7,7,8,19,24,20,44,74,17,18,18,12,3,1,13,12,12,7,10,22,2,4,5,10,10,7,7,7,8,19,24,20,44,74,17,18,18,12,3,1,13,12,12,7,10,22,2,4,5,10,10,7,7,7,8,19,24,20,44,74,17,1,0,0,1,0,0,1,0,0,0,0,0,0,1,1,188
1772,0,10309.233633,2719.296535,7607.947662999998,29,1,1,0,0,1,0,0,1,0,0,0,0,0,0,0,1,0,0,0,0,0,1,0,0,1,0,0,0,0,0,1,1,0,0,22,91,69,0.7582417582417582,3.1363636363636362,0.0,0,0,1.0,0, 0, 0, 0, 0, 0,6,2,4,1,0,4,9,8,2,8,8,3,2,2,3,1,0,1,1,4,4,13,5,18,36,1,6,2,4,1,0,4,9,8,2,8,8,3,2,2,3,1,0,1,1,4,4,13,5,18,36,1,6,2,4,1,0,4,9,8,2,8,8,3,2,2,3,1,0,1,1,4,4,13,5,18,36,1,1,0,0,1,0,0,1,0,0,0,0,0,0,1,1,69
1773,0,5737.294409999999,1526.9258419999996,4228.379133000001,1858,0,0,1,1,0,0,0,1,0,0,0,0,0,0,0,1,0,0,0,0,0,1,0,0,1,0,0,0,0,0,1,1,0,0,13,52,39,0.75,3.0,0.019230769230769232,1,0,1.0,0, 0, 0, 0, 0, 0,3,1,0,1,1,1,0,6,1,5,6,1,0,3,2,0,1,1,2,4,6,0,2,2,24,1,3,1,0,1,1,1,0,6,1,5,6,1,0,3,2,0,1,1,2,4,6,0,2,2,24,1,3,1,0,1,1,1,0,6,1,5,6,1,0,3,2,0,1,1,2,4,6,0,2,2,24,1,1,0,0,1,0,0,1,0,0,0,0,0,0,1,1,39
1774,0,11545.073113999999,2737.4108939999996,8825.672784999997,2149,0,0,1,1,0,0,0,1,0,0,0,0,0,0,0,1,0,0,0,0,0,1,0,0,1,0,0,0,0,0,1,1,0,0,26,106,80,0.7547169811320755,3.076923076923077,0.009433962264150943,1,0,1.0,0, 0, 0, 0, 0, 0,8,4,1,3,1,5,6,4,2,5,8,6,2,2,5,7,4,1,1,5,4,7,10,17,32,11,8,4,1,3,1,5,6,4,2,5,8,6,2,2,5,7,4,1,1,5,4,7,10,17,32,11,8,4,1,3,1,5,6,4,2,5,8,6,2,2,5,7,4,1,1,5,4,7,10,17,32,11,1,0,0,1,0,0,1,0,0,0,0,0,0,1,1,80
1776,0,26520.346524,6431.241030999998,20107.116057999992,4374,0,0,1,1,0,1,1,0,0,0,0,0,0,0,1,1,0,0,0,0,0,1,0,0,1,0,0,0,0,0,1,1,0,0,58,232,174,0.75,3.0,0.03017241379310345,2,62.0,1.0,0, 0, 0, 0, 0, 1,13,16,7,3,7,9,9,13,7,5,22,5,2,6,13,11,4,8,7,7,21,16,21,37,62,15,13,16,7,3,7,9,9,13,7,5,22,5,2,6,13,11,4,8,7,7,21,16,21,37,62,15,13,16,7,3,7,9,9,13,7,5,22,5,2,6,13,11,4,8,7,7,21,16,21,37,62,15,1,0,0,1,0,0,1,0,0,0,0,0,0,1,1,174
1779,0,24016.42148899999,6165.097283000003,17869.334770999998,5991,0,0,1,1,0,1,1,0,0,0,0,0,0,0,0,1,0,0,0,0,0,0,0,0,1,0,0,1,0,0,1,1,0,0,54,218,164,0.7522935779816514,3.037037037037037,0.013761467889908258,1,0,1.0,0, 0, 0, 0, 0, 0,11,5,5,12,3,8,9,9,1,11,17,13,5,3,6,17,9,0,5,15,8,14,18,32,68,26,11,5,5,12,3,8,9,9,1,11,17,13,5,3,6,17,9,0,5,15,8,14,18,32,68,26,11,5,5,12,3,8,9,9,1,11,17,13,5,3,6,17,9,0,5,15,8,14,18,32,68,26,0,0,0,1,0,0,0,0,0,1,0,1,0,1,1,164
1780,0,10273.200617000004,2600.3355629999996,7690.875619000003,8,1,1,0,0,1,0,0,1,0,0,0,0,0,0,0,1,0,0,0,0,0,0,0,0,1,0,0,1,0,0,1,1,0,0,22,90,68,0.7555555555555555,3.090909090909091,0.011111111111111112,1,0,1.0,0, 0, 0, 0, 0, 0,6,2,6,1,1,8,5,4,1,6,7,3,1,3,2,3,2,1,2,4,6,11,5,16,28,5,6,2,6,1,1,8,5,4,1,6,7,3,1,3,2,3,2,1,2,4,6,11,5,16,28,5,6,2,6,1,1,8,5,4,1,6,7,3,1,3,2,3,2,1,2,4,6,11,5,16,28,5,0,0,0,1,0,0,0,0,0,1,0,1,0,1,1,68
1781,0,29141.45690299997,7520.6837579999965,21638.78371000001,264,1,0,0,0,1,1,1,0,0,0,0,0,0,0,0,1,0,0,0,0,0,0,0,0,1,0,0,1,0,0,1,1,0,0,62,249,187,0.751004016064257,3.0161290322580645,0.012048192771084338,1,0,1.0,0, 0, 0, 0, 0, 0,18,13,12,6,2,11,11,9,7,13,19,5,6,7,6,11,11,6,8,6,21,23,18,41,71,22,18,13,12,6,2,11,11,9,7,13,19,5,6,7,6,11,11,6,8,6,21,23,18,41,71,22,18,13,12,6,2,11,11,9,7,13,19,5,6,7,6,11,11,6,8,6,21,23,18,41,71,22,0,0,0,1,0,0,0,0,0,1,0,1,0,1,1,187
1785,0,10135.175652000005,2448.1705130000005,7705.015703999999,10319,0,0,1,1,0,0,1,0,0,0,0,0,0,0,0,1,0,0,0,0,0,1,0,0,1,0,0,0,0,0,1,1,0,0,22,91,69,0.7582417582417582,3.1363636363636362,0.02197802197802198,2,1.0,1.0,0, 0, 0, 0, 0, 0,8,9,2,0,2,5,4,7,4,4,3,2,2,3,3,2,1,0,1,7,4,6,11,17,31,3,8,9,2,0,2,5,4,7,4,4,3,2,2,3,3,2,1,0,1,7,4,6,11,17,31,3,8,9,2,0,2,5,4,7,4,4,3,2,2,3,3,2,1,0,1,7,4,6,11,17,31,3,1,0,0,1,0,0,0,0,0,0,0,0,0,1,1,69
1786,0,33691.172760999994,8446.455325,25262.728000999996,1851,0,0,1,1,0,0,0,1,0,0,0,0,0,0,0,1,0,0,0,0,0,1,0,0,1,0,0,0,0,0,1,1,0,0,74,299,225,0.7525083612040134,3.0405405405405403,0.0033444816053511705,0,0,1.0,0, 0, 0, 0, 0, 0,16,17,7,6,1,20,16,13,6,8,38,9,6,3,15,9,9,2,3,21,8,23,26,49,102,18,16,17,7,6,1,20,16,13,6,8,38,9,6,3,15,9,9,2,3,21,8,23,26,49,102,18,16,17,7,6,1,20,16,13,6,8,38,9,6,3,15,9,9,2,3,21,8,23,26,49,102,18,1,0,0,1,0,0,0,0,0,0,0,0,0,1,1,225
1787,0,5751.31006,1492.9414919999997,4276.379133000001,5,1,1,0,1,0,0,0,1,0,0,0,0,0,0,0,1,0,0,0,0,0,1,0,0,1,0,0,0,0,0,1,1,0,0,13,52,39,0.75,3.0,0.019230769230769232,1,0,1.0,0, 0, 0, 0, 0, 0,3,1,0,1,1,1,0,6,1,5,6,1,0,4,2,0,1,1,2,3,7,0,2,2,23,1,3,1,0,1,1,1,0,6,1,5,6,1,0,4,2,0,1,1,2,3,7,0,2,2,23,1,3,1,0,1,1,1,0,6,1,5,6,1,0,4,2,0,1,1,2,3,7,0,2,2,23,1,1,0,0,1,0,0,0,0,0,0,0,0,0,1,1,39
1788,0,10327.219044000003,2778.3336480000003,7566.895960999997,8,1,1,0,0,1,0,0,1,0,0,0,0,0,0,0,1,0,0,0,0,0,1,0,0,1,0,0,0,0,0,1,1,0,0,22,91,69,0.7582417582417582,3.1363636363636362,0.0,0,0,1.0,0, 0, 0, 0, 0, 0,8,3,5,1,0,3,8,7,2,7,8,2,2,2,3,1,1,1,1,4,4,13,5,18,36,2,8,3,5,1,0,3,8,7,2,7,8,2,2,2,3,1,1,1,1,4,4,13,5,18,36,2,8,3,5,1,0,3,8,7,2,7,8,2,2,2,3,1,1,1,1,4,4,13,5,18,36,2,1,0,0,1,0,0,0,0,0,0,0,0,0,1,1,69
1789,0,28983.61672699999,7163.550415999999,21838.076876000014,264,1,0,0,0,1,0,0,1,0,0,0,0,0,0,1,1,0,0,0,0,0,1,0,0,1,0,0,0,0,0,1,1,0,0,62,250,188,0.752,3.032258064516129,0.004,0,0,1.0,0, 0, 0, 0, 0, 0,16,18,12,2,1,13,14,12,7,10,22,3,4,5,10,10,7,7,7,8,19,26,21,47,72,17,16,18,12,2,1,13,14,12,7,10,22,3,4,5,10,10,7,7,7,8,19,26,21,47,72,17,16,18,12,2,1,13,14,12,7,10,22,3,4,5,10,10,7,7,7,8,19,26,21,47,72,17,1,0,0,1,0,0,0,0,0,0,0,0,0,1,1,188
1791,0,28831.392203,6922.509578999998,21926.893188999995,4668,0,0,1,0,1,1,1,0,0,0,0,0,0,0,0,1,0,0,0,0,0,1,0,0,1,0,0,0,0,0,1,1,0,0,66,264,198,0.75,3.0,0.022727272727272728,2,9.0,1.0,0, 0, 0, 0, 0, 0,26,13,15,11,5,10,11,16,5,13,21,3,2,9,8,5,5,1,10,9,20,26,16,42,87,10,26,13,15,11,5,10,11,16,5,13,21,3,2,9,8,5,5,1,10,9,20,26,16,42,87,10,26,13,15,11,5,10,11,16,5,13,21,3,2,9,8,5,5,1,10,9,20,26,16,42,87,10,1,0,0,1,0,0,0,0,0,0,0,0,0,1,1,198
1792,0,16152.616176999993,4047.2085130000014,12123.418228999995,7322,0,0,1,1,0,0,0,1,0,0,0,0,0,0,0,1,0,0,0,0,0,1,0,0,1,0,0,0,0,0,1,1,0,0,37,148,111,0.75,3.0,0.006756756756756757,1,0,1.0,0, 0, 0, 0, 0, 0,7,9,7,1,1,11,5,11,0,6,13,4,1,1,3,8,8,1,3,11,5,12,13,25,49,16,7,9,7,1,1,11,5,11,0,6,13,4,1,1,3,8,8,1,3,11,5,12,13,25,49,16,7,9,7,1,1,11,5,11,0,6,13,4,1,1,3,8,8,1,3,11,5,12,13,25,49,16,1,0,0,1,0,0,0,0,0,0,0,0,0,1,1,111
1797,0,9594.776203000001,2400.2875329999997,7212.499234999997,3717,0,0,1,1,0,0,0,1,0,0,0,0,0,0,0,1,0,0,0,0,0,0,0,0,0,1,0,0,0,1,1,1,0,0,23,95,72,0.7578947368421053,3.130434782608696,0.010526315789473684,2,1.0,1.0,0, 0, 0, 0, 0, 0,17,6,5,1,1,1,2,9,0,3,2,1,2,4,2,8,2,0,2,4,6,7,7,14,37,10,17,6,5,1,1,1,2,9,0,3,2,1,2,4,2,8,2,0,2,4,6,7,7,14,37,10,17,6,5,1,1,1,2,9,0,3,2,1,2,4,2,8,2,0,2,4,6,7,7,14,37,10,0,0,0,0,0,0,0,1,0,0,0,0,1,1,1,72
1798,0,3951.1698110000016,1076.6528549999998,2892.5275210000004,2064,0,0,1,1,0,0,0,1,0,0,0,0,0,0,1,1,0,0,0,0,0,0,0,0,0,1,0,0,0,1,1,1,0,0,8,34,26,0.7647058823529411,3.25,0.029411764705882353,0,0,1.0,0, 0, 0, 0, 0, 0,3,1,0,0,1,0,3,1,0,2,1,4,2,0,2,1,2,0,1,2,1,3,5,8,11,3,3,1,0,0,1,0,3,1,0,2,1,4,2,0,2,1,2,0,1,2,1,3,5,8,11,3,3,1,0,0,1,0,3,1,0,2,1,4,2,0,2,1,2,0,1,2,1,3,5,8,11,3,0,0,0,0,0,0,0,1,0,0,0,0,1,1,1,26
1799,0,28573.299626000033,7460.694155000001,21130.61603600003,289,1,0,0,0,1,1,1,0,0,0,0,0,0,0,0,1,0,0,0,0,0,0,0,0,0,1,0,0,0,1,1,1,0,0,63,252,189,0.75,3.0,0.015873015873015872,2,1.0,1.0,0, 0, 0, 0, 0, 0,27,17,18,3,3,5,11,10,5,6,19,5,2,9,10,9,8,3,7,12,19,29,22,51,76,17,27,17,18,3,3,5,11,10,5,6,19,5,2,9,10,9,8,3,7,12,19,29,22,51,76,17,27,17,18,3,3,5,11,10,5,6,19,5,2,9,10,9,8,3,7,12,19,29,22,51,76,17,0,0,0,0,0,0,0,1,0,0,0,0,1,1,1,189
1800,0,11098.851866,2768.545647,8348.316784,4,1,1,0,1,0,0,1,0,0,0,0,0,0,0,0,1,0,0,0,0,0,0,0,0,0,1,0,0,0,1,1,1,0,0,24,98,74,0.7551020408163265,3.0833333333333335,0.02040816326530612,1,0,1.0,0, 0, 0, 0, 0, 0,9,8,8,1,2,3,5,5,0,5,9,1,0,2,3,2,1,3,1,6,6,13,9,22,34,3,9,8,8,1,2,3,5,5,0,5,9,1,0,2,3,2,1,3,1,6,6,13,9,22,34,3,9,8,8,1,2,3,5,5,0,5,9,1,0,2,3,2,1,3,1,6,6,13,9,22,34,3,0,0,0,0,0,0,0,1,0,0,0,0,1,1,1,74
1801,0,26359.88485300001,6506.425341,19871.470077,2323,0,0,1,0,1,0,1,0,0,0,0,0,0,0,0,1,0,0,0,0,0,0,0,0,0,1,0,0,0,1,1,1,0,0,60,241,181,0.7510373443983402,3.0166666666666666,0.008298755186721992,0,0,1.0,0, 0, 0, 0, 0, 0,23,22,12,1,1,8,12,17,7,4,25,1,4,4,5,4,12,2,1,16,7,24,23,47,89,16,23,22,12,1,1,8,12,17,7,4,25,1,4,4,5,4,12,2,1,16,7,24,23,47,89,16,23,22,12,1,1,8,12,17,7,4,25,1,4,4,5,4,12,2,1,16,7,24,23,47,89,16,0,0,0,0,0,0,0,1,0,0,0,0,1,1,1,181
1802,0,29520.081268000016,7529.348605000003,22008.743227999996,3045,0,0,1,1,0,0,1,0,1,0,0,0,0,0,0,1,0,0,0,0,0,0,0,0,0,1,0,0,0,1,1,1,0,0,66,267,201,0.7528089887640449,3.0454545454545454,0.00749063670411985,1,0,0.09737827715355805,0, 0, 0, 0, 1, 0,29,12,3,3,2,3,6,13,2,3,38,0,11,13,13,12,3,4,9,22,26,9,12,21,116,15,29,12,3,3,2,3,6,13,2,3,38,0,11,13,13,12,3,4,9,22,26,9,12,21,116,15,29,12,3,3,2,3,6,13,2,3,38,0,11,13,13,12,3,4,9,22,26,9,12,21,116,15,0,0,0,0,0,0,0,1,0,0,0,0,1,1,1,201
1803,0,14527.711606000006,3647.11129,10898.610881000004,3852,0,0,1,1,0,0,1,0,0,0,1,0,0,0,0,1,0,0,0,0,0,0,0,0,0,1,0,0,0,1,1,1,0,0,34,137,103,0.7518248175182481,3.0294117647058822,0.014598540145985401,3,1.5,0.5547445255474452,0, 1, 0, 0, 0, 0,15,8,3,5,2,3,5,11,2,7,7,3,3,0,6,5,5,1,4,8,5,8,11,19,51,10,15,8,3,5,2,3,5,11,2,7,7,3,3,0,6,5,5,1,4,8,5,8,11,19,51,10,15,8,3,5,2,3,5,11,2,7,7,3,3,0,6,5,5,1,4,8,5,8,11,19,51,10,0,0,0,0,0,0,0,1,0,0,0,0,1,1,1,103
1804,0,31288.813734000007,7827.273442000003,23479.550856999995,4246,0,0,1,0,1,0,1,0,0,0,0,0,0,0,1,1,0,0,0,0,0,0,0,0,0,1,0,0,0,1,1,1,0,0,73,292,219,0.75,3.0,0.00684931506849315,0,0,1.0,0, 0, 0, 0, 0, 0,40,9,1,2,1,6,9,18,12,5,39,3,7,6,13,12,5,10,4,17,20,10,12,22,126,17,40,9,1,2,1,6,9,18,12,5,39,3,7,6,13,12,5,10,4,17,20,10,12,22,126,17,40,9,1,2,1,6,9,18,12,5,39,3,7,6,13,12,5,10,4,17,20,10,12,22,126,17,0,0,0,0,0,0,0,1,0,0,0,0,1,1,1,219
1805,0,12027.524549999995,3053.5545359999996,8991.980578999995,5121,0,0,1,1,0,0,1,0,0,0,0,0,0,0,0,1,0,0,0,0,0,0,0,0,0,1,0,0,0,1,1,1,0,0,28,113,85,0.7522123893805309,3.0357142857142856,0.017699115044247787,2,1.0,1.0,0, 0, 0, 0, 0, 0,14,6,2,1,2,4,3,7,1,8,11,1,1,3,2,4,3,2,0,10,5,5,7,12,51,7,14,6,2,1,2,4,3,7,1,8,11,1,1,3,2,4,3,2,0,10,5,5,7,12,51,7,14,6,2,1,2,4,3,7,1,8,11,1,1,3,2,4,3,2,0,10,5,5,7,12,51,7,0,0,0,0,0,0,0,1,0,0,0,0,1,1,1,85
1806,0,22483.714764000015,5376.714406999999,17125.010921999994,5464,0,0,1,1,0,0,0,1,0,0,0,0,0,0,0,1,0,0,0,0,0,0,0,0,0,1,0,0,0,1,1,1,0,0,50,201,151,0.7512437810945274,3.02,0.004975124378109453,2,1.0,1.0,0, 0, 0, 0, 0, 0,9,7,6,6,1,0,3,12,5,9,23,0,5,7,12,4,10,8,7,17,22,9,7,16,75,14,9,7,6,6,1,0,3,12,5,9,23,0,5,7,12,4,10,8,7,17,22,9,7,16,75,14,9,7,6,6,1,0,3,12,5,9,23,0,5,7,12,4,10,8,7,17,22,9,7,16,75,14,0,0,0,0,0,0,0,1,0,0,0,0,1,1,1,151
1808,0,8248.874327,1778.7933790000004,6488.091512999998,6091,0,0,1,1,0,1,1,0,0,1,1,0,0,0,0,1,0,0,0,0,0,0,0,0,0,0,0,0,0,0,1,1,0,1,18,75,57,0.76,3.1666666666666665,0.04,0,0,0.5333333333333333,0, 1, 0, 0, 0, 1,6,4,1,1,3,3,7,4,1,1,8,0,1,3,3,4,2,2,2,1,7,8,4,12,21,6,6,4,1,1,3,3,7,4,1,1,8,0,1,3,3,4,2,2,2,1,7,8,4,12,21,6,6,4,1,1,3,3,7,4,1,1,8,0,1,3,3,4,2,2,2,1,7,8,4,12,21,6,0,0,0,0,0,0,0,0,0,0,0,0,0,0,1,57
1811,0,29285.682064999983,7194.520711999999,22109.171918000015,4967,0,0,1,0,1,0,1,0,0,0,0,0,0,0,0,1,0,0,0,0,0,0,0,0,0,0,0,0,0,0,1,1,0,0,62,250,188,0.752,3.032258064516129,0.008,0,0,1.0,0, 0, 0, 0, 0, 0,16,21,13,2,1,8,17,9,7,11,19,4,5,5,8,12,7,7,7,9,19,30,25,55,69,19,16,21,13,2,1,8,17,9,7,11,19,4,5,5,8,12,7,7,7,9,19,30,25,55,69,19,16,21,13,2,1,8,17,9,7,11,19,4,5,5,8,12,7,7,7,9,19,30,25,55,69,19,0,0,0,0,0,0,0,0,0,0,0,0,0,0,1,188
1812,0,10925.60266,2902.4219949999997,8041.191230000002,32,1,1,0,0,1,0,1,0,0,0,0,0,0,0,0,1,0,0,0,0,0,0,0,0,0,0,0,0,0,0,1,1,0,0,24,98,74,0.7551020408163265,3.0833333333333335,0.02040816326530612,0,0,1.0,0, 0, 0, 0, 0, 0,6,3,5,4,1,3,4,7,3,5,9,4,0,1,1,5,3,1,2,7,4,9,7,16,34,8,6,3,5,4,1,3,4,7,3,5,9,4,0,1,1,5,3,1,2,7,4,9,7,16,34,8,6,3,5,4,1,3,4,7,3,5,9,4,0,1,1,5,3,1,2,7,4,9,7,16,34,8,0,0,0,0,0,0,0,0,0,0,0,0,0,0,1,74
1813,0,10794.562175999998,2886.408454,7926.164287000003,32,1,1,0,0,1,0,1,0,0,0,0,0,0,0,0,1,0,0,0,0,0,0,0,0,0,0,0,0,0,0,1,1,0,0,24,97,73,0.7525773195876289,3.0416666666666665,0.020618556701030927,0,0,1.0,0, 0, 0, 0, 0, 0,6,3,4,4,1,3,4,7,3,5,9,4,0,1,1,5,3,1,2,7,4,8,7,15,34,8,6,3,4,4,1,3,4,7,3,5,9,4,0,1,1,5,3,1,2,7,4,8,7,15,34,8,6,3,4,4,1,3,4,7,3,5,9,4,0,1,1,5,3,1,2,7,4,8,7,15,34,8,0,0,0,0,0,0,0,0,0,0,0,0,0,0,1,73
1814,0,19011.21298199999,4761.55224,14267.67130699999,84,1,1,0,1,0,0,0,1,0,0,0,0,0,0,0,1,0,0,0,0,0,0,0,0,0,0,0,0,0,0,1,1,0,0,41,167,126,0.7544910179640718,3.073170731707317,0.005988023952095809,0,0,1.0,0, 0, 0, 0, 0, 0,9,8,2,4,1,3,5,10,4,6,25,3,5,7,4,9,6,6,1,8,14,7,11,18,63,15,9,8,2,4,1,3,5,10,4,6,25,3,5,7,4,9,6,6,1,8,14,7,11,18,63,15,9,8,2,4,1,3,5,10,4,6,25,3,5,7,4,9,6,6,1,8,14,7,11,18,63,15,0,0,0,0,0,0,0,0,0,0,0,0,0,0,1,126
1815,0,30154.137683999987,7523.973671999999,22648.174576999994,1661,0,0,1,0,1,1,1,0,1,0,0,0,0,0,1,1,0,0,0,0,0,0,0,0,0,0,0,0,0,0,1,1,0,0,69,276,207,0.75,3.0,0.021739130434782608,4,105.66666666666667,0.6159420289855072,0, 0, 0, 0, 1, 0,28,19,7,5,5,15,9,17,7,7,40,4,2,3,13,7,7,4,2,6,9,16,23,39,100,14,28,19,7,5,5,15,9,17,7,7,40,4,2,3,13,7,7,4,2,6,9,16,23,39,100,14,28,19,7,5,5,15,9,17,7,7,40,4,2,3,13,7,7,4,2,6,9,16,23,39,100,14,0,0,0,0,0,0,0,0,0,0,0,0,0,0,1,207
1816,0,29682.92252999998,7309.896072999995,22391.037021999997,1673,0,0,1,0,1,1,1,0,1,0,0,0,0,0,1,1,0,0,0,0,0,0,0,0,0,0,0,0,0,0,1,1,0,0,68,272,204,0.75,3.0,0.022058823529411766,4,105.66666666666667,0.625,0, 0, 0, 0, 1, 0,28,19,7,5,5,15,9,16,7,6,40,4,2,3,13,6,7,4,2,6,9,16,23,39,98,13,28,19,7,5,5,15,9,16,7,6,40,4,2,3,13,6,7,4,2,6,9,16,23,39,98,13,28,19,7,5,5,15,9,16,7,6,40,4,2,3,13,6,7,4,2,6,9,16,23,39,98,13,0,0,0,0,0,0,0,0,0,0,0,0,0,0,1,204
1818,0,23484.794294000007,5981.02125,17521.783609000013,8961,0,0,1,1,0,1,1,0,0,0,0,0,0,0,0,1,0,0,0,0,0,0,0,0,0,0,0,0,0,0,1,1,0,0,53,212,159,0.75,3.0,0.014150943396226415,1,0,0.47641509433962265,0, 0, 0, 1, 0, 0,13,8,9,5,3,10,8,14,6,14,15,5,9,4,6,8,9,0,5,8,9,17,13,30,73,17,13,8,9,5,3,10,8,14,6,14,15,5,9,4,6,8,9,0,5,8,9,17,13,30,73,17,13,8,9,5,3,10,8,14,6,14,15,5,9,4,6,8,9,0,5,8,9,17,13,30,73,17,0,0,0,0,0,0,0,0,0,0,0,0,0,0,1,159
1820,0,16715.995697000002,4196.292579,12537.713682999994,7561,0,0,1,1,0,0,0,1,0,0,0,0,0,0,0,1,0,0,0,0,0,1,0,0,1,0,0,0,0,0,1,1,0,0,38,153,115,0.7516339869281046,3.026315789473684,0.006535947712418301,1,0,1.0,0, 0, 0, 0, 0, 0,7,10,7,0,1,10,5,11,0,6,12,5,1,1,3,9,9,1,3,14,5,12,15,27,51,18,7,10,7,0,1,10,5,11,0,6,12,5,1,1,3,9,9,1,3,14,5,12,15,27,51,18,7,10,7,0,1,10,5,11,0,6,12,5,1,1,3,9,9,1,3,14,5,12,15,27,51,18,1,0,0,1,0,0,1,0,0,0,0,0,0,1,1,115
1821,0,29163.569183000003,7097.620529,22083.959219,4811,0,0,1,0,1,1,1,0,0,0,0,0,0,0,0,1,0,0,0,0,0,1,0,0,1,0,0,0,0,0,1,1,0,0,66,264,198,0.75,3.0,0.022727272727272728,2,9.0,1.0,0, 0, 0, 0, 0, 0,23,15,13,11,5,7,14,17,3,13,20,3,3,7,7,6,6,1,13,11,21,27,18,45,87,12,23,15,13,11,5,7,14,17,3,13,20,3,3,7,7,6,6,1,13,11,21,27,18,45,87,12,23,15,13,11,5,7,14,17,3,13,20,3,3,7,7,6,6,1,13,11,21,27,18,45,87,12,1,0,0,1,0,0,1,0,0,0,0,0,0,1,1,198
1822,0,28955.585425999987,7135.519114999998,21838.076876000014,243,1,0,0,0,1,0,0,1,0,0,0,0,0,0,1,1,0,0,0,0,0,1,0,0,1,0,0,0,0,0,1,1,0,0,62,250,188,0.752,3.032258064516129,0.004,0,0,1.0,0, 0, 0, 0, 0, 0,16,18,12,2,1,13,14,12,7,10,22,3,4,5,10,10,7,7,7,8,19,26,21,47,72,17,16,18,12,2,1,13,14,12,7,10,22,3,4,5,10,10,7,7,7,8,19,26,21,47,72,17,16,18,12,2,1,13,14,12,7,10,22,3,4,5,10,10,7,7,7,8,19,26,21,47,72,17,1,0,0,1,0,0,1,0,0,0,0,0,0,1,1,188
1823,0,10210.128832000002,2719.296535,7508.842862,29,1,1,0,0,1,0,0,1,0,0,0,0,0,0,0,1,0,0,0,0,0,1,0,0,1,0,0,0,0,0,1,1,0,0,22,91,69,0.7582417582417582,3.1363636363636362,0.0,0,0,1.0,0, 0, 0, 0, 0, 0,9,2,5,1,0,4,8,7,2,7,8,2,2,2,3,1,0,1,1,4,4,13,4,17,37,1,9,2,5,1,0,4,8,7,2,7,8,2,2,2,3,1,0,1,1,4,4,13,4,17,37,1,9,2,5,1,0,4,8,7,2,7,8,2,2,2,3,1,0,1,1,4,4,13,4,17,37,1,1,0,0,1,0,0,1,0,0,0,0,0,0,1,1,69
1824,0,5751.31006,1526.9258419999996,4242.394783000001,1947,0,0,1,1,0,0,0,1,0,0,0,0,0,0,0,1,0,0,0,0,0,1,0,0,1,0,0,0,0,0,1,1,0,0,13,52,39,0.75,3.0,0.019230769230769232,1,0,1.0,0, 0, 0, 0, 0, 0,4,1,0,1,1,1,0,5,1,5,6,1,0,3,2,0,1,1,2,4,6,0,2,2,24,1,4,1,0,1,1,1,0,5,1,5,6,1,0,3,2,0,1,1,2,4,6,0,2,2,24,1,4,1,0,1,1,1,0,5,1,5,6,1,0,3,2,0,1,1,2,4,6,0,2,2,24,1,1,0,0,1,0,0,1,0,0,0,0,0,0,1,1,39
1825,0,11602.976827999999,2858.452424,8762.534968999998,2188,0,0,1,1,0,0,0,1,0,0,0,0,0,0,0,1,0,0,0,0,0,1,0,0,1,0,0,0,0,0,1,1,0,0,26,106,80,0.7547169811320755,3.076923076923077,0.009433962264150943,0,0,1.0,0, 0, 0, 0, 0, 0,11,4,3,3,1,4,5,3,2,3,8,6,3,2,4,7,4,1,1,5,4,8,10,18,33,11,11,4,3,3,1,4,5,3,2,3,8,6,3,2,4,7,4,1,1,5,4,8,10,18,33,11,11,4,3,3,1,4,5,3,2,3,8,6,3,2,4,7,4,1,1,5,4,8,10,18,33,11,1,0,0,1,0,0,1,0,0,0,0,0,0,1,1,80
1827,0,3575.812764999999,895.42871,2698.39462,9620,0,0,1,1,0,0,0,1,0,0,0,0,0,0,0,1,0,0,0,0,0,1,0,0,1,0,0,0,0,0,1,1,0,0,8,35,27,0.7714285714285715,3.375,0.02857142857142857,0,0,1.0,0, 0, 0, 0, 0, 0,7,4,0,2,1,1,1,5,0,0,0,1,0,0,1,0,0,0,1,3,1,1,5,6,15,0,7,4,0,2,1,1,1,5,0,0,0,1,0,0,1,0,0,0,1,3,1,1,5,6,15,0,7,4,0,2,1,1,1,5,0,0,0,1,0,0,1,0,0,0,1,3,1,1,5,6,15,0,1,0,0,1,0,0,1,0,0,0,0,0,0,1,1,27
1828,0,32449.468895000016,8085.104433000004,24382.375027,1020,0,0,1,0,1,1,1,0,0,0,0,0,0,0,0,1,0,0,0,0,0,0,0,0,0,0,0,0,0,0,1,1,0,0,74,299,225,0.7525083612040134,3.0405405405405403,0.010033444816053512,3,25.5,1.0,0, 0, 0, 0, 0, 0,23,15,15,6,2,7,11,20,9,11,29,3,7,11,13,17,11,2,2,11,15,26,18,44,101,28,23,15,15,6,2,7,11,20,9,11,29,3,7,11,13,17,11,2,2,11,15,26,18,44,101,28,23,15,15,6,2,7,11,20,9,11,29,3,7,11,13,17,11,2,2,11,15,26,18,44,101,28,0,0,0,0,0,0,0,0,0,0,0,0,0,1,1,225
1829,0,28058.61506,7113.662369999999,20962.963255000017,271,1,0,0,0,1,0,1,0,0,0,0,0,0,0,0,1,0,0,0,0,0,0,0,0,0,0,0,0,0,0,1,1,0,0,62,250,188,0.752,3.032258064516129,0.008,0,0,1.0,0, 0, 0, 0, 0, 0,28,16,14,2,1,7,10,10,7,8,24,5,2,8,7,10,6,4,5,14,17,24,21,45,86,16,28,16,14,2,1,7,10,10,7,8,24,5,2,8,7,10,6,4,5,14,17,24,21,45,86,16,28,16,14,2,1,7,10,10,7,8,24,5,2,8,7,10,6,4,5,14,17,24,21,45,86,16,0,0,0,0,0,0,0,0,0,0,0,0,0,1,1,188
1833,0,4274.055838000002,1097.5651620000003,3194.501241000001,15898,0,0,1,1,0,0,1,0,0,0,0,0,0,0,0,1,0,0,0,0,0,0,0,0,0,0,0,0,0,0,1,1,0,0,9,39,30,0.7692307692307693,3.3333333333333335,0.05128205128205128,0,0,1.0,0, 0, 0, 0, 0, 0,1,2,2,0,2,1,2,4,0,0,3,0,0,2,0,4,2,0,1,4,3,4,2,6,12,6,1,2,2,0,2,1,2,4,0,0,3,0,0,2,0,4,2,0,1,4,3,4,2,6,12,6,1,2,2,0,2,1,2,4,0,0,3,0,0,2,0,4,2,0,1,4,3,4,2,6,12,6,0,0,0,0,0,0,0,0,0,0,0,0,0,1,1,30
1834,0,4274.055838000002,1097.5651620000003,3194.501241000001,14574,0,0,1,1,0,0,1,0,0,0,0,0,0,0,0,1,0,0,0,0,0,0,0,0,0,0,0,0,0,0,1,1,0,0,9,39,30,0.7692307692307693,3.3333333333333335,0.05128205128205128,0,0,1.0,0, 0, 0, 0, 0, 0,1,2,2,0,2,1,2,4,0,0,3,0,0,2,0,4,2,0,1,4,3,4,2,6,12,6,1,2,2,0,2,1,2,4,0,0,3,0,0,2,0,4,2,0,1,4,3,4,2,6,12,6,1,2,2,0,2,1,2,4,0,0,3,0,0,2,0,4,2,0,1,4,3,4,2,6,12,6,0,0,0,0,0,0,0,0,0,0,0,0,0,1,1,30
1838,0,28055.604162,7113.662369999999,20959.952357000013,271,1,0,0,0,1,0,1,0,0,0,0,0,0,0,0,1,0,0,0,0,0,0,0,0,0,0,0,0,0,0,1,1,0,0,62,250,188,0.752,3.032258064516129,0.008,0,0,1.0,0, 0, 0, 0, 0, 0,28,15,15,2,1,6,9,9,8,8,24,6,2,8,7,11,6,4,5,14,17,24,21,45,85,17,28,15,15,2,1,6,9,9,8,8,24,6,2,8,7,11,6,4,5,14,17,24,21,45,85,17,28,15,15,2,1,6,9,9,8,8,24,6,2,8,7,11,6,4,5,14,17,24,21,45,85,17,0,0,0,0,0,0,0,0,0,0,0,0,0,1,1,188
1839,0,32450.448887000017,8056.052731000003,24412.406720999996,1020,0,0,1,0,1,1,1,0,0,0,0,0,0,0,0,1,0,0,0,0,0,0,0,0,0,0,0,0,0,0,1,1,0,0,74,299,225,0.7525083612040134,3.0405405405405403,0.010033444816053512,3,25.5,1.0,0, 0, 0, 0, 0, 0,22,15,15,7,2,8,11,19,8,11,29,3,7,10,13,17,12,2,2,12,14,26,18,44,100,29,22,15,15,7,2,8,11,19,8,11,29,3,7,10,13,17,12,2,2,12,14,26,18,44,100,29,22,15,15,7,2,8,11,19,8,11,29,3,7,10,13,17,12,2,2,12,14,26,18,44,100,29,0,0,0,0,0,0,0,0,0,0,0,0,0,1,1,225
1842,0,31693.328430000027,7885.965180000003,23825.373815000003,1041,0,0,1,0,1,1,1,0,0,0,0,1,0,0,0,1,0,0,0,0,0,0,0,0,0,0,0,0,0,0,1,1,0,1,74,296,222,0.75,3.0,0.030405405405405407,6,75.4,0.9222972972972973,1, 1, 0, 1, 0, 1,20,19,14,3,6,3,16,23,4,9,34,2,4,3,12,10,15,2,4,19,9,30,21,51,109,25,20,19,14,3,6,3,16,23,4,9,34,2,4,3,12,10,15,2,4,19,9,30,21,51,109,25,20,19,14,3,6,3,16,23,4,9,34,2,4,3,12,10,15,2,4,19,9,30,21,51,109,25,0,0,0,0,0,0,0,0,0,0,0,0,0,0,1,222
1843,0,26489.341505999982,6932.440247999997,19574.911823,327,1,0,0,0,1,1,1,0,0,0,0,0,0,0,0,1,0,0,0,0,0,0,0,0,0,0,0,0,0,0,1,1,0,0,58,232,174,0.75,3.0,0.017241379310344827,0,0,1.0,0, 0, 0, 0, 0, 0,26,18,13,2,4,3,15,9,5,7,19,2,1,6,8,8,6,6,4,12,16,28,20,48,74,14,26,18,13,2,4,3,15,9,5,7,19,2,1,6,8,8,6,6,4,12,16,28,20,48,74,14,26,18,13,2,4,3,15,9,5,7,19,2,1,6,8,8,6,6,4,12,16,28,20,48,74,14,0,0,0,0,0,0,0,0,0,0,0,0,0,0,1,174
1844,0,12195.289319,2817.3675249999997,9395.932358999999,8,1,1,0,1,0,0,1,0,0,0,0,0,0,0,0,1,0,0,0,0,0,0,0,0,0,0,0,0,0,0,1,1,0,0,27,109,82,0.7522935779816514,3.037037037037037,0.01834862385321101,0,0,1.0,0, 0, 0, 0, 0, 0,6,12,6,2,2,4,6,5,2,3,10,0,1,2,2,2,5,1,1,10,4,12,12,24,35,7,6,12,6,2,2,4,6,5,2,3,10,0,1,2,2,2,5,1,1,10,4,12,12,24,35,7,6,12,6,2,2,4,6,5,2,3,10,0,1,2,2,2,5,1,1,10,4,12,12,24,35,7,0,0,0,0,0,0,0,0,0,0,0,0,0,0,1,82
1847,0,10813.527758999999,2651.3603829999997,8180.177940999999,2696,0,0,1,0,1,0,1,0,0,0,0,0,0,0,0,1,0,0,0,0,0,0,0,0,0,0,0,0,0,0,1,1,0,0,24,96,72,0.75,3.0,0.020833333333333332,0,0,1.0,0, 0, 0, 0, 0, 0,11,10,8,0,1,1,6,5,2,1,7,1,1,1,5,0,1,4,0,7,5,14,11,25,32,1,11,10,8,0,1,1,6,5,2,1,7,1,1,1,5,0,1,4,0,7,5,14,11,25,32,1,11,10,8,0,1,1,6,5,2,1,7,1,1,1,5,0,1,4,0,7,5,14,11,25,32,1,0,0,0,0,0,0,0,0,0,0,0,0,0,0,1,72
1852,0,33585.04689199998,8446.455325,25156.602132,1824,0,0,1,1,0,0,1,0,0,0,0,0,0,0,0,1,0,0,0,0,0,1,0,0,1,0,0,0,0,0,1,1,0,0,74,299,225,0.7525083612040134,3.0405405405405403,0.006688963210702341,0,0,1.0,0, 0, 0, 0, 0, 0,12,16,7,7,2,22,14,14,6,9,39,7,5,2,17,11,10,2,3,20,7,21,23,44,99,21,12,16,7,7,2,22,14,14,6,9,39,7,5,2,17,11,10,2,3,20,7,21,23,44,99,21,12,16,7,7,2,22,14,14,6,9,39,7,5,2,17,11,10,2,3,20,7,21,23,44,99,21,1,0,0,1,0,0,0,0,0,0,0,0,0,1,1,225
1853,0,5765.325709999999,1492.9414919999997,4290.394783000001,5,1,1,0,1,0,0,0,1,0,0,0,0,0,0,0,1,0,0,0,0,0,1,0,0,1,0,0,0,0,0,1,1,0,0,13,52,39,0.75,3.0,0.019230769230769232,1,0,1.0,0, 0, 0, 0, 0, 0,4,1,0,1,1,1,0,5,1,5,6,1,0,4,2,0,1,1,2,3,7,0,2,2,23,1,4,1,0,1,1,1,0,5,1,5,6,1,0,4,2,0,1,1,2,3,7,0,2,2,23,1,4,1,0,1,1,1,0,5,1,5,6,1,0,4,2,0,1,1,2,3,7,0,2,2,23,1,1,0,0,1,0,0,0,0,0,0,0,0,0,1,1,39
1854,0,10355.129561000002,2793.344547,7579.795578999997,29,1,1,0,0,1,0,0,1,0,0,0,0,0,0,0,1,0,0,0,0,0,1,0,0,1,0,0,0,0,0,1,1,0,0,22,91,69,0.7582417582417582,3.1363636363636362,0.0,0,0,1.0,0, 0, 0, 0, 0, 0,6,2,5,2,0,3,8,7,2,6,8,2,2,2,3,1,2,1,1,5,4,13,4,17,34,3,6,2,5,2,0,3,8,7,2,6,8,2,2,2,3,1,2,1,1,5,4,13,4,17,34,3,6,2,5,2,0,3,8,7,2,6,8,2,2,2,3,1,2,1,1,5,4,13,4,17,34,3,1,0,0,1,0,0,0,0,0,0,0,0,0,1,1,69
1855,0,29030.618323999992,7222.569771999998,21826.05911700001,243,1,0,0,0,1,0,1,0,0,0,0,0,0,0,1,1,0,0,0,0,0,1,0,0,1,0,0,0,0,0,1,1,0,0,62,250,188,0.752,3.032258064516129,0.008,1,0,1.0,0, 0, 0, 0, 0, 0,16,18,12,2,2,13,13,12,7,10,22,3,4,5,10,9,8,7,7,8,19,25,21,46,72,17,16,18,12,2,2,13,13,12,7,10,22,3,4,5,10,9,8,7,7,8,19,25,21,46,72,17,16,18,12,2,2,13,13,12,7,10,22,3,4,5,10,9,8,7,7,8,19,25,21,46,72,17,1,0,0,1,0,0,0,0,0,0,0,0,0,1,1,188
1857,0,28745.355423999998,6971.504828999998,21791.861159999993,4757,0,0,1,0,1,1,1,0,0,0,0,0,0,0,0,1,0,0,0,0,0,1,0,0,1,0,0,0,0,0,1,1,0,0,66,264,198,0.75,3.0,0.022727272727272728,2,9.0,1.0,0, 0, 0, 0, 0, 0,26,13,14,9,5,9,11,17,6,11,22,3,2,7,8,6,6,1,11,11,19,25,16,41,89,12,26,13,14,9,5,9,11,17,6,11,22,3,2,7,8,6,6,1,11,11,19,25,16,41,89,12,26,13,14,9,5,9,11,17,6,11,22,3,2,7,8,6,6,1,11,11,19,25,16,41,89,12,1,0,0,1,0,0,0,0,0,0,0,0,0,1,1,198
1858,0,16239.72097799999,4075.2398140000005,12182.491728999996,7411,0,0,1,1,0,0,0,1,0,0,0,0,0,0,0,1,0,0,0,0,0,1,0,0,1,0,0,0,0,0,1,1,0,0,37,148,111,0.75,3.0,0.006756756756756757,1,0,1.0,0, 0, 0, 0, 0, 0,7,9,8,1,1,11,4,10,0,6,13,5,1,1,2,8,8,1,3,12,5,12,14,26,49,16,7,9,8,1,1,11,4,10,0,6,13,5,1,1,2,8,8,1,3,12,5,12,14,26,49,16,7,9,8,1,1,11,4,10,0,6,13,5,1,1,2,8,8,1,3,12,5,12,14,26,49,16,1,0,0,1,0,0,0,0,0,0,0,0,0,1,1,111
1859,0,6263.457498000002,1479.78341,4801.684653000001,7893,0,0,1,1,0,0,0,1,0,0,0,0,0,0,0,1,0,0,0,0,0,1,0,0,1,0,0,0,0,0,1,1,0,0,13,54,41,0.7592592592592593,3.1538461538461537,0.018518518518518517,0,0,1.0,0, 0, 0, 0, 0, 0,3,5,1,2,1,1,1,1,2,4,9,0,0,2,3,2,1,0,2,1,4,2,5,7,18,3,3,5,1,2,1,1,1,1,2,4,9,0,0,2,3,2,1,0,2,1,4,2,5,7,18,3,3,5,1,2,1,1,1,1,2,4,9,0,0,2,3,2,1,0,2,1,4,2,5,7,18,3,1,0,0,1,0,0,0,0,0,0,0,0,0,1,1,41
1861,0,32915.45615800005,7929.138511999998,25004.328211000007,8024,0,0,1,0,1,0,1,0,0,0,0,0,0,0,0,1,0,0,0,0,0,0,0,0,0,0,0,1,0,0,1,1,0,0,73,292,219,0.75,3.0,0.00684931506849315,0,0,1.0,0, 0, 0, 0, 0, 0,25,15,14,7,0,12,19,15,7,7,19,6,10,5,10,8,3,5,13,19,23,33,21,54,95,11,25,15,14,7,0,12,19,15,7,7,19,6,10,5,10,8,3,5,13,19,23,33,21,54,95,11,25,15,14,7,0,12,19,15,7,7,19,6,10,5,10,8,3,5,13,19,23,33,21,54,95,11,0,0,0,0,0,0,0,0,0,1,0,1,0,1,1,219
1862,0,28002.504559000023,7054.508603999998,20966.00651999999,7266,0,0,1,0,1,1,1,0,0,0,0,0,0,0,0,1,0,0,0,0,0,0,0,0,0,0,0,1,0,0,1,1,0,0,63,253,190,0.7509881422924901,3.015873015873016,0.011857707509881422,2,133.0,0.9604743083003953,0, 0, 1, 0, 0, 0,19,16,10,8,1,8,14,17,5,11,23,3,2,8,14,6,6,4,1,14,13,24,19,43,86,12,19,16,10,8,1,8,14,17,5,11,23,3,2,8,14,6,6,4,1,14,13,24,19,43,86,12,19,16,10,8,1,8,14,17,5,11,23,3,2,8,14,6,6,4,1,14,13,24,19,43,86,12,0,0,0,0,0,0,0,0,0,1,0,1,0,1,1,190
1863,0,29012.607760000003,7249.5442840000005,21781.074041000018,246,1,0,0,0,1,0,1,0,0,0,0,0,0,0,0,1,0,0,0,0,0,0,0,0,0,0,0,1,0,0,1,1,0,0,62,250,188,0.752,3.032258064516129,0.008,1,0,1.0,0, 0, 0, 0, 0, 0,17,19,12,2,2,9,14,11,8,9,22,1,4,5,8,9,8,7,7,14,19,26,20,46,77,17,17,19,12,2,2,9,14,11,8,9,22,1,4,5,8,9,8,7,7,14,19,26,20,46,77,17,17,19,12,2,2,9,14,11,8,9,22,1,4,5,8,9,8,7,7,14,19,26,20,46,77,17,0,0,0,0,0,0,0,0,0,1,0,1,0,1,1,188
1865,0,19380.279857000005,4891.719897999999,14506.570523999988,5302,0,0,1,0,1,1,1,0,0,0,0,0,0,0,1,1,0,0,0,0,0,0,0,0,0,0,0,1,0,0,1,1,0,0,43,175,132,0.7542857142857143,3.0697674418604652,0.017142857142857144,0,0,1.0,0, 0, 0, 0, 0, 0,15,8,3,2,2,3,5,9,1,9,18,3,10,7,6,10,8,3,2,8,12,8,11,19,69,18,15,8,3,2,2,3,5,9,1,9,18,3,10,7,6,10,8,3,2,8,12,8,11,19,69,18,15,8,3,2,2,3,5,9,1,9,18,3,10,7,6,10,8,3,2,8,12,8,11,19,69,18,0,0,0,0,0,0,0,0,0,1,0,1,0,1,1,132
1866,0,32177.48860200002,7891.691551000002,24303.807616000016,6948,0,0,1,0,1,1,1,0,0,1,0,0,0,0,1,1,0,0,0,0,0,0,0,0,0,0,0,1,0,0,1,1,0,0,73,295,222,0.752542372881356,3.041095890410959,0.020338983050847456,4,64.0,0.26440677966101694,0, 0, 1, 0, 0, 0,18,17,20,11,4,9,7,26,6,5,23,4,6,12,14,15,5,3,6,11,21,27,21,48,89,20,18,17,20,11,4,9,7,26,6,5,23,4,6,12,14,15,5,3,6,11,21,27,21,48,89,20,18,17,20,11,4,9,7,26,6,5,23,4,6,12,14,15,5,3,6,11,21,27,21,48,89,20,0,0,0,0,0,0,0,0,0,1,0,1,0,1,1,222
1867,0,29978.957040000016,7316.855434000002,22680.112171000022,7887,0,0,1,0,1,0,1,0,0,0,0,0,0,0,0,1,0,0,0,0,0,0,0,0,0,0,0,1,0,0,1,1,0,0,68,272,204,0.75,3.0,0.007352941176470588,1,0,1.0,0, 0, 0, 0, 0, 0,20,13,13,7,1,4,13,19,7,11,8,6,5,14,11,15,6,3,10,18,27,26,19,45,81,21,20,13,13,7,1,4,13,19,7,11,8,6,5,14,11,15,6,3,10,18,27,26,19,45,81,21,20,13,13,7,1,4,13,19,7,11,8,6,5,14,11,15,6,3,10,18,27,26,19,45,81,21,0,0,0,0,0,0,0,0,0,1,0,1,0,1,1,204
1868,0,27868.110620000007,6533.487880999997,21352.633304000006,6254,0,0,1,1,0,1,1,0,0,1,0,0,0,0,1,1,0,0,0,0,0,0,0,0,0,1,1,0,0,1,1,1,0,0,61,246,185,0.7520325203252033,3.0327868852459017,0.012195121951219513,2,1.0,0.6219512195121951,0, 0, 1, 0, 0, 0,20,19,13,5,3,4,12,9,7,5,15,3,2,12,13,8,9,4,9,13,25,25,22,47,64,17,20,19,13,5,3,4,12,9,7,5,15,3,2,12,13,8,9,4,9,13,25,25,22,47,64,17,20,19,13,5,3,4,12,9,7,5,15,3,2,12,13,8,9,4,9,13,25,25,22,47,64,17,0,0,0,0,0,0,0,1,1,0,0,0,1,0,1,185
1869,0,11011.817817999996,2686.5540879999994,8343.274295,4,1,1,0,1,0,0,0,1,0,0,0,0,0,0,0,1,0,0,0,0,0,0,0,0,0,1,1,0,0,1,1,1,0,0,24,98,74,0.7551020408163265,3.0833333333333335,0.01020408163265306,0,0,1.0,0, 0, 0, 0, 0, 0,8,5,10,0,1,3,4,3,1,4,8,3,0,3,3,4,2,2,2,8,7,14,8,22,31,6,8,5,10,0,1,3,4,3,1,4,8,3,0,3,3,4,2,2,2,8,7,14,8,22,31,6,8,5,10,0,1,3,4,3,1,4,8,3,0,3,3,4,2,2,2,8,7,14,8,22,31,6,0,0,0,0,0,0,0,1,1,0,0,0,1,0,1,74
1870,0,28241.068678999993,7291.456274999999,20967.622969,289,1,0,0,0,1,1,1,0,0,0,0,0,0,0,0,1,0,0,0,0,0,0,0,0,0,1,1,0,0,1,1,1,0,0,63,252,189,0.75,3.0,0.011904761904761904,0,0,1.0,0, 0, 0, 0, 0, 0,35,17,13,2,2,6,12,10,4,9,19,4,4,8,10,9,8,5,6,6,19,25,21,46,83,17,35,17,13,2,2,6,12,10,4,9,19,4,4,8,10,9,8,5,6,6,19,25,21,46,83,17,35,17,13,2,2,6,12,10,4,9,19,4,4,8,10,9,8,5,6,6,19,25,21,46,83,17,0,0,0,0,0,0,0,1,1,0,0,0,1,0,1,189
1871,0,3554.929171000001,960.594278,2612.345458,2099,0,0,1,1,0,0,0,1,0,0,0,0,0,0,1,1,0,0,0,0,0,0,0,0,0,1,1,0,0,1,1,1,0,0,7,31,24,0.7741935483870968,3.4285714285714284,0.03225806451612903,0,0,1.0,0, 0, 0, 0, 0, 0,3,1,0,1,1,1,2,1,0,1,2,2,1,0,4,1,1,0,1,1,1,2,3,5,9,2,3,1,0,1,1,1,2,1,0,1,2,2,1,0,4,1,1,0,1,1,1,2,3,5,9,2,3,1,0,1,1,1,2,1,0,1,2,2,1,0,4,1,1,0,1,1,1,2,3,5,9,2,0,0,0,0,0,0,0,1,1,0,0,0,1,0,1,24
1872,0,26149.66670700001,6263.255813999999,19904.421458,5096,0,0,1,0,1,1,1,0,0,0,0,0,0,0,0,1,0,0,0,0,0,0,0,0,0,1,1,0,0,1,1,1,0,0,60,241,181,0.7510373443983402,3.0166666666666666,0.012448132780082987,0,0,1.0,0, 0, 0, 0, 0, 0,22,21,14,1,2,6,13,15,7,5,27,1,3,4,5,7,10,2,1,15,7,27,22,49,87,17,22,21,14,1,2,6,13,15,7,5,27,1,3,4,5,7,10,2,1,15,7,27,22,49,87,17,22,21,14,1,2,6,13,15,7,5,27,1,3,4,5,7,10,2,1,15,7,27,22,49,87,17,0,0,0,0,0,0,0,1,1,0,0,0,1,0,1,181
1873,0,29671.249516000025,7793.416701000002,21895.843380000006,5818,0,0,1,1,0,0,0,1,0,0,0,0,0,0,0,1,0,0,0,0,0,0,0,0,0,1,1,0,0,1,1,1,0,0,67,268,201,0.75,3.0,0.0037313432835820895,1,0,1.0,0, 0, 0, 0, 0, 0,26,12,4,3,1,1,5,15,1,6,37,0,8,14,12,13,7,5,8,23,27,9,12,21,115,20,26,12,4,3,1,1,5,15,1,6,37,0,8,14,12,13,7,5,8,23,27,9,12,21,115,20,26,12,4,3,1,1,5,15,1,6,37,0,8,14,12,13,7,5,8,23,27,9,12,21,115,20,0,0,0,0,0,0,0,1,1,0,0,0,1,0,1,201
1877,0,22699.299288000017,5615.947907,17101.361946,3769,0,0,1,0,1,1,1,0,0,0,0,0,0,0,0,1,0,0,0,0,0,0,0,0,0,0,0,0,0,0,1,1,0,0,52,208,156,0.75,3.0,0.019230769230769232,1,0,1.0,0, 0, 0, 0, 0, 0,15,11,14,4,2,5,5,16,3,5,10,4,3,7,9,7,15,3,7,11,17,19,15,34,60,22,15,11,14,4,2,5,5,16,3,5,10,4,3,7,9,7,15,3,7,11,17,19,15,34,60,22,15,11,14,4,2,5,5,16,3,5,10,4,3,7,9,7,15,3,7,11,17,19,15,34,60,22,0,0,0,0,0,0,0,0,0,0,0,0,0,1,1,156
1883,0,28098.330662999993,7518.872141999999,20597.469086,295,1,0,0,1,0,0,1,0,0,0,0,0,0,0,0,1,0,0,0,0,0,0,0,0,0,0,0,0,0,0,1,1,0,0,61,246,185,0.7520325203252033,3.0327868852459017,0.008130081300813009,0,0,1.0,0, 0, 0, 0, 0, 0,21,24,17,1,2,8,14,19,2,6,22,2,3,4,9,9,5,5,3,9,12,31,26,57,80,14,21,24,17,1,2,8,14,19,2,6,22,2,3,4,9,9,5,5,3,9,12,31,26,57,80,14,21,24,17,1,2,8,14,19,2,6,22,2,3,4,9,9,5,5,3,9,12,31,26,57,80,14,0,0,0,0,0,0,0,0,0,0,0,0,0,1,1,185
1884,0,9580.258584000005,2562.423015,7035.8461339999985,38,1,1,0,1,0,0,0,1,0,0,0,0,0,0,0,1,0,0,0,0,0,0,0,0,0,0,0,0,0,0,1,1,0,0,21,86,65,0.7558139534883721,3.0952380952380953,0.011627906976744186,0,0,1.0,0, 0, 0, 0, 0, 0,7,8,4,1,1,0,6,7,1,2,10,1,0,1,5,1,1,1,0,8,2,10,9,19,34,2,7,8,4,1,1,0,6,7,1,2,10,1,0,1,5,1,1,1,0,8,2,10,9,19,34,2,7,8,4,1,1,0,6,7,1,2,10,1,0,1,5,1,1,1,0,8,2,10,9,19,34,2,0,0,0,0,0,0,0,0,0,0,0,0,0,1,1,65
1885,0,11423.505073000006,2657.3119049999996,8784.203733000002,672,0,0,0,1,0,0,1,0,0,0,0,0,0,0,0,1,0,0,0,0,0,0,0,0,0,0,0,0,0,0,1,1,0,0,26,106,80,0.7547169811320755,3.076923076923077,0.018867924528301886,1,0,1.0,0, 0, 0, 0, 0, 0,9,5,7,2,2,3,2,6,3,3,2,3,1,3,2,8,5,1,5,8,9,9,8,17,29,13,9,5,7,2,2,3,2,6,3,3,2,3,1,3,2,8,5,1,5,8,9,9,8,17,29,13,9,5,7,2,2,3,2,6,3,3,2,3,1,3,2,8,5,1,5,8,9,9,8,17,29,13,0,0,0,0,0,0,0,0,0,0,0,0,0,1,1,80
1886,0,15824.832640000008,3774.8670829999996,12067.976122,1865,0,0,1,0,1,1,1,0,0,0,0,0,0,0,0,1,0,0,0,0,0,0,0,0,0,0,0,0,0,0,1,1,0,0,35,140,105,0.75,3.0,0.02142857142857143,1,0,1.0,0, 0, 0, 0, 0, 0,7,9,10,0,1,8,10,7,2,2,12,1,1,6,11,5,1,3,2,7,11,20,10,30,36,6,7,9,10,0,1,8,10,7,2,2,12,1,1,6,11,5,1,3,2,7,11,20,10,30,36,6,7,9,10,0,1,8,10,7,2,2,12,1,1,6,11,5,1,3,2,7,11,20,10,30,36,6,0,0,0,0,0,0,0,0,0,0,0,0,0,1,1,105
1887,0,32127.306311000026,8179.053966999998,23966.262909000023,2605,0,0,1,1,0,1,1,0,0,0,0,0,0,0,1,1,0,0,0,0,0,0,0,0,0,0,0,0,0,0,1,1,0,0,74,299,225,0.7525083612040134,3.0405405405405403,0.010033444816053512,2,8.0,1.0,0, 0, 0, 0, 0, 0,36,20,14,5,3,1,14,25,4,7,27,1,4,4,20,7,7,8,4,14,16,28,21,49,113,14,36,20,14,5,3,1,14,25,4,7,27,1,4,4,20,7,7,8,4,14,16,28,21,49,113,14,36,20,14,5,3,1,14,25,4,7,27,1,4,4,20,7,7,8,4,14,16,28,21,49,113,14,0,0,0,0,0,0,0,0,0,0,0,0,0,1,1,225
1888,0,31623.106081000024,8112.128789,23528.987857000015,2620,0,0,1,1,0,1,1,0,0,0,0,0,0,0,1,1,0,0,0,0,0,0,0,0,0,0,0,0,0,0,1,1,0,0,73,294,221,0.7517006802721088,3.0273972602739727,0.01020408163265306,2,8.0,1.0,0, 0, 0, 0, 0, 0,35,19,14,5,3,1,14,25,4,7,26,1,4,4,19,7,7,8,4,14,16,28,20,48,111,14,35,19,14,5,3,1,14,25,4,7,26,1,4,4,19,7,7,8,4,14,16,28,20,48,111,14,35,19,14,5,3,1,14,25,4,7,26,1,4,4,19,7,7,8,4,14,16,28,20,48,111,14,0,0,0,0,0,0,0,0,0,0,0,0,0,1,1,221
1892,0,24121.543150000005,5708.077229999999,18431.476485,8194,0,0,1,0,1,1,1,0,0,0,0,0,0,0,0,1,0,0,0,0,0,0,0,0,0,0,0,0,0,0,1,1,0,0,57,229,172,0.7510917030567685,3.017543859649123,0.017467248908296942,4,66.33333333333333,1.0,0, 0, 0, 0, 0, 0,33,22,13,1,3,3,9,17,3,3,16,4,1,2,11,8,6,6,2,9,10,22,26,48,79,14,33,22,13,1,3,3,9,17,3,3,16,4,1,2,11,8,6,6,2,9,10,22,26,48,79,14,33,22,13,1,3,3,9,17,3,3,16,4,1,2,11,8,6,6,2,9,10,22,26,48,79,14,0,0,0,0,0,0,0,0,0,0,0,0,0,1,1,172
1897,0,12051.179540000003,2980.7585070000005,9088.431598000001,4927,0,0,1,0,1,1,1,0,1,0,0,0,0,0,1,1,0,0,0,0,0,0,0,0,0,0,0,1,0,0,1,1,0,0,28,114,86,0.7543859649122807,3.0714285714285716,0.02631578947368421,0,0,0.39473684210526316,0, 0, 0, 0, 1, 0,14,4,5,2,3,5,3,7,6,0,9,2,3,1,11,3,2,1,1,4,3,8,6,14,37,5,14,4,5,2,3,5,3,7,6,0,9,2,3,1,11,3,2,1,1,4,3,8,6,14,37,5,14,4,5,2,3,5,3,7,6,0,9,2,3,1,11,3,2,1,1,4,3,8,6,14,37,5,0,0,0,0,0,0,1,0,0,1,0,1,0,1,1,86
1899,0,29288.58130499999,7205.500310999999,22101.091559000022,395,1,0,0,0,1,1,1,0,0,0,0,0,0,0,0,1,0,0,0,0,0,0,0,0,0,0,0,1,0,0,1,1,0,0,62,250,188,0.752,3.032258064516129,0.012,1,0,1.0,0, 0, 0, 0, 0, 0,17,21,15,2,2,8,15,9,7,10,18,4,5,6,8,10,7,7,7,10,20,30,25,55,69,17,17,21,15,2,2,8,15,9,7,10,18,4,5,6,8,10,7,7,7,10,20,30,25,55,69,17,17,21,15,2,2,8,15,9,7,10,18,4,5,6,8,10,7,7,7,10,20,30,25,55,69,17,0,0,0,0,0,0,1,0,0,1,0,1,0,1,1,188
1900,0,9702.019063999998,2217.1324290000002,7502.8972,317,1,0,0,0,1,0,1,0,0,0,0,0,0,0,1,1,0,0,0,0,0,0,0,0,0,0,0,1,0,0,1,1,0,0,20,82,62,0.7560975609756098,3.1,0.024390243902439025,1,0,1.0,0, 0, 0, 0, 0, 0,5,9,5,0,2,3,3,1,1,2,6,4,1,3,3,3,2,1,4,4,8,8,13,21,19,5,5,9,5,0,2,3,3,1,1,2,6,4,1,3,3,3,2,1,4,4,8,8,13,21,19,5,5,9,5,0,2,3,3,1,1,2,6,4,1,3,3,3,2,1,4,4,8,8,13,21,19,5,0,0,0,0,0,0,1,0,0,1,0,1,0,1,1,62
1901,0,10769.578158999999,2982.5061949999995,7805.082529000001,32,1,1,0,1,0,0,1,0,0,0,0,0,0,0,0,1,0,0,0,0,0,0,0,0,0,0,0,1,0,0,1,1,0,0,24,97,73,0.7525773195876289,3.0416666666666665,0.020618556701030927,1,0,1.0,0, 0, 0, 0, 0, 0,10,3,4,3,2,3,4,6,2,6,8,4,0,1,1,5,2,1,2,6,4,8,7,15,36,7,10,3,4,3,2,3,4,6,2,6,8,4,0,1,1,5,2,1,2,6,4,8,7,15,36,7,10,3,4,3,2,3,4,6,2,6,8,4,0,1,1,5,2,1,2,6,4,8,7,15,36,7,0,0,0,0,0,0,1,0,0,1,0,1,0,1,1,73
1905,0,10492.247719000006,2871.3775789999995,7638.8807050000005,29,1,1,0,0,1,0,0,1,0,0,0,0,0,0,0,1,0,0,0,0,0,1,0,0,1,0,0,0,0,0,1,1,0,0,22,91,69,0.7582417582417582,3.1363636363636362,0.0,0,0,1.0,0, 0, 0, 0, 0, 0,8,2,6,1,0,6,7,5,2,7,7,2,2,2,3,2,0,1,1,5,4,13,4,17,34,2,8,2,6,1,0,6,7,5,2,7,7,2,2,2,3,2,0,1,1,5,4,13,4,17,34,2,8,2,6,1,0,6,7,5,2,7,7,2,2,2,3,2,0,1,1,5,4,13,4,17,34,2,1,0,0,1,0,0,1,0,0,0,0,0,0,1,1,69
1906,0,29042.524419999994,7252.489805999999,21808.04517900001,243,1,0,0,0,1,0,0,1,0,0,0,0,0,0,1,1,0,0,0,0,0,1,0,0,1,0,0,0,0,0,1,1,0,0,62,251,189,0.7529880478087649,3.0483870967741935,0.00398406374501992,0,0,1.0,0, 0, 0, 0, 0, 0,19,17,11,3,1,14,12,12,7,9,22,2,4,5,10,10,7,8,7,9,20,23,19,42,75,17,19,17,11,3,1,14,12,12,7,9,22,2,4,5,10,10,7,8,7,9,20,23,19,42,75,17,19,17,11,3,1,14,12,12,7,9,22,2,4,5,10,10,7,8,7,9,20,23,19,42,75,17,1,0,0,1,0,0,1,0,0,0,0,0,0,1,1,189
1907,0,29181.439777000014,7015.535749999999,22183.914592000016,4610,0,0,1,0,1,1,1,0,0,0,0,0,0,0,0,1,0,0,0,0,0,1,0,0,1,0,0,0,0,0,1,1,0,0,67,268,201,0.75,3.0,0.029850746268656716,3,75.0,1.0,0, 0, 0, 0, 0, 0,21,12,12,7,6,13,12,20,6,9,20,3,4,7,10,3,11,1,11,13,19,24,15,39,87,14,21,12,12,7,6,13,12,20,6,9,20,3,4,7,10,3,11,1,11,13,19,24,15,39,87,14,21,12,12,7,6,13,12,20,6,9,20,3,4,7,10,3,11,1,11,13,19,24,15,39,87,14,1,0,0,1,0,0,1,0,0,0,0,0,0,1,1,201
1908,0,16803.984086,4244.292579,12577.702071999995,7297,0,0,1,1,0,0,0,1,0,0,0,0,0,0,0,1,0,0,0,0,0,1,0,0,1,0,0,0,0,0,1,1,0,0,38,153,115,0.7516339869281046,3.026315789473684,0.006535947712418301,1,0,1.0,0, 0, 0, 0, 0, 0,7,9,4,3,1,8,8,12,1,5,12,7,2,1,2,9,6,1,3,14,5,12,16,28,52,15,7,9,4,3,1,8,8,12,1,5,12,7,2,1,2,9,6,1,3,14,5,12,16,28,52,15,7,9,4,3,1,8,8,12,1,5,12,7,2,1,2,9,6,1,3,14,5,12,16,28,52,15,1,0,0,1,0,0,1,0,0,0,0,0,0,1,1,115
1912,0,31279.05314099999,8143.246917000003,23153.816789000004,11017,0,0,1,0,1,1,1,0,0,0,0,0,0,0,0,1,0,0,0,0,0,0,0,0,0,0,0,1,0,0,1,1,0,0,68,272,204,0.75,3.0,0.014705882352941176,1,0,1.0,0, 0, 0, 0, 0, 0,18,19,11,7,3,5,15,12,6,8,27,4,1,12,4,18,10,1,10,13,23,26,23,49,79,28,18,19,11,7,3,5,15,12,6,8,27,4,1,12,4,18,10,1,10,13,23,26,23,49,79,28,18,19,11,7,3,5,15,12,6,8,27,4,1,12,4,18,10,1,10,13,23,26,23,49,79,28,0,0,0,0,0,0,1,0,0,1,0,1,0,1,1,204
1914,0,29239.68042499999,7271.543237999999,21986.147752000015,249,1,0,0,0,1,0,1,0,0,0,0,0,0,0,0,1,0,0,0,0,0,0,0,0,0,0,0,1,0,0,1,1,0,0,62,249,187,0.751004016064257,3.0161290322580645,0.008032128514056224,1,0,1.0,0, 0, 0, 0, 0, 0,16,21,11,3,1,11,17,9,7,7,23,2,4,5,8,12,5,7,7,11,19,28,23,51,70,17,16,21,11,3,1,11,17,9,7,7,23,2,4,5,8,12,5,7,7,11,19,28,23,51,70,17,16,21,11,3,1,11,17,9,7,7,23,2,4,5,8,12,5,7,7,11,19,28,23,51,70,17,0,0,0,0,0,0,1,0,0,1,0,1,0,1,1,187
1916,0,28678.46358900001,7312.6279559999975,21383.84619800001,261,1,0,0,0,1,1,1,0,0,0,0,0,0,0,0,1,0,0,0,0,0,0,0,0,0,0,0,0,0,0,1,1,0,0,61,245,184,0.7510204081632653,3.0163934426229506,0.012244897959183673,2,1.0,1.0,0, 0, 0, 0, 0, 0,16,14,13,6,3,11,10,11,9,10,22,4,2,8,9,5,6,6,8,11,22,23,18,41,72,11,16,14,13,6,3,11,10,11,9,10,22,4,2,8,9,5,6,6,8,11,22,23,18,41,72,11,16,14,13,6,3,11,10,11,9,10,22,4,2,8,9,5,6,6,8,11,22,23,18,41,72,11,0,0,0,0,0,0,0,0,0,0,0,0,0,1,1,184
1917,0,10087.861167,2567.2267239999996,7538.645008,8,1,1,0,1,0,0,0,1,0,0,0,0,0,0,0,1,0,0,0,0,0,0,0,0,0,0,0,0,0,0,1,1,0,0,22,90,68,0.7555555555555555,3.090909090909091,0.011111111111111112,0,0,1.0,0, 0, 0, 0, 0, 0,7,2,5,2,1,5,9,5,1,2,8,1,1,1,1,2,4,1,3,7,5,14,3,17,30,6,7,2,5,2,1,5,9,5,1,2,8,1,1,1,1,2,4,1,3,7,5,14,3,17,30,6,7,2,5,2,1,5,9,5,1,2,8,1,1,1,1,2,4,1,3,7,5,14,3,17,30,6,0,0,0,0,0,0,0,0,0,0,0,0,0,1,1,68
1919,0,17091.755214999986,4660.4298,12449.335980000005,3731,0,0,1,1,0,0,1,0,0,0,1,0,0,0,0,1,0,0,0,0,0,0,0,0,0,0,0,0,0,0,1,1,0,0,42,170,128,0.7529411764705882,3.0476190476190474,0.011764705882352941,1,0,0.5352941176470588,0, 1, 0, 0, 0, 0,34,2,4,4,2,3,5,9,1,4,9,7,2,1,11,8,16,1,1,4,3,9,9,18,62,24,34,2,4,4,2,3,5,9,1,4,9,7,2,1,11,8,16,1,1,4,3,9,9,18,62,24,34,2,4,4,2,3,5,9,1,4,9,7,2,1,11,8,16,1,1,4,3,9,9,18,62,24,0,0,0,0,0,0,0,0,0,0,0,0,0,1,1,128
1921,0,16719.954225,4186.235457,12551.729332999994,7504,0,0,1,1,0,0,0,1,0,0,0,0,0,0,0,1,0,0,0,0,0,1,0,0,1,0,0,0,0,0,1,1,0,0,38,153,115,0.7516339869281046,3.026315789473684,0.006535947712418301,1,0,1.0,0, 0, 0, 0, 0, 0,7,10,7,0,1,10,5,11,0,7,12,5,1,1,3,9,9,1,3,13,5,12,15,27,51,18,7,10,7,0,1,10,5,11,0,7,12,5,1,1,3,9,9,1,3,13,5,12,15,27,51,18,7,10,7,0,1,10,5,11,0,7,12,5,1,1,3,9,9,1,3,13,5,12,15,27,51,18,1,0,0,1,0,0,1,0,0,0,0,0,0,1,1,115
1922,0,29169.580618000004,7080.666751999999,22106.924431,4812,0,0,1,0,1,1,1,0,0,0,0,0,0,0,0,1,0,0,0,0,0,1,0,0,1,0,0,0,0,0,1,1,0,0,66,264,198,0.75,3.0,0.022727272727272728,2,9.0,1.0,0, 0, 0, 0, 0, 0,24,15,15,9,5,7,13,16,4,13,20,4,5,8,7,7,5,1,11,9,20,28,19,47,87,12,24,15,15,9,5,7,13,16,4,13,20,4,5,8,7,7,5,1,11,9,20,28,19,47,87,12,24,15,15,9,5,7,13,16,4,13,20,4,5,8,7,7,5,1,11,9,20,28,19,47,87,12,1,0,0,1,0,0,1,0,0,0,0,0,0,1,1,198
1924,0,29029.52044099999,7209.490515999999,21838.040490000014,243,1,0,0,0,1,0,0,1,0,0,0,0,0,0,1,1,0,0,0,0,0,1,0,0,1,0,0,0,0,0,1,1,0,0,62,250,188,0.752,3.032258064516129,0.004,0,0,1.0,0, 0, 0, 0, 0, 0,16,18,12,3,1,13,14,12,7,10,22,2,4,5,10,9,8,7,7,8,19,26,20,46,72,17,16,18,12,3,1,13,14,12,7,10,22,2,4,5,10,9,8,7,7,8,19,26,20,46,72,17,16,18,12,3,1,13,14,12,7,10,22,2,4,5,10,9,8,7,7,8,19,26,20,46,72,17,1,0,0,1,0,0,1,0,0,0,0,0,0,1,1,188
1925,0,10214.160131000004,2723.291449,7508.879247,29,1,1,0,0,1,0,0,1,0,0,0,0,0,0,0,1,0,0,0,0,0,1,0,0,1,0,0,0,0,0,1,1,0,0,22,91,69,0.7582417582417582,3.1363636363636362,0.0,0,0,1.0,0, 0, 0, 0, 0, 0,10,2,4,1,0,4,8,6,2,7,8,2,2,2,3,1,1,1,1,4,4,12,4,16,37,2,10,2,4,1,0,4,8,6,2,7,8,2,2,2,3,1,1,1,1,4,4,12,4,16,37,2,10,2,4,1,0,4,8,6,2,7,8,2,2,2,3,1,1,1,1,4,4,12,4,16,37,2,1,0,0,1,0,0,1,0,0,0,0,0,0,1,1,69
1926,0,5751.31006,1526.9258419999996,4242.394783000001,1924,0,0,1,1,0,0,0,1,0,0,0,0,0,0,0,1,0,0,0,0,0,1,0,0,1,0,0,0,0,0,1,1,0,0,13,52,39,0.75,3.0,0.019230769230769232,1,0,1.0,0, 0, 0, 0, 0, 0,4,1,0,1,1,1,0,5,1,5,6,1,0,3,2,0,1,1,2,4,6,0,2,2,24,1,4,1,0,1,1,1,0,5,1,5,6,1,0,3,2,0,1,1,2,4,6,0,2,2,24,1,4,1,0,1,1,1,0,5,1,5,6,1,0,3,2,0,1,1,2,4,6,0,2,2,24,1,1,0,0,1,0,0,1,0,0,0,0,0,0,1,1,39
1929,0,29159.14555799999,7427.794895000001,21749.36122799999,3283,0,0,1,0,1,1,1,0,0,0,0,0,0,0,0,1,0,0,0,0,0,0,0,0,0,0,0,0,1,0,1,1,0,0,67,268,201,0.75,3.0,0.014925373134328358,4,52.333333333333336,1.0,0, 0, 0, 0, 0, 0,37,21,14,0,3,5,12,11,7,3,28,0,4,6,12,6,9,1,4,18,11,26,21,47,101,15,37,21,14,0,3,5,12,11,7,3,28,0,4,6,12,6,9,1,4,18,11,26,21,47,101,15,37,21,14,0,3,5,12,11,7,3,28,0,4,6,12,6,9,1,4,18,11,26,21,47,101,15,0,0,0,0,0,0,0,0,0,0,1,0,0,1,1,201
1930,0,32559.024245000026,8017.128707999995,24559.90610200002,2087,0,0,1,1,0,1,1,0,0,0,0,0,1,0,0,1,0,0,0,0,0,0,0,0,0,0,0,0,1,0,1,1,0,0,74,296,222,0.75,3.0,0.010135135135135136,1,0,1.0,0, 0, 0, 0, 0, 0,24,21,19,5,3,3,8,22,12,11,10,0,4,12,13,14,13,5,8,15,25,27,21,48,86,27,24,21,19,5,3,3,8,22,12,11,10,0,4,12,13,14,13,5,8,15,25,27,21,48,86,27,24,21,19,5,3,3,8,22,12,11,10,0,4,12,13,14,13,5,8,15,25,27,21,48,86,27,0,0,0,0,0,0,0,0,0,0,1,0,0,1,1,222
1932,0,12502.402767999994,3190.5386910000007,9329.874641999999,190,1,0,0,1,0,0,0,1,0,0,0,0,0,0,0,1,0,0,0,0,0,0,0,0,0,0,0,0,1,0,1,1,0,0,28,112,84,0.75,3.0,0.008928571428571428,0,0,1.0,0, 0, 0, 0, 0, 0,6,11,9,3,1,3,1,8,2,2,11,3,0,2,3,8,2,1,2,6,5,10,14,24,33,10,6,11,9,3,1,3,1,8,2,2,11,3,0,2,3,8,2,1,2,6,5,10,14,24,33,10,6,11,9,3,1,3,1,8,2,2,11,3,0,2,3,8,2,1,2,6,5,10,14,24,33,10,0,0,0,0,0,0,0,0,0,0,1,0,0,1,1,84
1933,0,10483.225133999995,2531.292316,7969.943383000002,1,1,1,0,0,1,1,1,0,0,0,0,0,0,0,0,1,0,0,0,0,0,0,0,0,0,0,0,0,1,0,1,1,0,0,23,93,70,0.7526881720430108,3.0434782608695654,0.03225806451612903,0,0,1.0,0, 0, 0, 0, 0, 0,6,5,8,1,2,1,6,4,1,3,11,1,1,2,2,4,2,2,3,5,7,14,6,20,30,6,6,5,8,1,2,1,6,4,1,3,11,1,1,2,2,4,2,2,3,5,7,14,6,20,30,6,6,5,8,1,2,1,6,4,1,3,11,1,1,2,2,4,2,2,3,5,7,14,6,20,30,6,0,0,0,0,0,0,0,0,0,0,1,0,0,1,1,70
1934,0,27333.86075400001,6706.410451999998,20645.460867000016,279,1,0,0,0,1,1,1,0,0,0,0,0,0,0,1,1,0,0,0,0,0,0,0,0,0,0,0,0,1,0,1,1,0,0,59,239,180,0.7531380753138075,3.0508474576271185,0.016736401673640166,3,34.0,1.0,0, 0, 0, 0, 0, 0,18,15,14,4,3,10,10,11,7,10,20,3,2,6,11,7,5,7,6,11,19,24,18,42,72,12,18,15,14,4,3,10,10,11,7,10,20,3,2,6,11,7,5,7,6,11,19,24,18,42,72,12,18,15,14,4,3,10,10,11,7,10,20,3,2,6,11,7,5,7,6,11,19,24,18,42,72,12,0,0,0,0,0,0,0,0,0,0,1,0,0,1,1,180
1935,0,8153.097167000006,1818.8803760000003,6352.227356,1987,0,0,1,0,1,0,1,0,0,0,0,0,0,0,1,1,0,0,0,0,0,0,0,0,0,0,0,0,1,0,1,1,0,0,18,72,54,0.75,3.0,0.027777777777777776,2,8.0,1.0,0, 0, 0, 0, 0, 0,3,7,2,2,0,1,4,1,1,3,6,0,2,2,4,4,9,1,2,0,5,6,7,13,15,13,3,7,2,2,0,1,4,1,1,3,6,0,2,2,4,4,9,1,2,0,5,6,7,13,15,13,3,7,2,2,0,1,4,1,1,3,6,0,2,2,4,4,9,1,2,0,5,6,7,13,15,13,0,0,0,0,0,0,0,0,0,0,1,0,0,1,1,54
1939,0,16416.281893999992,3851.1382939999994,12583.154165000002,6609,0,0,1,1,0,1,1,0,0,0,1,0,0,0,0,1,0,0,0,0,0,0,0,0,0,1,0,0,0,1,1,1,0,0,37,151,114,0.7549668874172185,3.081081081081081,0.026490066225165563,1,0,0.5496688741721855,0, 1, 0, 0, 0, 0,12,7,7,5,4,3,9,11,1,6,6,9,3,2,3,7,4,1,7,7,10,16,16,32,45,11,12,7,7,5,4,3,9,11,1,6,6,9,3,2,3,7,4,1,7,7,10,16,16,32,45,11,12,7,7,5,4,3,9,11,1,6,6,9,3,2,3,7,4,1,7,7,10,16,16,32,45,11,0,0,0,0,0,0,0,1,0,0,0,0,1,1,1,114
1940,0,28207.388467999994,7304.725322999997,20920.67371000001,274,1,0,0,0,1,1,1,0,0,0,0,0,0,0,1,1,0,0,0,0,0,0,0,0,0,1,0,0,0,1,1,1,0,0,60,241,181,0.7510373443983402,3.0166666666666666,0.012448132780082987,0,0,1.0,0, 0, 0, 0, 0, 0,19,16,12,6,2,11,13,10,3,7,16,10,3,6,7,9,5,8,5,13,19,25,26,51,68,14,19,16,12,6,2,11,13,10,3,7,16,10,3,6,7,9,5,8,5,13,19,25,26,51,68,14,19,16,12,6,2,11,13,10,3,7,16,10,3,6,7,9,5,8,5,13,19,25,26,51,68,14,0,0,0,0,0,0,0,1,0,0,0,0,1,1,1,181
1941,0,10505.382497000006,2796.4745009999997,7726.918561000002,4,1,1,0,1,0,0,0,1,0,0,0,0,0,0,0,1,0,0,0,0,0,0,0,0,0,1,0,0,0,1,1,1,0,0,23,93,70,0.7526881720430108,3.0434782608695654,0.010752688172043012,0,0,1.0,0, 0, 0, 0, 0, 0,9,4,4,4,1,3,7,3,1,2,10,3,2,1,1,5,3,1,1,5,3,11,7,18,31,8,9,4,4,4,1,3,7,3,1,2,10,3,2,1,1,5,3,1,1,5,3,11,7,18,31,8,9,4,4,4,1,3,7,3,1,2,10,3,2,1,1,5,3,1,1,5,3,11,7,18,31,8,0,0,0,0,0,0,0,1,0,0,0,0,1,1,1,70
1942,0,30076.620168,7550.916801999997,22543.713931,52,1,1,0,1,0,0,1,0,0,0,0,0,0,0,0,1,0,0,0,0,0,0,0,0,0,1,0,0,0,1,1,1,0,0,68,275,207,0.7527272727272727,3.0441176470588234,0.007272727272727273,0,0,1.0,0, 0, 0, 0, 0, 0,21,10,13,8,2,9,9,16,3,7,28,9,5,9,7,11,17,5,1,17,15,22,19,41,94,28,21,10,13,8,2,9,9,16,3,7,28,9,5,9,7,11,17,5,1,17,15,22,19,41,94,28,21,10,13,8,2,9,9,16,3,7,28,9,5,9,7,11,17,5,1,17,15,22,19,41,94,28,0,0,0,0,0,0,0,1,0,0,0,0,1,1,1,207
1943,0,29170.686138999987,7502.062272999996,21686.634430999984,769,0,0,0,1,0,1,1,0,0,0,0,0,0,0,0,1,0,0,0,0,0,0,0,0,0,1,0,0,0,1,1,1,0,0,67,271,204,0.7527675276752768,3.044776119402985,0.01107011070110701,2,7.0,1.0,0, 0, 0, 0, 0, 1,29,4,7,3,3,5,2,15,5,10,37,5,8,14,11,13,9,4,3,17,21,9,9,18,116,22,29,4,7,3,3,5,2,15,5,10,37,5,8,14,11,13,9,4,3,17,21,9,9,18,116,22,29,4,7,3,3,5,2,15,5,10,37,5,8,14,11,13,9,4,3,17,21,9,9,18,116,22,0,0,0,0,0,0,0,1,0,0,0,0,1,1,1,204
1944,0,5390.858861,1343.7343509999998,4065.135075,1578,0,0,1,1,0,0,1,0,0,0,0,0,0,0,0,1,0,0,0,0,0,0,0,0,0,1,0,0,0,1,1,1,0,0,12,50,38,0.76,3.1666666666666665,0.04,0,0,1.0,0, 0, 0, 0, 0, 0,1,3,1,0,2,0,4,5,0,1,5,4,0,0,1,5,2,0,1,3,1,5,7,12,15,7,1,3,1,0,2,0,4,5,0,1,5,4,0,0,1,5,2,0,1,3,1,5,7,12,15,7,1,3,1,0,2,0,4,5,0,1,5,4,0,0,1,5,2,0,1,3,1,5,7,12,15,7,0,0,0,0,0,0,0,1,0,0,0,0,1,1,1,38
1945,0,30802.980035000008,7381.635039999997,23439.355560000025,7189,0,0,1,1,0,0,0,1,0,0,0,0,0,0,0,1,0,0,0,0,0,0,0,0,0,1,0,0,0,1,1,1,0,0,70,283,213,0.7526501766784452,3.0428571428571427,0.0035335689045936395,1,0,1.0,0, 0, 0, 0, 0, 0,21,11,14,11,1,7,11,13,2,10,15,17,4,13,15,10,8,2,3,25,18,25,28,53,88,18,21,11,14,11,1,7,11,13,2,10,15,17,4,13,15,10,8,2,3,25,18,25,28,53,88,18,21,11,14,11,1,7,11,13,2,10,15,17,4,13,15,10,8,2,3,25,18,25,28,53,88,18,0,0,0,0,0,0,0,1,0,0,0,0,1,1,1,213
1947,0,26215.98320600001,6373.342029999999,19860.651741000005,5454,0,0,1,1,0,0,0,1,0,0,0,0,0,0,0,1,0,0,0,0,0,0,0,0,0,1,0,0,0,1,1,1,0,0,62,249,187,0.751004016064257,3.0161290322580645,0.004016064257028112,1,0,1.0,0, 0, 0, 0, 0, 0,32,19,11,2,1,6,10,20,11,3,31,1,2,4,4,4,7,1,1,17,6,21,20,41,105,11,32,19,11,2,1,6,10,20,11,3,31,1,2,4,4,4,7,1,1,17,6,21,20,41,105,11,32,19,11,2,1,6,10,20,11,3,31,1,2,4,4,4,7,1,1,17,6,21,20,41,105,11,0,0,0,0,0,0,0,1,0,0,0,0,1,1,1,187
1948,0,29667.943870999992,7652.126769,22033.827666999998,2361,0,0,1,1,0,0,1,0,0,0,0,0,0,0,0,1,0,0,0,0,0,0,0,0,0,1,0,0,0,1,1,1,0,0,67,269,202,0.7509293680297398,3.014925373134328,0.007434944237918215,1,0,1.0,0, 0, 0, 0, 0, 0,23,9,2,5,2,5,6,19,1,8,40,3,10,15,10,11,7,4,7,15,26,8,12,20,115,18,23,9,2,5,2,5,6,19,1,8,40,3,10,15,10,11,7,4,7,15,26,8,12,20,115,18,23,9,2,5,2,5,6,19,1,8,40,3,10,15,10,11,7,4,7,15,26,8,12,20,115,18,0,0,0,0,0,0,0,1,0,0,0,0,1,1,1,202
1950,0,18582.400682,4457.210074999999,14143.201171999997,96,1,1,0,0,1,0,0,1,0,0,0,0,0,0,0,1,0,0,0,0,0,0,0,0,0,1,0,0,0,1,1,1,0,0,38,153,115,0.7516339869281046,3.026315789473684,0.0,0,0,1.0,0, 0, 0, 0, 0, 0,4,10,7,1,0,6,12,5,10,6,15,8,4,5,2,5,5,4,4,2,13,19,18,37,36,10,4,10,7,1,0,6,12,5,10,6,15,8,4,5,2,5,5,4,4,2,13,19,18,37,36,10,4,10,7,1,0,6,12,5,10,6,15,8,4,5,2,5,5,4,4,2,13,19,18,37,36,10,0,0,0,0,0,0,0,1,0,0,0,0,1,1,1,115
1951,0,9441.781425,2427.157598,7032.634392,29,1,1,0,0,1,0,1,0,0,0,0,0,0,0,0,1,0,0,0,0,0,0,0,0,0,1,0,0,0,1,1,1,0,0,21,85,64,0.7529411764705882,3.0476190476190474,0.023529411764705882,0,0,1.0,0, 0, 0, 0, 0, 0,10,4,5,0,1,1,6,3,2,2,10,1,2,2,2,2,2,1,1,7,4,11,5,16,34,4,10,4,5,0,1,1,6,3,2,2,10,1,2,2,2,2,2,1,1,7,4,11,5,16,34,4,10,4,5,0,1,1,6,3,2,2,10,1,2,2,2,2,2,1,1,7,4,11,5,16,34,4,0,0,0,0,0,0,0,1,0,0,0,0,1,1,1,64
1952,0,28453.188798999992,7249.632132999999,21221.567231000008,225,1,0,0,0,1,1,1,0,0,0,0,0,1,0,0,1,0,0,0,0,0,0,0,0,0,1,0,0,0,1,1,1,0,0,60,243,183,0.7530864197530864,3.05,0.024691358024691357,3,19.0,1.0,0, 0, 0, 0, 0, 0,19,19,12,4,6,10,14,9,7,11,17,2,2,7,8,10,4,7,5,10,19,26,21,47,68,14,19,19,12,4,6,10,14,9,7,11,17,2,2,7,8,10,4,7,5,10,19,26,21,47,68,14,19,19,12,4,6,10,14,9,7,11,17,2,2,7,8,10,4,7,5,10,19,26,21,47,68,14,0,0,0,0,0,0,0,1,0,0,0,0,1,1,1,183
1953,0,15367.721184999997,3563.855393999999,11821.876356000006,5001,0,0,1,1,0,0,1,0,0,0,1,0,0,0,0,1,0,0,0,0,0,0,0,0,0,1,0,0,0,1,1,1,0,0,35,143,108,0.7552447552447552,3.085714285714286,0.013986013986013986,1,0,0.5104895104895105,0, 1, 0, 0, 0, 0,13,8,9,5,2,3,7,12,2,7,8,4,1,3,8,4,2,4,2,4,9,16,12,28,45,6,13,8,9,5,2,3,7,12,2,7,8,4,1,3,8,4,2,4,2,4,9,16,12,28,45,6,13,8,9,5,2,3,7,12,2,7,8,4,1,3,8,4,2,4,2,4,9,16,12,28,45,6,0,0,0,0,0,0,0,1,0,0,0,0,1,1,1,108
1956,0,29385.522739,6921.823825,22481.709479000005,5497,0,0,1,1,0,0,1,0,0,0,0,0,0,0,0,1,0,0,0,0,0,0,0,0,0,0,0,0,0,0,1,1,0,0,70,282,212,0.75177304964539,3.0285714285714285,0.0070921985815602835,3,43.0,1.0,0, 0, 0, 0, 0, 0,38,16,12,1,2,1,17,15,1,13,23,3,3,8,23,10,7,1,7,11,16,29,19,48,103,17,38,16,12,1,2,1,17,15,1,13,23,3,3,8,23,10,7,1,7,11,16,29,19,48,103,17,38,16,12,1,2,1,17,15,1,13,23,3,3,8,23,10,7,1,7,11,16,29,19,48,103,17,0,0,0,0,0,0,0,0,0,0,0,0,0,0,1,212
1958,0,3399.5535360000003,861.405473,2556.158628,2058,0,0,1,1,0,0,0,1,0,0,0,0,0,0,1,1,0,0,0,0,0,0,0,0,0,0,0,0,0,0,1,1,0,0,7,30,23,0.7666666666666667,3.2857142857142856,0.03333333333333333,1,0,1.0,0, 0, 0, 0, 0, 0,1,0,1,2,1,0,4,3,0,3,2,0,2,1,1,0,0,0,1,1,2,5,0,5,12,0,1,0,1,2,1,0,4,3,0,3,2,0,2,1,1,0,0,0,1,1,2,5,0,5,12,0,1,0,1,2,1,0,4,3,0,3,2,0,2,1,1,0,0,0,1,1,2,5,0,5,12,0,0,0,0,0,0,0,0,0,0,0,0,0,0,0,1,23
1959,0,31447.286111000027,7556.823096000002,23908.473580000005,1125,0,0,1,0,1,1,1,0,0,0,0,0,0,0,0,1,0,0,0,0,0,0,0,0,0,0,0,0,0,0,1,1,0,0,74,299,225,0.7525083612040134,3.0405405405405403,0.013377926421404682,4,117.0,0.919732441471572,0, 1, 0, 1, 0, 0,31,17,14,5,1,4,15,24,4,17,25,3,6,7,12,7,14,2,3,14,12,29,20,49,117,21,31,17,14,5,1,4,15,24,4,17,25,3,6,7,12,7,14,2,3,14,12,29,20,49,117,21,31,17,14,5,1,4,15,24,4,17,25,3,6,7,12,7,14,2,3,14,12,29,20,49,117,21,0,0,0,0,0,0,0,0,0,0,0,0,0,0,1,225
1960,0,13649.360435000004,3069.5878709999997,10597.783129000001,7526,0,0,1,0,1,0,1,0,0,0,0,0,0,0,0,1,0,0,0,0,0,0,0,0,0,0,0,0,0,0,1,1,0,0,30,123,93,0.7560975609756098,3.1,0.016260162601626018,0,0,1.0,0, 0, 0, 0, 0, 0,11,18,2,2,1,0,4,8,4,6,7,3,4,3,6,5,2,2,0,5,5,6,21,27,41,7,11,18,2,2,1,0,4,8,4,6,7,3,4,3,6,5,2,2,0,5,5,6,21,27,41,7,11,18,2,2,1,0,4,8,4,6,7,3,4,3,6,5,2,2,0,5,5,6,21,27,41,7,0,0,0,0,0,0,0,0,0,0,0,0,0,0,1,93
1962,0,9841.796635000004,2490.257691,7369.549508999999,8187,0,0,1,1,0,0,1,0,0,0,0,0,0,0,0,1,0,0,0,0,0,0,0,0,0,0,0,0,0,0,1,1,0,0,21,84,63,0.75,3.0,0.023809523809523808,0,0,1.0,0, 0, 0, 0, 0, 0,9,8,5,1,2,1,7,2,1,3,4,0,2,1,2,4,0,3,3,5,7,12,8,20,25,4,9,8,5,1,2,1,7,2,1,3,4,0,2,1,2,4,0,3,3,5,7,12,8,20,25,4,9,8,5,1,2,1,7,2,1,3,4,0,2,1,2,4,0,3,3,5,7,12,8,20,25,4,0,0,0,0,0,0,0,0,0,0,0,0,0,0,1,63
1963,0,20927.40089600001,5273.655137999999,15671.756323000009,2923,0,0,1,1,0,0,1,0,0,0,0,0,0,0,1,1,0,0,0,0,0,0,0,0,0,0,0,0,0,0,1,1,0,0,48,194,146,0.7525773195876289,3.0416666666666665,0.010309278350515464,0,0,1.0,0, 0, 0, 0, 0, 0,20,8,7,3,2,4,8,15,7,5,12,3,3,6,14,9,4,2,6,8,14,15,11,26,63,13,20,8,7,3,2,4,8,15,7,5,12,3,3,6,14,9,4,2,6,8,14,15,11,26,63,13,20,8,7,3,2,4,8,15,7,5,12,3,3,6,14,9,4,2,6,8,14,15,11,26,63,13,0,0,0,0,0,0,0,0,0,0,0,0,0,0,1,146
1964,0,27903.38512100002,6980.614143000002,20940.78154300002,2001,0,0,1,1,0,1,1,0,0,0,1,0,0,0,1,1,0,0,0,0,0,0,0,0,0,0,0,0,0,0,1,1,0,0,59,239,180,0.7531380753138075,3.0508474576271185,0.016736401673640166,2,3.0,0.6150627615062761,0, 1, 0, 0, 0, 0,13,12,15,6,4,13,10,17,7,5,13,3,4,13,6,8,6,5,12,8,30,25,15,40,60,14,13,12,15,6,4,13,10,17,7,5,13,3,4,13,6,8,6,5,12,8,30,25,15,40,60,14,13,12,15,6,4,13,10,17,7,5,13,3,4,13,6,8,6,5,12,8,30,25,15,40,60,14,0,0,0,0,0,0,0,0,0,0,0,0,0,0,1,180
1965,0,14873.192834000005,3669.582574,11221.620824999996,1439,0,0,1,0,1,1,1,0,0,0,1,0,0,0,0,1,0,0,0,0,0,0,0,0,0,0,0,0,0,0,1,1,0,0,34,138,104,0.7536231884057971,3.0588235294117645,0.050724637681159424,5,18.75,0.427536231884058,1, 2, 0, 1, 0, 0,10,5,6,4,2,0,2,8,3,5,5,5,2,4,9,7,13,2,4,8,10,8,10,18,38,20,10,5,6,4,2,0,2,8,3,5,5,5,2,4,9,7,13,2,4,8,10,8,10,18,38,20,10,5,6,4,2,0,2,8,3,5,5,5,2,4,9,7,13,2,4,8,10,8,10,18,38,20,0,0,0,0,0,0,0,0,0,0,0,0,0,0,1,104
1968,0,11036.820460000003,2742.5625450000002,8312.268479999997,4,1,1,0,1,0,0,0,1,0,0,0,0,0,0,0,1,0,0,0,0,0,0,0,0,0,0,0,0,0,0,1,1,0,0,24,98,74,0.7551020408163265,3.0833333333333335,0.01020408163265306,0,0,1.0,0, 0, 0, 0, 0, 0,10,4,8,1,1,4,5,2,1,4,8,3,0,3,3,4,1,2,2,8,7,13,7,20,32,5,10,4,8,1,1,4,5,2,1,4,8,3,0,3,3,4,1,2,2,8,7,13,7,20,32,5,10,4,8,1,1,4,5,2,1,4,8,3,0,3,3,4,1,2,2,8,7,13,7,20,32,5,0,0,0,0,0,0,0,0,0,0,0,0,0,0,1,74
1969,0,28178.039154999995,7289.5318389999975,20906.51788100001,289,1,0,0,0,1,1,1,0,0,0,0,0,0,0,0,1,0,0,0,0,0,0,0,0,0,0,0,0,0,0,1,1,0,0,63,252,189,0.75,3.0,0.011904761904761904,0,0,1.0,0, 0, 0, 0, 0, 0,32,14,16,2,2,6,12,11,5,10,19,5,3,9,11,8,8,4,6,6,19,28,19,47,81,16,32,14,16,2,2,6,12,11,5,10,19,5,3,9,11,8,8,4,6,6,19,28,19,47,81,16,32,14,16,2,2,6,12,11,5,10,19,5,3,9,11,8,8,4,6,6,19,28,19,47,81,16,0,0,0,0,0,0,0,0,0,0,0,0,0,0,1,189
1970,0,3538.850251000001,907.4949569999999,2649.3658590000005,2136,0,0,1,1,0,0,0,1,0,0,0,0,0,0,1,1,0,0,0,0,0,0,0,0,0,0,0,0,0,0,1,1,0,0,7,31,24,0.7741935483870968,3.4285714285714284,0.03225806451612903,0,0,1.0,0, 0, 0, 0, 0, 0,3,1,0,0,1,1,2,1,0,2,1,2,1,1,3,1,2,0,1,1,2,2,3,5,9,3,3,1,0,0,1,1,2,1,0,2,1,2,1,1,3,1,2,0,1,1,2,2,3,5,9,3,3,1,0,0,1,1,2,1,0,2,1,2,1,1,3,1,2,0,1,1,2,2,3,5,9,3,0,0,0,0,0,0,0,0,0,0,0,0,0,0,1,24
1971,0,20471.33229799999,4985.549319,15503.793544000004,2391,0,0,1,1,0,0,1,0,0,1,0,0,0,0,1,1,0,0,0,0,0,0,0,0,0,0,0,0,0,0,1,1,0,0,46,185,139,0.7513513513513513,3.0217391304347827,0.010810810810810811,0,0,0.24864864864864866,0, 0, 1, 0, 0, 0,20,8,4,8,2,1,10,10,0,8,7,8,3,4,10,7,7,8,6,8,18,14,16,30,56,14,20,8,4,8,2,1,10,10,0,8,7,8,3,4,10,7,7,8,6,8,18,14,16,30,56,14,20,8,4,8,2,1,10,10,0,8,7,8,3,4,10,7,7,8,6,8,18,14,16,30,56,14,0,0,0,0,0,0,0,0,0,0,0,0,0,0,1,139
1972,0,32531.607972000013,7785.862825999999,24763.755711000005,2959,0,0,1,0,1,1,1,0,0,0,0,0,0,0,0,1,0,0,0,0,0,0,0,0,0,0,0,0,0,0,1,1,0,0,74,297,223,0.7508417508417509,3.0135135135135136,0.010101010101010102,1,0,1.0,0, 0, 0, 0, 0, 0,21,15,13,11,1,6,12,16,2,13,18,13,11,2,12,8,17,3,10,19,15,25,28,53,98,25,21,15,13,11,1,6,12,16,2,13,18,13,11,2,12,8,17,3,10,19,15,25,28,53,98,25,21,15,13,11,1,6,12,16,2,13,18,13,11,2,12,8,17,3,10,19,15,25,28,53,98,25,0,0,0,0,0,0,0,0,0,0,0,0,0,0,1,223
1973,0,18441.965216999997,4418.3267719999985,14041.649010000006,3824,0,0,1,1,0,1,1,0,0,0,1,0,0,0,0,1,0,0,0,0,0,0,0,0,0,0,0,0,0,0,1,1,0,0,43,173,130,0.7514450867052023,3.0232558139534884,0.023121387283236993,0,0,0.5722543352601156,0, 1, 0, 0, 0, 0,16,7,11,7,4,1,4,15,3,3,5,9,4,4,8,7,5,1,9,7,14,15,16,31,50,12,16,7,11,7,4,1,4,15,3,3,5,9,4,4,8,7,5,1,9,7,14,15,16,31,50,12,16,7,11,7,4,1,4,15,3,3,5,9,4,4,8,7,5,1,9,7,14,15,16,31,50,12,0,0,0,0,0,0,0,0,0,0,0,0,0,0,1,130
1974,0,15929.562578999994,3957.9742010000014,11989.598942999999,8121,0,0,1,0,1,1,1,0,0,0,1,0,0,0,0,1,0,0,0,0,0,0,0,0,0,0,0,1,0,0,1,1,0,1,35,142,107,0.7535211267605634,3.057142857142857,0.04225352112676056,1,0,0.23943661971830985,0, 2, 0, 0, 0, 0,2,8,10,2,6,1,5,10,4,1,9,3,2,8,8,9,9,1,3,6,12,15,11,26,30,18,2,8,10,2,6,1,5,10,4,1,9,3,2,8,8,9,9,1,3,6,12,15,11,26,30,18,2,8,10,2,6,1,5,10,4,1,9,3,2,8,8,9,9,1,3,6,12,15,11,26,30,18,0,0,0,0,0,0,1,0,0,1,0,1,0,1,1,107
1975,0,23275.39015899999,5686.655059999997,17606.74566400001,7472,0,0,1,0,1,1,1,0,0,0,0,0,0,0,0,1,0,0,0,0,0,0,0,0,0,0,0,1,0,0,1,1,0,0,53,212,159,0.75,3.0,0.018867924528301886,1,0,0.8066037735849056,0, 1, 0, 0, 0, 0,17,7,3,9,1,8,14,10,5,2,10,7,1,8,11,10,11,0,10,15,18,17,14,31,55,21,17,7,3,9,1,8,14,10,5,2,10,7,1,8,11,10,11,0,10,15,18,17,14,31,55,21,17,7,3,9,1,8,14,10,5,2,10,7,1,8,11,10,11,0,10,15,18,17,14,31,55,21,0,0,0,0,0,0,1,0,0,1,0,1,0,1,1,159
1977,0,29163.49770899998,7415.571579999997,21765.936694000018,274,1,0,0,0,1,1,1,0,0,0,0,0,0,0,0,1,0,0,0,0,0,0,0,0,0,0,0,1,0,0,1,1,0,0,62,251,189,0.7529880478087649,3.0483870967741935,0.01195219123505976,1,0,1.0,0, 0, 0, 0, 0, 0,22,17,16,3,2,8,11,10,11,8,21,3,3,6,8,6,11,7,6,10,19,27,20,47,74,17,22,17,16,3,2,8,11,10,11,8,21,3,3,6,8,6,11,7,6,10,19,27,20,47,74,17,22,17,16,3,2,8,11,10,11,8,21,3,3,6,8,6,11,7,6,10,19,27,20,47,74,17,0,0,0,0,0,0,1,0,0,1,0,1,0,1,1,189
1978,0,22476.849410999992,5552.760266000001,16942.09971,6553,0,0,1,1,0,0,1,0,0,0,0,0,0,0,0,1,0,0,0,0,0,0,0,0,0,0,0,1,0,0,1,1,0,0,50,203,153,0.7536945812807881,3.06,0.009852216748768473,0,0,1.0,0, 0, 0, 0, 0, 0,19,7,5,6,2,17,15,15,2,3,12,6,4,5,2,11,5,3,7,7,15,20,13,33,60,16,19,7,5,6,2,17,15,15,2,3,12,6,4,5,2,11,5,3,7,7,15,20,13,33,60,16,19,7,5,6,2,17,15,15,2,3,12,6,4,5,2,11,5,3,7,7,15,20,13,33,60,16,0,0,0,0,0,0,1,0,0,1,0,1,0,1,1,153
1980,0,27960.28557500002,6976.414032999997,21001.88210699999,7186,0,0,1,0,1,1,1,0,0,0,0,0,0,0,0,1,0,0,0,0,0,0,0,0,0,0,0,1,0,0,1,1,0,0,63,255,192,0.7529411764705882,3.0476190476190474,0.011764705882352941,2,135.0,0.9607843137254902,0, 0, 1, 0, 0, 0,19,16,11,9,1,6,14,17,5,10,20,2,2,8,14,10,5,4,1,18,13,25,18,43,86,15,19,16,11,9,1,6,14,17,5,10,20,2,2,8,14,10,5,4,1,18,13,25,18,43,86,15,19,16,11,9,1,6,14,17,5,10,20,2,2,8,14,10,5,4,1,18,13,25,18,43,86,15,0,0,0,0,0,0,0,0,0,1,0,1,0,1,1,192
1982,0,30620.515806999985,7761.848679000001,22876.67769300001,246,1,0,0,1,0,0,1,0,0,0,0,0,0,0,0,1,0,0,0,0,0,0,0,0,0,0,0,1,0,0,1,1,0,0,66,264,198,0.75,3.0,0.007575757575757576,1,0,1.0,0, 0, 0, 0, 0, 0,22,21,13,4,2,9,14,10,6,10,23,2,4,5,9,9,8,7,8,12,20,27,23,50,81,17,22,21,13,4,2,9,14,10,6,10,23,2,4,5,9,9,8,7,8,12,20,27,23,50,81,17,22,21,13,4,2,9,14,10,6,10,23,2,4,5,9,9,8,7,8,12,20,27,23,50,81,17,0,0,0,0,0,0,0,0,0,1,0,1,0,1,1,198
1984,0,19403.277215000006,4875.724983,14545.562796999991,5345,0,0,1,0,1,0,1,0,0,0,0,0,0,0,1,1,0,0,0,0,0,0,0,0,0,0,0,1,0,0,1,1,0,0,43,175,132,0.7542857142857143,3.0697674418604652,0.011428571428571429,0,0,1.0,0, 0, 0, 0, 0, 0,13,8,3,4,1,3,5,9,1,8,19,2,10,7,7,11,8,3,2,8,12,8,10,18,67,19,13,8,3,4,1,3,5,9,1,8,19,2,10,7,7,11,8,3,2,8,12,8,10,18,67,19,13,8,3,4,1,3,5,9,1,8,19,2,10,7,7,11,8,3,2,8,12,8,10,18,67,19,0,0,0,0,0,0,0,0,0,1,0,1,0,1,1,132
1985,0,31882.452418000015,7770.715581999997,24129.74740100002,7003,0,0,1,0,1,1,1,0,0,0,0,0,0,0,1,1,0,0,0,0,0,0,0,0,0,0,0,1,0,0,1,1,0,0,73,295,222,0.752542372881356,3.041095890410959,0.01694915254237288,3,96.0,1.0,0, 0, 0, 0, 0, 0,20,19,24,9,3,6,4,26,7,7,20,3,6,12,16,16,5,3,5,11,20,28,22,50,90,21,20,19,24,9,3,6,4,26,7,7,20,3,6,12,16,16,5,3,5,11,20,28,22,50,90,21,20,19,24,9,3,6,4,26,7,7,20,3,6,12,16,16,5,3,5,11,20,28,22,50,90,21,0,0,0,0,0,0,0,0,0,1,0,1,0,1,1,222
1986,0,30320.111702000017,7285.860854000003,23052.261413000015,7946,0,0,1,0,1,1,1,0,0,0,0,0,0,0,0,1,0,0,0,0,0,0,0,0,0,0,0,1,0,0,1,1,0,0,68,274,206,0.7518248175182481,3.0294117647058822,0.010948905109489052,1,0,1.0,0, 0, 0, 0, 0, 0,16,14,13,8,2,5,13,19,6,10,11,5,4,12,10,16,9,3,12,18,27,26,19,45,78,25,16,14,13,8,2,5,13,19,6,10,11,5,4,12,10,16,9,3,12,18,27,26,19,45,78,25,16,14,13,8,2,5,13,19,6,10,11,5,4,12,10,16,9,3,12,18,27,26,19,45,78,25,0,0,0,0,0,0,0,0,0,1,0,1,0,1,1,206
1988,0,28499.99513299997,7474.0745080000015,21043.931189999985,7810,0,0,1,1,0,0,1,0,0,0,0,0,0,0,0,1,0,0,0,0,0,0,0,0,0,1,0,0,0,1,1,1,0,0,66,266,200,0.7518796992481203,3.0303030303030303,0.007518796992481203,1,0,1.0,0, 0, 0, 0, 0, 0,31,12,5,0,2,3,4,13,1,22,33,3,4,12,9,16,11,2,1,16,15,9,15,24,119,27,31,12,5,0,2,3,4,13,1,22,33,3,4,12,9,16,11,2,1,16,15,9,15,24,119,27,31,12,5,0,2,3,4,13,1,22,33,3,4,12,9,16,11,2,1,16,15,9,15,24,119,27,0,0,0,0,0,0,0,1,0,0,0,0,1,0,1,200
1989,0,30084.49785600001,7297.9522149999975,22804.556206,6948,0,0,1,1,0,0,0,1,0,0,0,0,0,0,0,1,0,0,0,0,0,0,0,0,0,1,0,0,0,1,1,1,0,0,71,286,215,0.7517482517482518,3.028169014084507,0.0034965034965034965,1,0,1.0,0, 0, 0, 0, 0, 0,25,10,1,6,1,5,2,20,1,16,38,0,16,7,12,9,15,4,4,23,15,3,10,13,138,24,25,10,1,6,1,5,2,20,1,16,38,0,16,7,12,9,15,4,4,23,15,3,10,13,138,24,25,10,1,6,1,5,2,20,1,16,38,0,16,7,12,9,15,4,4,23,15,3,10,13,138,24,0,0,0,0,0,0,0,1,0,0,0,0,1,0,1,215
1990,0,20867.87383900002,5150.806672,15735.077732000005,915,0,0,0,1,0,0,0,1,0,0,0,0,0,0,0,1,0,0,0,0,0,0,0,0,0,1,0,0,0,1,1,1,0,0,48,195,147,0.7538461538461538,3.0625,0.005128205128205128,1,0,1.0,0, 0, 0, 0, 0, 0,19,10,7,4,1,2,10,17,9,11,13,4,2,4,8,6,8,0,5,7,9,17,14,31,69,14,19,10,7,4,1,2,10,17,9,11,13,4,2,4,8,6,8,0,5,7,9,17,14,31,69,14,19,10,7,4,1,2,10,17,9,11,13,4,2,4,8,6,8,0,5,7,9,17,14,31,69,14,0,0,0,0,0,0,0,1,0,0,0,0,1,0,1,147
1991,0,25100.16330099999,6582.394456999999,18535.779409000006,102,1,1,0,0,1,0,1,0,0,0,0,0,0,0,0,1,0,0,0,0,0,0,0,0,0,1,0,0,0,1,1,1,0,0,56,225,169,0.7511111111111111,3.017857142857143,0.008888888888888889,2,1.0,1.0,0, 0, 0, 0, 0, 0,32,16,6,5,1,6,16,9,3,11,16,7,5,3,8,6,5,3,2,9,8,22,23,45,82,11,32,16,6,5,1,6,16,9,3,11,16,7,5,3,8,6,5,3,2,9,8,22,23,45,82,11,32,16,6,5,1,6,16,9,3,11,16,7,5,3,8,6,5,3,2,9,8,22,23,45,82,11,0,0,0,0,0,0,0,1,0,0,0,0,1,0,1,169
1992,0,11022.775815,2790.529529,8250.256850999996,4,1,1,0,1,0,0,0,1,0,0,0,0,0,0,0,1,0,0,0,0,0,0,0,0,0,1,0,0,0,1,1,1,0,0,24,98,74,0.7551020408163265,3.0833333333333335,0.01020408163265306,0,0,1.0,0, 0, 0, 0, 0, 0,11,4,8,1,1,4,4,3,0,5,8,3,0,3,3,4,0,2,3,7,8,12,7,19,34,4,11,4,8,1,1,4,4,3,0,5,8,3,0,3,3,4,0,2,3,7,8,12,7,19,34,4,11,4,8,1,1,4,4,3,0,5,8,3,0,3,3,4,0,2,3,7,8,12,7,19,34,4,0,0,0,0,0,0,0,1,0,0,0,0,1,0,1,74
1993,0,28153.110151999997,7318.598797999999,20852.521919000006,289,1,0,0,0,1,1,1,0,0,0,0,0,0,0,0,1,0,0,0,0,0,0,0,0,0,1,0,0,0,1,1,1,0,0,63,252,189,0.75,3.0,0.011904761904761904,0,0,1.0,0, 0, 0, 0, 0, 0,33,15,15,2,2,5,11,10,5,9,19,5,4,8,10,10,9,4,6,7,18,26,20,46,82,19,33,15,15,2,2,5,11,10,5,9,19,5,4,8,10,10,9,4,6,7,18,26,20,46,82,19,33,15,15,2,2,5,11,10,5,9,19,5,4,8,10,10,9,4,6,7,18,26,20,46,82,19,0,0,0,0,0,0,0,1,0,0,0,0,1,0,1,189
1994,0,3705.9673470000007,1062.637205,2661.3407070000003,2136,0,0,1,1,0,0,0,1,0,0,0,0,0,0,1,1,0,0,0,0,0,0,0,0,0,1,0,0,0,1,1,1,0,0,8,32,24,0.75,3.0,0.03125,0,0,1.0,0, 0, 0, 0, 0, 0,3,2,0,0,1,1,2,1,0,1,1,1,1,1,4,1,2,0,1,1,2,2,3,5,8,3,3,2,0,0,1,1,2,1,0,1,1,1,1,1,4,1,2,0,1,1,2,2,3,5,8,3,3,2,0,0,1,1,2,1,0,1,1,1,1,1,4,1,2,0,1,1,2,2,3,5,8,3,0,0,0,0,0,0,0,1,0,0,0,0,1,0,1,24
1995,0,5051.600978999999,1178.5641569999998,3891.0473870000005,2136,0,0,1,1,0,0,0,1,0,0,0,0,0,0,1,1,0,0,0,0,0,0,0,0,0,1,0,0,0,1,1,1,0,0,11,45,34,0.7555555555555555,3.090909090909091,0.022222222222222223,0,0,1.0,0, 0, 0, 0, 0, 0,4,2,0,1,1,1,2,1,0,1,1,6,2,1,4,2,2,1,1,1,3,2,8,10,10,4,4,2,0,1,1,1,2,1,0,1,1,6,2,1,4,2,2,1,1,1,3,2,8,10,10,4,4,2,0,1,1,1,2,1,0,1,1,6,2,1,4,2,2,1,1,1,3,2,8,10,10,4,0,0,0,0,0,0,0,1,0,0,0,0,1,0,1,34
1997,0,32272.08561300001,8155.477983000002,24134.618195000003,2531,0,0,1,0,1,1,1,0,0,0,0,0,0,0,0,1,0,0,0,0,0,0,0,0,0,1,0,0,0,1,1,1,0,0,72,291,219,0.7525773195876289,3.0416666666666665,0.020618556701030927,3,44.0,1.0,0, 0, 0, 0, 0, 0,18,7,3,5,5,6,5,21,0,16,32,6,11,13,14,16,5,5,14,17,32,8,13,21,115,21,18,7,3,5,5,6,5,21,0,16,32,6,11,13,14,16,5,5,14,17,32,8,13,21,115,21,18,7,3,5,5,6,5,21,0,16,32,6,11,13,14,16,5,5,14,17,32,8,13,21,115,21,0,0,0,0,0,0,0,1,0,0,0,0,1,0,1,219
1998,0,17018.580004999993,4147.261598000001,12889.328972000001,10490,0,0,1,1,0,0,0,1,0,0,0,0,0,0,1,1,0,0,0,0,0,0,0,0,0,1,0,0,0,1,1,1,0,0,38,153,115,0.7516339869281046,3.026315789473684,0.006535947712418301,1,0,1.0,0, 0, 0, 0, 0, 0,11,9,9,5,1,3,7,12,4,6,8,3,1,6,4,5,7,2,6,6,14,16,12,28,44,12,11,9,9,5,1,3,7,12,4,6,8,3,1,6,4,5,7,2,6,6,14,16,12,28,44,12,11,9,9,5,1,3,7,12,4,6,8,3,1,6,4,5,7,2,6,6,14,16,12,28,44,12,0,0,0,0,0,0,0,1,0,0,0,0,1,1,1,115
2001,0,10622.321294999996,2574.3158889999995,8066.0159710000025,7,1,1,0,1,0,0,0,1,0,0,0,0,0,0,0,1,0,0,0,0,0,0,0,0,0,1,0,0,0,1,1,1,0,0,23,93,70,0.7526881720430108,3.0434782608695654,0.010752688172043012,0,0,1.0,0, 0, 0, 0, 0, 0,7,7,9,1,1,1,6,4,1,3,11,1,1,2,2,4,1,2,3,3,7,15,8,23,29,5,7,7,9,1,1,1,6,4,1,3,11,1,1,2,2,4,1,2,3,3,7,15,8,23,29,5,7,7,9,1,1,1,6,4,1,3,11,1,1,2,2,4,1,2,3,3,7,15,8,23,29,5,0,0,0,0,0,0,0,1,0,0,0,0,1,1,1,70
2002,0,27042.778387000006,6703.410786,20357.378166000002,285,1,0,0,0,1,1,1,0,0,0,0,0,0,0,0,1,0,0,0,0,0,0,0,0,0,1,0,0,0,1,1,1,0,0,59,239,180,0.7531380753138075,3.0508474576271185,0.012552301255230125,1,0,1.0,0, 0, 0, 0, 0, 0,21,14,13,2,2,7,11,11,8,10,20,3,1,6,10,11,5,7,6,12,19,24,17,41,75,16,21,14,13,2,2,7,11,11,8,10,20,3,1,6,10,11,5,7,6,12,19,24,17,41,75,16,21,14,13,2,2,7,11,11,8,10,20,3,1,6,10,11,5,7,6,12,19,24,17,41,75,16,0,0,0,0,0,0,0,1,0,0,0,0,1,1,1,180
2007,0,3634.966619000001,948.557892,2704.4192920000005,2106,0,0,1,1,0,0,0,1,0,0,0,0,0,0,1,1,0,0,0,0,0,0,0,0,0,0,0,0,0,0,1,1,0,0,7,31,24,0.7741935483870968,3.4285714285714284,0.03225806451612903,0,0,1.0,0, 0, 0, 0, 0, 0,3,2,0,0,1,1,2,1,0,2,1,2,1,1,3,1,1,0,1,1,2,2,4,6,9,2,3,2,0,0,1,1,2,1,0,2,1,2,1,1,3,1,1,0,1,1,2,2,4,6,9,2,3,2,0,0,1,1,2,1,0,2,1,2,1,1,3,1,1,0,1,1,2,2,4,6,9,2,0,0,0,0,0,0,0,0,0,0,0,0,0,0,1,24
2008,0,28122.044833999993,7352.604277999999,20787.451121,289,1,0,0,0,1,1,1,0,0,0,0,0,0,0,0,1,0,0,0,0,0,0,0,0,0,0,0,0,0,0,1,1,0,0,63,252,189,0.75,3.0,0.011904761904761904,0,0,1.0,0, 0, 0, 0, 0, 0,33,15,15,1,2,5,12,10,4,8,20,5,5,7,10,12,8,4,6,7,17,27,20,47,83,20,33,15,15,1,2,5,12,10,4,8,20,5,5,7,10,12,8,4,6,7,17,27,20,47,83,20,33,15,15,1,2,5,12,10,4,8,20,5,5,7,10,12,8,4,6,7,17,27,20,47,83,20,0,0,0,0,0,0,0,0,0,0,0,0,0,0,1,189
2009,0,11045.746686999999,2675.4839589999997,8388.273293,4,1,1,0,0,1,0,1,0,0,0,0,0,0,0,0,1,0,0,0,0,0,0,0,0,0,0,0,0,0,0,1,1,0,0,24,98,74,0.7551020408163265,3.0833333333333335,0.02040816326530612,0,0,1.0,0, 0, 0, 0, 0, 0,8,4,12,1,1,4,3,1,0,4,9,3,0,3,4,4,1,2,2,8,7,15,7,22,30,5,8,4,12,1,1,4,3,1,0,4,9,3,0,3,4,4,1,2,2,8,7,15,7,22,30,5,8,4,12,1,1,4,3,1,0,4,9,3,0,3,4,4,1,2,2,8,7,15,7,22,30,5,0,0,0,0,0,0,0,0,0,0,0,0,0,0,1,74
2016,0,16652.937178,4160.244959000001,12510.702783999994,7369,0,0,1,1,0,0,0,1,0,0,0,0,0,0,0,1,0,0,0,0,0,1,0,0,1,0,0,0,0,0,1,1,0,0,38,153,115,0.7516339869281046,3.026315789473684,0.006535947712418301,1,0,1.0,0, 0, 0, 0, 0, 0,7,10,6,1,1,9,5,10,0,6,13,4,1,1,3,11,9,1,3,14,5,11,14,25,51,20,7,10,6,1,1,9,5,10,0,6,13,4,1,1,3,11,9,1,3,14,5,11,14,25,51,20,7,10,6,1,1,9,5,10,0,6,13,4,1,1,3,11,9,1,3,14,5,11,14,25,51,20,1,0,0,1,0,0,1,0,0,0,0,0,0,1,1,115
2017,0,28847.23026900001,6862.423068999999,22002.817764999996,4726,0,0,1,0,1,1,1,0,1,0,0,0,0,0,0,1,0,0,0,0,0,1,0,0,1,0,0,0,0,0,1,1,0,0,66,264,198,0.75,3.0,0.03787878787878788,4,5.333333333333333,0.1856060606060606,0, 0, 0, 0, 1, 0,23,14,13,9,8,5,11,13,3,8,23,3,4,7,8,9,10,1,13,13,21,24,17,41,84,19,23,14,13,9,8,5,11,13,3,8,23,3,4,7,8,9,10,1,13,13,21,24,17,41,84,19,23,14,13,9,8,5,11,13,3,8,23,3,4,7,8,9,10,1,13,13,21,24,17,41,84,19,1,0,0,1,0,0,1,0,0,0,0,0,0,1,1,198
2018,0,29101.56335199999,7202.5500809999985,21917.02383600002,285,1,0,0,0,1,0,0,1,0,0,0,0,0,0,1,1,0,0,0,0,0,1,0,0,1,0,0,0,0,0,1,1,0,0,62,251,189,0.7529880478087649,3.0483870967741935,0.00398406374501992,0,0,1.0,0, 0, 0, 0, 0, 0,16,16,13,4,1,13,13,12,7,10,22,3,4,5,10,9,8,7,8,8,20,26,19,45,72,17,16,16,13,4,1,13,13,12,7,10,22,3,4,5,10,9,8,7,8,8,20,26,19,45,72,17,16,16,13,4,1,13,13,12,7,10,22,3,4,5,10,9,8,7,8,8,20,26,19,45,72,17,1,0,0,1,0,0,1,0,0,0,0,0,0,1,1,189
2019,0,11297.682644999997,2951.430284,8364.262926000001,8,1,1,0,0,1,0,0,1,0,0,0,0,0,0,0,1,0,0,0,0,0,1,0,0,1,0,0,0,0,0,1,1,0,0,24,98,74,0.7551020408163265,3.0833333333333335,0.0,0,0,1.0,0, 0, 0, 0, 0, 0,5,1,7,2,0,5,6,5,2,7,7,5,3,3,4,2,1,1,2,6,6,13,6,19,33,3,5,1,7,2,0,5,6,5,2,7,7,5,3,3,4,2,1,1,2,6,6,13,6,19,33,3,5,1,7,2,0,5,6,5,2,7,7,5,3,3,4,2,1,1,2,6,6,13,6,19,33,3,1,0,0,1,0,0,1,0,0,0,0,0,0,1,1,74
2021,0,6423.433847000001,1740.0053209999996,4701.439090999999,6028,0,0,1,1,0,0,1,0,0,0,0,0,0,0,0,1,0,0,0,0,0,1,0,0,1,0,0,0,0,0,1,1,0,0,14,57,43,0.7543859649122807,3.0714285714285716,0.03508771929824561,1,0,1.0,0, 0, 0, 0, 0, 0,8,7,1,0,2,0,3,2,2,3,1,1,1,1,3,2,4,0,0,2,1,4,8,12,17,6,8,7,1,0,2,0,3,2,2,3,1,1,1,1,3,2,4,0,0,2,1,4,8,12,17,6,8,7,1,0,2,0,3,2,2,3,1,1,1,1,3,2,4,0,0,2,1,4,8,12,17,6,1,0,0,1,0,0,1,0,0,0,0,0,0,1,1,43
2022,0,6872.497293,1940.902555,4949.605303,6161,0,0,1,1,0,0,1,0,0,0,0,0,0,0,0,1,0,0,0,0,0,1,0,0,1,0,0,0,0,0,1,1,0,0,15,60,45,0.75,3.0,0.03333333333333333,2,12.0,1.0,0, 0, 0, 0, 0, 0,6,8,1,0,2,3,2,3,0,1,3,1,0,1,1,5,3,0,1,4,2,3,9,12,17,8,6,8,1,0,2,3,2,3,0,1,3,1,0,1,1,5,3,0,1,4,2,3,9,12,17,8,6,8,1,0,2,3,2,3,0,1,3,1,0,1,1,5,3,0,1,4,2,3,9,12,17,8,1,0,0,1,0,0,1,0,0,0,0,0,0,1,1,45
2028,0,32637.446421000004,7964.844261000004,24690.612725,959,0,0,0,0,1,1,1,0,0,0,0,0,0,0,0,1,0,0,0,0,0,0,0,0,0,0,0,0,0,0,1,1,0,0,74,299,225,0.7525083612040134,3.0405405405405403,0.030100334448160536,3,67.5,0.9163879598662207,0, 1, 0, 1, 0, 0,12,16,20,3,5,5,14,19,6,9,33,5,5,2,13,11,20,2,6,19,10,34,21,55,97,31,12,16,20,3,5,5,14,19,6,9,33,5,5,2,13,11,20,2,6,19,10,34,21,55,97,31,12,16,20,3,5,5,14,19,6,9,33,5,5,2,13,11,20,2,6,19,10,34,21,55,97,31,0,0,0,0,0,0,0,0,0,0,0,0,0,1,1,225
2029,0,32407.33752300001,7964.789249000003,24460.558838999998,959,0,0,0,0,1,1,1,0,0,0,0,0,0,0,0,1,0,0,0,0,0,0,0,0,0,0,0,0,0,0,1,1,0,0,74,297,223,0.7508417508417509,3.0135135135135136,0.030303030303030304,3,67.5,0.9225589225589226,0, 1, 0, 1, 0, 0,12,16,18,3,5,5,14,19,6,9,33,5,5,2,13,11,20,2,6,19,10,32,21,53,97,31,12,16,18,3,5,5,14,19,6,9,33,5,5,2,13,11,20,2,6,19,10,32,21,53,97,31,12,16,18,3,5,5,14,19,6,9,33,5,5,2,13,11,20,2,6,19,10,32,21,53,97,31,0,0,0,0,0,0,0,0,0,0,0,0,0,1,1,223
2030,0,26628.300400999986,6809.286677999999,19837.024288000008,257,1,0,0,0,1,1,1,0,0,0,0,0,0,0,1,1,0,0,0,0,0,0,0,0,0,0,0,0,0,0,1,1,0,0,57,231,174,0.7532467532467533,3.0526315789473686,0.012987012987012988,0,0,1.0,0, 0, 0, 0, 0, 0,18,19,11,2,3,4,15,8,5,8,15,3,2,6,8,13,11,5,5,13,16,26,22,48,64,24,18,19,11,2,3,4,15,8,5,8,15,3,2,6,8,13,11,5,5,13,16,26,22,48,64,24,18,19,11,2,3,4,15,8,5,8,15,3,2,6,8,13,11,5,5,13,16,26,22,48,64,24,0,0,0,0,0,0,0,0,0,0,0,0,0,1,1,174
2031,0,10834.564984000004,2818.505817,8034.069732000002,8,1,1,0,1,0,0,0,1,0,0,0,0,0,0,0,1,0,0,0,0,0,0,0,0,0,0,0,0,0,0,1,1,0,0,24,98,74,0.7551020408163265,3.0833333333333335,0.01020408163265306,0,0,1.0,0, 0, 0, 0, 0, 0,12,5,3,3,1,2,7,5,3,3,6,1,1,2,1,3,4,1,2,9,5,10,6,16,36,7,12,5,3,3,1,2,7,5,3,3,6,1,1,2,1,3,4,1,2,9,5,10,6,16,36,7,12,5,3,3,1,2,7,5,3,3,6,1,1,2,1,3,4,1,2,9,5,10,6,16,36,7,0,0,0,0,0,0,0,0,0,0,0,0,0,1,1,74
2032,0,10133.175555000002,2591.3390679999998,7559.847052,8,1,1,0,1,0,0,0,1,0,0,0,0,0,0,0,1,0,0,0,0,0,0,0,0,0,0,0,0,0,0,1,1,0,0,23,92,69,0.75,3.0,0.010869565217391304,0,0,1.0,0, 0, 0, 0, 0, 0,9,5,3,2,1,2,7,5,3,3,6,1,1,1,1,3,4,1,2,9,4,10,6,16,33,7,9,5,3,2,1,2,7,5,3,3,6,1,1,1,1,3,4,1,2,9,4,10,6,16,33,7,9,5,3,2,1,2,7,5,3,3,6,1,1,1,1,3,4,1,2,9,4,10,6,16,33,7,0,0,0,0,0,0,0,0,0,0,0,0,0,1,1,69
2033,0,19099.32698200002,4981.67882,14135.658726999993,4,1,1,0,0,1,0,0,1,0,0,0,0,0,0,1,1,0,0,0,0,0,0,0,0,0,0,0,0,0,0,1,1,0,0,45,180,135,0.75,3.0,0.0,0,0,1.0,0, 0, 0, 0, 0, 0,19,7,6,1,0,1,2,16,2,10,18,3,6,7,8,5,9,3,1,11,11,8,10,18,80,14,19,7,6,1,0,1,2,16,2,10,18,3,6,7,8,5,9,3,1,11,11,8,10,18,80,14,19,7,6,1,0,1,2,16,2,10,18,3,6,7,8,5,9,3,1,11,11,8,10,18,80,14,0,0,0,0,0,0,0,0,0,0,0,0,0,1,1,135
2034,0,7517.147513999998,1787.8220559999997,5747.336022999998,538,0,0,0,0,1,1,1,0,1,0,1,1,0,0,0,1,0,0,0,0,0,0,0,0,0,0,0,0,0,0,1,1,0,1,16,66,50,0.7575757575757576,3.125,0.13636363636363635,3,5.5,0.12121212121212122,1, 3, 0, 0, 2, 1,4,3,4,2,9,3,2,1,2,0,2,1,3,0,4,0,3,0,4,3,4,6,4,10,13,3,4,3,4,2,9,3,2,1,2,0,2,1,3,0,4,0,3,0,4,3,4,6,4,10,13,3,4,3,4,2,9,3,2,1,2,0,2,1,3,0,4,0,3,0,4,3,4,6,4,10,13,3,0,0,0,0,0,0,0,0,0,0,0,0,0,1,1,50
2035,0,25360.12212600001,6479.282353999999,18898.85033699999,6551,0,0,1,0,1,0,1,0,0,0,0,0,0,0,0,1,0,0,0,0,0,0,0,0,0,0,0,0,0,0,1,1,0,0,59,238,179,0.7521008403361344,3.0338983050847457,0.008403361344537815,0,0,1.0,0, 0, 0, 0, 0, 0,27,11,12,3,0,4,10,13,3,9,16,5,5,5,15,9,11,1,3,17,9,22,16,38,87,20,27,11,12,3,0,4,10,13,3,9,16,5,5,5,15,9,11,1,3,17,9,22,16,38,87,20,27,11,12,3,0,4,10,13,3,9,16,5,5,5,15,9,11,1,3,17,9,22,16,38,87,20,0,0,0,0,0,0,0,0,0,0,0,0,0,1,1,179
2037,0,5737.294409999999,1526.9258419999996,4228.379133000001,1880,0,0,1,1,0,0,0,1,0,0,0,0,0,0,0,1,0,0,0,0,0,1,0,0,1,0,0,0,0,0,1,1,0,0,13,52,39,0.75,3.0,0.019230769230769232,1,0,1.0,0, 0, 0, 0, 0, 0,3,1,0,1,1,1,0,6,1,5,6,1,0,3,2,0,1,1,2,4,6,0,2,2,24,1,3,1,0,1,1,1,0,6,1,5,6,1,0,3,2,0,1,1,2,4,6,0,2,2,24,1,3,1,0,1,1,1,0,6,1,5,6,1,0,3,2,0,1,1,2,4,6,0,2,2,24,1,1,0,0,1,0,0,1,0,0,0,0,0,0,1,1,39
2038,0,10380.209210000003,2730.31252,7667.907254999997,29,1,1,0,0,1,0,0,1,0,0,0,0,0,0,0,1,0,0,0,0,0,1,0,0,1,0,0,0,0,0,1,1,0,0,22,91,69,0.7582417582417582,3.1363636363636362,0.0,0,0,1.0,0, 0, 0, 0, 0, 0,6,3,6,1,0,4,8,7,2,5,9,2,2,2,3,0,2,1,1,5,4,14,5,19,34,2,6,3,6,1,0,4,8,7,2,5,9,2,2,2,3,0,2,1,1,5,4,14,5,19,34,2,6,3,6,1,0,4,8,7,2,5,9,2,2,2,3,0,2,1,1,5,4,14,5,19,34,2,1,0,0,1,0,0,1,0,0,0,0,0,0,1,1,69
2039,0,29021.584757999986,7187.539181999998,21852.056141000012,243,1,0,0,0,1,0,0,1,0,0,0,0,0,0,1,1,0,0,0,0,0,1,0,0,1,0,0,0,0,0,1,1,0,0,62,250,188,0.752,3.032258064516129,0.004,0,0,1.0,0, 0, 0, 0, 0, 0,16,18,12,3,1,12,15,12,7,10,22,3,4,5,10,10,6,7,7,8,19,27,21,48,72,16,16,18,12,3,1,12,15,12,7,10,22,3,4,5,10,10,6,7,7,8,19,27,21,48,72,16,16,18,12,3,1,12,15,12,7,10,22,3,4,5,10,10,6,7,7,8,19,27,21,48,72,16,1,0,0,1,0,0,1,0,0,0,0,0,0,1,1,188
2041,0,29160.625869000007,7246.654471999998,21931.981961999998,4811,0,0,1,0,1,1,1,0,0,0,0,0,0,0,0,1,0,0,0,0,0,1,0,0,1,0,0,0,0,0,1,1,0,0,66,264,198,0.75,3.0,0.022727272727272728,2,9.0,1.0,0, 0, 0, 0, 0, 0,25,17,13,10,5,6,13,17,4,11,21,3,3,7,8,8,3,1,11,12,19,26,20,46,89,11,25,17,13,10,5,6,13,17,4,11,21,3,3,7,8,8,3,1,11,12,19,26,20,46,89,11,25,17,13,10,5,6,13,17,4,11,21,3,3,7,8,8,3,1,11,12,19,26,20,46,89,11,1,0,0,1,0,0,1,0,0,0,0,0,0,1,1,198
2042,0,15484.350843999993,3866.1458529999995,11636.215555999992,7524,0,0,1,1,0,0,0,1,0,0,0,0,0,0,0,1,0,0,0,0,0,1,0,0,1,0,0,0,0,0,1,1,0,0,35,142,107,0.7535211267605634,3.057142857142857,0.007042253521126761,1,0,1.0,0, 0, 0, 0, 0, 0,7,8,8,0,1,10,4,11,0,6,11,6,1,1,3,8,5,1,3,13,5,12,14,26,49,13,7,8,8,0,1,10,4,11,0,6,11,6,1,1,3,8,5,1,3,13,5,12,14,26,49,13,7,8,8,0,1,10,4,11,0,6,11,6,1,1,3,8,5,1,3,13,5,12,14,26,49,13,1,0,0,1,0,0,1,0,0,0,0,0,0,1,1,107
2043,0,16060.695749999995,3985.225878000001,12093.480436999995,7524,0,0,1,1,0,0,0,1,0,0,0,0,0,0,0,1,0,0,0,0,0,1,0,0,1,0,0,0,0,0,1,1,0,0,37,148,111,0.75,3.0,0.006756756756756757,1,0,1.0,0, 0, 0, 0, 0, 0,7,9,8,0,1,10,4,11,0,6,12,6,1,1,3,9,6,1,3,13,5,12,15,27,50,15,7,9,8,0,1,10,4,11,0,6,12,6,1,1,3,9,6,1,3,13,5,12,15,27,50,15,7,9,8,0,1,10,4,11,0,6,12,6,1,1,3,9,6,1,3,13,5,12,15,27,50,15,1,0,0,1,0,0,1,0,0,0,0,0,0,1,1,111
2046,0,28055.46812,7040.631897000003,21032.846788000006,5846,0,0,1,1,0,0,1,0,0,0,0,0,0,0,0,1,0,0,0,0,0,0,0,0,0,1,0,1,0,1,1,1,0,0,64,256,192,0.75,3.0,0.0078125,1,0,1.0,0, 0, 0, 0, 0, 0,20,9,8,7,2,17,9,10,2,15,20,5,8,4,9,12,16,2,4,13,10,17,14,31,86,28,20,9,8,7,2,17,9,10,2,15,20,5,8,4,9,12,16,2,4,13,10,17,14,31,86,28,20,9,8,7,2,17,9,10,2,15,20,5,8,4,9,12,16,2,4,13,10,17,14,31,86,28,0,0,0,0,0,0,0,1,0,1,0,1,1,1,1,192
2047,0,25050.463694000002,6501.170085000002,18567.304173999997,5115,0,0,1,1,0,1,1,0,0,0,0,0,0,0,0,1,0,0,0,0,0,0,0,0,0,1,0,1,0,1,1,1,0,0,55,220,165,0.75,3.0,0.01818181818181818,4,16.333333333333332,1.0,0, 0, 0, 0, 0, 0,15,6,8,6,4,14,8,7,5,10,16,8,6,7,10,11,9,3,4,8,14,16,14,30,62,20,15,6,8,6,4,14,8,7,5,10,16,8,6,7,10,11,9,3,4,8,14,16,14,30,62,20,15,6,8,6,4,14,8,7,5,10,16,8,6,7,10,11,9,3,4,8,14,16,14,30,62,20,0,0,0,0,0,0,0,1,0,1,0,1,1,1,1,165
2048,0,15153.232845999984,3625.002529,11546.240881999998,4210,0,0,1,1,0,0,0,1,0,0,0,0,0,0,0,1,0,0,0,0,0,0,0,0,0,1,0,1,0,1,1,1,0,0,33,133,100,0.7518796992481203,3.0303030303030303,0.007518796992481203,0,0,1.0,0, 0, 0, 0, 0, 0,3,4,4,7,1,1,9,3,2,11,12,12,1,4,0,9,7,0,4,6,8,13,16,29,36,16,3,4,4,7,1,1,9,3,2,11,12,12,1,4,0,9,7,0,4,6,8,13,16,29,36,16,3,4,4,7,1,1,9,3,2,11,12,12,1,4,0,9,7,0,4,6,8,13,16,29,36,16,0,0,0,0,0,0,0,1,0,1,0,1,1,1,1,100
2050,0,29601.86188699998,7549.715491000001,22070.156961000008,277,1,0,0,0,1,0,0,1,0,0,0,0,0,0,0,1,0,0,0,0,0,0,0,0,0,1,0,1,0,1,1,1,0,0,63,252,189,0.75,3.0,0.003968253968253968,0,0,1.0,0, 0, 0, 0, 0, 0,16,17,12,3,1,12,15,9,6,10,19,5,3,8,7,14,7,7,7,11,22,27,22,49,68,21,16,17,12,3,1,12,15,9,6,10,19,5,3,8,7,14,7,7,7,11,22,27,22,49,68,21,16,17,12,3,1,12,15,9,6,10,19,5,3,8,7,14,7,7,7,11,22,27,22,49,68,21,0,0,0,0,0,0,0,1,0,1,0,1,1,1,1,189
2051,0,10799.439993999993,2945.428277999999,7872.022281000001,4,1,1,0,0,1,0,0,1,0,0,0,0,0,0,0,1,0,0,0,0,0,0,0,0,0,1,0,1,0,1,1,1,0,0,23,94,71,0.7553191489361702,3.0869565217391304,0.0,0,0,1.0,0, 0, 0, 0, 0, 0,6,0,6,3,0,9,3,6,1,9,5,4,2,2,2,3,0,1,3,6,6,9,4,13,34,3,6,0,6,3,0,9,3,6,1,9,5,4,2,2,2,3,0,1,3,6,6,9,4,13,34,3,6,0,6,3,0,9,3,6,1,9,5,4,2,2,2,3,0,1,3,6,6,9,4,13,34,3,0,0,0,0,0,0,0,1,0,1,0,1,1,1,1,71
2053,0,12859.721785999993,3188.759296,9688.973054999995,1976,0,0,1,0,1,0,1,0,0,0,0,0,0,0,0,1,0,0,0,0,0,0,0,0,0,1,0,1,0,1,1,1,0,0,28,112,84,0.75,3.0,0.017857142857142856,1,0,1.0,0, 0, 0, 0, 0, 0,2,2,4,7,1,2,8,2,2,8,5,10,5,3,3,8,2,1,1,8,5,12,12,24,30,10,2,2,4,7,1,2,8,2,2,8,5,10,5,3,3,8,2,1,1,8,5,12,12,24,30,10,2,2,4,7,1,2,8,2,2,8,5,10,5,3,3,8,2,1,1,8,5,12,12,24,30,10,0,0,0,0,0,0,0,1,0,1,0,1,1,1,1,84
2055,0,28065.78264,6950.490766,21133.302439000003,6809,0,0,1,0,1,0,1,0,0,0,0,0,0,0,0,1,0,0,0,0,0,0,0,0,0,1,0,1,0,1,1,1,0,0,60,243,183,0.7530864197530864,3.05,0.00823045267489712,0,0,1.0,0, 0, 0, 0, 0, 0,9,13,11,12,1,10,11,6,7,13,23,13,6,3,9,5,11,1,4,15,8,22,26,48,72,16,9,13,11,12,1,10,11,6,7,13,23,13,6,3,9,5,11,1,4,15,8,22,26,48,72,16,9,13,11,12,1,10,11,6,7,13,23,13,6,3,9,5,11,1,4,15,8,22,26,48,72,16,0,0,0,0,0,0,0,1,0,1,0,1,1,1,1,183
2056,0,22644.76328999998,5920.9182949999995,16741.85555999999,8714,0,0,1,1,0,0,0,1,0,0,0,0,0,0,0,1,0,0,0,0,0,0,0,0,0,1,0,1,0,1,1,1,0,0,48,195,147,0.7538461538461538,3.0625,0.005128205128205128,0,0,1.0,0, 0, 0, 0, 0, 0,10,6,6,6,1,7,10,7,1,15,17,11,2,11,6,8,14,0,6,3,17,16,17,33,54,22,10,6,6,6,1,7,10,7,1,15,17,11,2,11,6,8,14,0,6,3,17,16,17,33,54,22,10,6,6,6,1,7,10,7,1,15,17,11,2,11,6,8,14,0,6,3,17,16,17,33,54,22,0,0,0,0,0,0,0,1,0,1,0,1,1,1,1,147
2058,0,18905.732778999984,4673.417689000001,14250.325655000006,9565,0,0,1,0,1,1,1,0,0,0,0,0,0,0,0,1,0,0,0,0,0,1,0,0,1,0,0,1,0,0,1,1,0,0,40,163,123,0.754601226993865,3.075,0.03067484662576687,3,37.0,1.0,0, 0, 0, 0, 0, 1,12,9,5,3,4,8,10,7,7,7,13,7,1,6,7,1,7,5,0,4,11,15,16,31,44,8,12,9,5,3,4,8,10,7,7,7,13,7,1,6,7,1,7,5,0,4,11,15,16,31,44,8,12,9,5,3,4,8,10,7,7,7,13,7,1,6,7,1,7,5,0,4,11,15,16,31,44,8,1,0,0,1,0,0,0,0,0,1,0,1,0,1,1,123
2059,0,26032.72898199999,6292.031916000002,19758.707630999987,8460,0,0,1,0,1,0,1,0,0,0,0,0,0,0,0,1,0,0,0,0,0,1,0,0,1,0,0,1,0,0,1,1,0,0,57,228,171,0.75,3.0,0.008771929824561403,0,0,1.0,0, 0, 0, 0, 0, 0,11,19,11,8,1,3,11,8,4,12,28,10,4,3,5,9,9,1,6,8,10,22,29,51,71,18,11,19,11,8,1,3,11,8,4,12,28,10,4,3,5,9,9,1,6,8,10,22,29,51,71,18,11,19,11,8,1,3,11,8,4,12,28,10,4,3,5,9,9,1,6,8,10,22,29,51,71,18,1,0,0,1,0,0,0,0,0,1,0,1,0,1,1,171
2061,0,22240.854122999976,5534.8828159999985,16723.98187199999,5424,0,0,1,0,1,1,1,0,0,0,0,0,0,0,0,1,0,0,0,0,0,1,0,0,1,0,0,1,0,0,1,1,0,0,51,205,154,0.751219512195122,3.019607843137255,0.02926829268292683,3,43.0,0.751219512195122,0, 0, 0, 1, 0, 0,15,3,2,5,5,2,5,12,1,17,21,8,2,14,6,12,8,1,6,9,21,7,11,18,76,20,15,3,2,5,5,2,5,12,1,17,21,8,2,14,6,12,8,1,6,9,21,7,11,18,76,20,15,3,2,5,5,2,5,12,1,17,21,8,2,14,6,12,8,1,6,9,21,7,11,18,76,20,1,0,0,1,0,0,0,0,0,1,0,1,0,1,1,154
2063,0,8784.264804000004,2220.964226,6581.311143,14,1,1,0,0,1,0,0,1,0,0,0,0,0,0,0,1,0,0,0,0,0,1,0,0,1,0,0,1,0,0,1,1,0,0,19,78,59,0.7564102564102564,3.1052631578947367,0.01282051282051282,0,0,1.0,0, 0, 0, 0, 0, 0,7,2,7,3,0,6,3,4,1,4,5,3,2,3,1,0,2,1,0,5,4,10,5,15,27,2,7,2,7,3,0,6,3,4,1,4,5,3,2,3,1,0,2,1,0,5,4,10,5,15,27,2,7,2,7,3,0,6,3,4,1,4,5,3,2,3,1,0,2,1,0,5,4,10,5,15,27,2,1,0,0,1,0,0,0,0,0,1,0,1,0,1,1,59
2064,0,10658.172777999998,2881.3098169999994,7794.873525999998,14,1,1,0,0,1,0,0,1,0,0,0,0,0,0,0,1,0,0,0,0,0,1,0,0,1,0,0,1,0,0,1,1,0,0,23,93,70,0.7526881720430108,3.0434782608695654,0.010752688172043012,0,0,1.0,0, 0, 0, 0, 0, 0,8,2,7,3,1,6,4,5,2,5,6,3,3,3,2,0,2,1,1,6,5,11,5,16,33,2,8,2,7,3,1,6,4,5,2,5,6,3,3,3,2,0,2,1,1,6,5,11,5,16,33,2,8,2,7,3,1,6,4,5,2,5,6,3,3,3,2,0,2,1,1,6,5,11,5,16,33,2,1,0,0,1,0,0,0,0,0,1,0,1,0,1,1,70
2065,0,29043.474084999987,7237.565412999999,21823.91923700002,270,1,0,0,0,1,1,1,0,0,0,0,0,0,0,0,1,0,0,0,0,0,1,0,0,1,0,0,1,0,0,1,1,0,0,62,251,189,0.7529880478087649,3.0483870967741935,0.01195219123505976,2,120.0,1.0,0, 0, 0, 0, 0, 0,19,15,13,3,2,10,13,9,8,7,21,5,5,7,9,11,9,7,6,10,20,26,20,46,71,20,19,15,13,3,2,10,13,9,8,7,21,5,5,7,9,11,9,7,6,10,20,26,20,46,71,20,19,15,13,3,2,10,13,9,8,7,21,5,5,7,9,11,9,7,6,10,20,26,20,46,71,20,1,0,0,1,0,0,0,0,0,1,0,1,0,1,1,189
2067,0,30535.74525799998,7583.904747,22969.851075999995,3315,0,0,1,1,0,0,0,1,0,0,0,0,0,0,0,1,0,0,0,0,0,1,0,0,1,0,0,1,0,0,1,1,0,0,72,288,216,0.75,3.0,0.003472222222222222,0,0,1.0,0, 0, 0, 0, 0, 0,33,9,11,4,1,18,14,19,1,9,28,8,5,5,9,14,9,5,2,12,12,25,17,42,106,23,33,9,11,4,1,18,14,19,1,9,28,8,5,5,9,14,9,5,2,12,12,25,17,42,106,23,33,9,11,4,1,18,14,19,1,9,28,8,5,5,9,14,9,5,2,12,12,25,17,42,106,23,1,0,0,1,0,0,0,0,0,1,0,1,0,1,1,216
2070,0,21181.176526999996,5514.622195000003,15684.56489699999,5223,0,0,1,0,1,1,1,0,0,0,0,0,0,0,0,1,0,0,0,0,0,1,0,0,1,0,0,1,0,0,1,1,0,0,48,193,145,0.7512953367875648,3.0208333333333335,0.015544041450777202,0,0,1.0,0, 0, 0, 0, 0, 0,14,4,1,5,2,5,2,10,4,12,22,7,5,5,4,16,6,4,3,14,12,3,11,14,77,22,14,4,1,5,2,5,2,10,4,12,22,7,5,5,4,16,6,4,3,14,12,3,11,14,77,22,14,4,1,5,2,5,2,10,4,12,22,7,5,5,4,16,6,4,3,14,12,3,11,14,77,22,1,0,0,1,0,0,0,0,0,1,0,1,0,1,1,145
2071,0,16106.647083999993,4075.2398140000005,12049.417834999993,7306,0,0,1,1,0,0,0,1,0,0,0,0,0,0,0,1,0,0,0,0,0,1,0,0,1,0,0,0,0,0,1,1,0,0,37,148,111,0.75,3.0,0.006756756756756757,1,0,1.0,0, 0, 0, 0, 0, 0,6,9,7,1,1,11,4,13,0,5,14,4,1,1,3,7,8,1,3,12,5,11,13,24,51,15,6,9,7,1,1,11,4,13,0,5,14,4,1,1,3,7,8,1,3,12,5,11,13,24,51,15,6,9,7,1,1,11,4,13,0,5,14,4,1,1,3,7,8,1,3,12,5,11,13,24,51,15,1,0,0,1,0,0,0,0,0,0,0,0,0,1,1,111
2072,0,28632.262809999997,6912.504099999998,21737.76927499999,4650,0,0,1,0,1,1,1,0,0,0,0,0,0,0,0,1,0,0,0,0,0,1,0,0,1,0,0,0,0,0,1,1,0,0,66,264,198,0.75,3.0,0.022727272727272728,2,9.0,1.0,0, 0, 0, 0, 0, 0,28,10,15,9,5,10,11,15,6,12,24,3,2,7,8,6,7,1,11,8,19,26,13,39,89,13,28,10,15,9,5,10,11,15,6,12,24,3,2,7,8,6,7,1,11,8,19,26,13,39,89,13,28,10,15,9,5,10,11,15,6,12,24,3,2,7,8,6,7,1,11,8,19,26,13,39,89,13,1,0,0,1,0,0,0,0,0,0,0,0,0,1,1,198
2074,0,28951.590512999992,7145.539851999997,21824.061226000016,243,1,0,0,0,1,0,0,1,0,0,0,0,0,0,1,1,0,0,0,0,0,1,0,0,1,0,0,0,0,0,1,1,0,0,62,250,188,0.752,3.032258064516129,0.004,0,0,1.0,0, 0, 0, 0, 0, 0,16,18,13,2,1,13,13,12,7,10,22,3,4,5,10,10,7,7,7,8,19,26,21,47,72,17,16,18,13,2,1,13,13,12,7,10,22,3,4,5,10,10,7,7,7,8,19,26,21,47,72,17,16,18,13,2,1,13,13,12,7,10,22,3,4,5,10,10,7,7,7,8,19,26,21,47,72,17,1,0,0,1,0,0,0,0,0,0,0,0,0,1,1,188
2075,0,10274.192494,2778.3336480000003,7513.869410999999,29,1,1,0,0,1,0,0,1,0,0,0,0,0,0,0,1,0,0,0,0,0,1,0,0,1,0,0,0,0,0,1,1,0,0,22,91,69,0.7582417582417582,3.1363636363636362,0.0,0,0,1.0,0, 0, 0, 0, 0, 0,8,2,6,1,0,4,6,7,2,7,8,3,2,2,2,2,1,1,1,4,4,12,5,17,36,3,8,2,6,1,0,4,6,7,2,7,8,3,2,2,2,2,1,1,1,4,4,12,5,17,36,3,8,2,6,1,0,4,6,7,2,7,8,3,2,2,2,2,1,1,1,4,4,12,5,17,36,3,1,0,0,1,0,0,0,0,0,0,0,0,0,1,1,69
2076,0,5785.294409999999,1526.9258419999996,4276.379133000001,5,1,1,0,1,0,0,0,1,0,0,0,0,0,0,0,1,0,0,0,0,0,1,0,0,1,0,0,0,0,0,1,1,0,0,13,52,39,0.75,3.0,0.019230769230769232,1,0,1.0,0, 0, 0, 0, 0, 0,3,1,0,1,1,1,0,6,1,5,6,1,0,4,2,0,1,1,2,3,7,0,2,2,23,1,3,1,0,1,1,1,0,6,1,5,6,1,0,4,2,0,1,1,2,3,7,0,2,2,23,1,3,1,0,1,1,1,0,6,1,5,6,1,0,4,2,0,1,1,2,3,7,0,2,2,23,1,1,0,0,1,0,0,0,0,0,0,0,0,0,1,1,39
2077,0,33690.19527099998,8446.455325,25261.75051099999,1804,0,0,1,1,0,0,0,1,0,0,0,0,0,0,0,1,0,0,0,0,0,1,0,0,1,0,0,0,0,0,1,1,0,0,74,299,225,0.7525083612040134,3.0405405405405403,0.0033444816053511705,0,0,1.0,0, 0, 0, 0, 0, 0,15,17,8,7,1,21,15,13,5,10,39,8,5,3,16,9,9,2,3,19,8,23,25,48,101,18,15,17,8,7,1,21,15,13,5,10,39,8,5,3,16,9,9,2,3,19,8,23,25,48,101,18,15,17,8,7,1,21,15,13,5,10,39,8,5,3,16,9,9,2,3,19,8,23,25,48,101,18,1,0,0,1,0,0,0,0,0,0,0,0,0,1,1,225
2078,0,6432.160067999999,1645.897394,4804.273239,11782,0,0,1,1,0,0,0,1,0,0,0,0,0,0,0,1,0,0,0,0,0,1,0,0,1,0,0,0,0,0,1,1,0,0,14,56,42,0.75,3.0,0.017857142857142856,1,0,1.0,0, 0, 0, 0, 0, 0,3,2,1,1,1,1,3,3,2,2,1,2,4,2,3,2,3,0,3,3,5,4,4,8,16,5,3,2,1,1,1,1,3,3,2,2,1,2,4,2,3,2,3,0,3,3,5,4,4,8,16,5,3,2,1,1,1,1,3,3,2,2,1,2,4,2,3,2,3,0,3,3,5,4,4,8,16,5,1,0,0,1,0,0,0,0,0,0,0,0,0,1,1,42
2080,0,18056.171575999986,4489.375308000001,13584.806833000002,5071,0,0,1,1,0,1,1,0,0,0,0,0,0,0,0,1,0,0,0,0,0,0,0,0,0,0,0,0,0,0,1,1,0,0,38,155,117,0.7548387096774194,3.0789473684210527,0.01935483870967742,1,0,1.0,0, 0, 0, 0, 0, 0,5,2,8,6,3,0,13,5,3,12,8,14,3,10,8,5,7,1,3,1,14,21,16,37,34,12,5,2,8,6,3,0,13,5,3,12,8,14,3,10,8,5,7,1,3,1,14,21,16,37,34,12,5,2,8,6,3,0,13,5,3,12,8,14,3,10,8,5,7,1,3,1,14,21,16,37,34,12,0,0,0,0,0,0,0,0,0,0,0,0,0,1,1,117
2083,0,11935.224083999996,3075.586041,8877.648608,2005,0,0,1,0,1,0,1,0,0,0,0,0,0,0,0,1,0,0,0,0,0,0,0,0,0,0,0,0,0,0,1,1,0,0,25,103,78,0.7572815533980582,3.12,0.019417475728155338,1,0,1.0,0, 0, 0, 0, 0, 0,4,2,3,7,1,3,7,2,2,7,7,8,3,3,2,6,3,1,0,7,4,10,10,20,30,9,4,2,3,7,1,3,7,2,2,7,7,8,3,3,2,6,3,1,0,7,4,10,10,20,30,9,4,2,3,7,1,3,7,2,2,7,7,8,3,3,2,6,3,1,0,7,4,10,10,20,30,9,0,0,0,0,0,0,0,0,0,0,0,0,0,1,1,78
2089,0,24318.151117999998,6248.063829000002,18088.097853999992,7489,0,0,1,1,0,1,1,0,0,0,0,0,0,0,0,1,0,0,0,0,0,0,0,0,0,0,0,0,0,0,1,1,0,0,53,213,160,0.7511737089201878,3.018867924528302,0.018779342723004695,4,16.333333333333332,1.0,0, 0, 0, 0, 0, 0,14,7,9,5,4,14,8,7,2,12,14,8,5,7,10,10,9,3,5,7,15,17,15,32,59,19,14,7,9,5,4,14,8,7,2,12,14,8,5,7,10,10,9,3,5,7,15,17,15,32,59,19,14,7,9,5,4,14,8,7,2,12,14,8,5,7,10,10,9,3,5,7,15,17,15,32,59,19,0,0,0,0,0,0,0,0,0,0,0,0,0,1,1,160
2093,0,28515.556490000017,7083.615413000001,21449.951642000015,314,1,0,0,1,0,0,0,1,0,0,0,0,0,0,0,1,0,0,0,0,0,0,0,0,0,0,0,0,0,0,1,1,0,0,63,254,191,0.7519685039370079,3.0317460317460316,0.003937007874015748,0,0,1.0,0, 0, 0, 0, 0, 0,24,16,14,4,1,4,14,11,9,12,16,5,2,9,10,9,9,3,6,13,18,28,21,49,78,18,24,16,14,4,1,4,14,11,9,12,16,5,2,9,10,9,9,3,6,13,18,28,21,49,78,18,24,16,14,4,1,4,14,11,9,12,16,5,2,9,10,9,9,3,6,13,18,28,21,49,78,18,0,0,0,0,0,0,0,0,0,0,0,0,0,1,1,191
2094,0,11278.960197,2890.6075809999993,8406.363181000004,4,1,1,0,1,0,0,0,1,0,0,0,0,0,0,0,1,0,0,0,0,0,0,0,0,0,0,0,0,0,0,1,1,0,0,25,102,77,0.7549019607843137,3.08,0.00980392156862745,0,0,1.0,0, 0, 0, 0, 0, 0,12,6,8,0,1,4,6,3,0,6,8,2,1,1,3,3,5,1,1,6,3,14,8,22,36,8,12,6,8,0,1,4,6,3,0,6,8,2,1,1,3,3,5,1,1,6,3,14,8,22,36,8,12,6,8,0,1,4,6,3,0,6,8,2,1,1,3,3,5,1,1,6,3,14,8,22,36,8,0,0,0,0,0,0,0,0,0,0,0,0,0,1,1,77
2098,0,23458.72449900001,5981.02125,17495.713814000013,8972,0,0,1,1,0,1,1,0,0,0,0,0,0,0,0,1,0,0,0,0,0,0,0,0,0,0,0,0,0,0,1,1,0,0,53,212,159,0.75,3.0,0.014150943396226415,1,0,0.47641509433962265,0, 0, 0, 1, 0, 0,14,8,10,5,3,10,7,14,6,14,14,5,10,4,6,8,8,0,5,8,9,17,13,30,74,16,14,8,10,5,3,10,7,14,6,14,14,5,10,4,6,8,8,0,5,8,9,17,13,30,74,16,14,8,10,5,3,10,7,14,6,14,14,5,10,4,6,8,8,0,5,8,9,17,13,30,74,16,0,0,0,0,0,0,0,0,0,0,0,0,0,0,1,159
2100,0,30070.12626199999,7576.197949999999,22511.938876999997,1652,0,0,1,0,1,1,1,0,0,0,0,0,0,0,0,1,0,0,0,0,0,0,0,0,0,0,0,0,0,0,1,1,0,0,69,277,208,0.7509025270758123,3.0144927536231885,0.018050541516245487,3,103.5,1.0,0, 0, 0, 0, 0, 0,30,17,7,4,4,20,9,18,8,7,39,1,3,3,11,8,7,2,3,7,8,16,18,34,104,15,30,17,7,4,4,20,9,18,8,7,39,1,3,3,11,8,7,2,3,7,8,16,18,34,104,15,30,17,7,4,4,20,9,18,8,7,39,1,3,3,11,8,7,2,3,7,8,16,18,34,104,15,0,0,0,0,0,0,0,0,0,0,0,0,0,0,1,208
2101,0,18840.159825999985,4792.546821000001,14065.62356999999,81,1,1,0,1,0,0,0,1,0,0,0,0,0,0,0,1,0,0,0,0,0,0,0,0,0,0,0,0,0,0,1,1,0,0,41,165,124,0.7515151515151515,3.024390243902439,0.006060606060606061,0,0,1.0,0, 0, 0, 0, 0, 0,8,9,2,3,1,3,4,11,4,5,25,3,5,7,4,8,6,6,1,9,14,6,12,18,63,14,8,9,2,3,1,3,4,11,4,5,25,3,5,7,4,8,6,6,1,9,14,6,12,18,63,14,8,9,2,3,1,3,4,11,4,5,25,3,5,7,4,8,6,6,1,9,14,6,12,18,63,14,0,0,0,0,0,0,0,0,0,0,0,0,0,0,1,124
2102,0,10842.544233000002,2979.389509,7881.165289000003,32,1,1,0,0,1,0,1,0,0,0,0,0,0,0,0,1,0,0,0,0,0,0,0,0,0,0,0,0,0,0,1,1,0,0,24,96,72,0.75,3.0,0.020833333333333332,0,0,1.0,0, 0, 0, 0, 0, 0,8,4,3,3,1,4,5,7,3,4,8,5,0,1,1,3,3,1,2,6,4,8,9,17,33,6,8,4,3,3,1,4,5,7,3,4,8,5,0,1,1,3,3,1,2,6,4,8,9,17,33,6,8,4,3,3,1,4,5,7,3,4,8,5,0,1,1,3,3,1,2,6,4,8,9,17,33,6,0,0,0,0,0,0,0,0,0,0,0,0,0,0,1,72
2103,0,29251.607838999993,7204.541447999999,22065.07695600002,4978,0,0,1,0,1,0,1,0,0,0,0,0,0,0,0,1,0,0,0,0,0,0,0,0,0,0,0,0,0,0,1,1,0,0,62,250,188,0.752,3.032258064516129,0.008,0,0,1.0,0, 0, 0, 0, 0, 0,16,20,14,2,1,7,16,9,8,10,18,4,5,6,9,12,7,7,7,10,20,30,24,54,68,19,16,20,14,2,1,7,16,9,8,10,18,4,5,6,9,12,7,7,7,10,20,30,24,54,68,19,16,20,14,2,1,7,16,9,8,10,18,4,5,6,9,12,7,7,7,10,20,30,24,54,68,19,0,0,0,0,0,0,0,0,0,0,0,0,0,0,1,188
2105,0,8248.874327,1778.7933790000004,6488.091512999998,6072,0,0,1,1,0,1,1,0,0,1,1,0,0,0,0,1,0,0,0,0,0,0,0,0,0,0,0,0,0,0,1,1,0,1,18,75,57,0.76,3.1666666666666665,0.04,0,0,0.5333333333333333,0, 1, 0, 0, 0, 1,6,4,1,1,3,3,7,4,1,1,8,0,1,3,3,4,2,2,2,1,7,8,4,12,21,6,6,4,1,1,3,3,7,4,1,1,8,0,1,3,3,4,2,2,2,1,7,8,4,12,21,6,6,4,1,1,3,3,7,4,1,1,8,0,1,3,3,4,2,2,2,1,7,8,4,12,21,6,0,0,0,0,0,0,0,0,0,0,0,0,0,0,1,57
2107,0,27196.157605000004,6745.537082,20468.631088000002,6212,0,0,1,0,1,0,1,0,0,0,0,0,0,0,0,1,0,0,0,0,0,0,0,0,0,0,0,1,0,0,1,1,0,0,60,241,181,0.7510373443983402,3.0166666666666666,0.008298755186721992,0,0,1.0,0, 0, 0, 0, 0, 0,15,18,15,2,2,6,14,12,4,8,26,6,4,4,9,8,11,3,4,10,11,29,24,53,75,19,15,18,15,2,2,6,14,12,4,8,26,6,4,4,9,8,11,3,4,10,11,29,24,53,75,19,15,18,15,2,2,6,14,12,4,8,26,6,4,4,9,8,11,3,4,10,11,29,24,53,75,19,0,0,0,0,0,0,1,0,0,1,0,1,0,1,1,181
2112,0,29068.444652999977,7400.513060999995,21685.942157000012,274,1,0,0,0,1,1,1,0,0,0,0,0,0,0,0,1,0,0,0,0,0,0,0,0,0,0,0,1,0,0,1,1,0,0,62,251,189,0.7529880478087649,3.0483870967741935,0.01195219123505976,1,0,1.0,0, 0, 0, 0, 0, 0,22,17,15,2,2,7,13,10,10,8,22,3,2,6,8,8,11,7,6,10,19,28,20,48,74,19,22,17,15,2,2,7,13,10,10,8,22,3,2,6,8,8,11,7,6,10,19,28,20,48,74,19,22,17,15,2,2,7,13,10,10,8,22,3,2,6,8,8,11,7,6,10,19,28,20,48,74,19,0,0,0,0,0,0,1,0,0,1,0,1,0,1,1,189
2116,0,6956.757183000001,1661.936087,5312.831661000001,1094,0,0,1,0,1,0,1,0,0,0,0,0,0,0,0,1,0,0,0,0,0,0,0,0,1,0,0,0,0,0,1,1,0,0,15,62,47,0.7580645161290323,3.1333333333333333,0.03225806451612903,1,0,0.7419354838709677,0, 0, 0, 0, 1, 0,4,5,1,3,1,2,3,1,2,2,8,1,0,1,3,5,2,0,1,2,2,4,6,10,17,7,4,5,1,3,1,2,3,1,2,2,8,1,0,1,3,5,2,0,1,2,2,4,6,10,17,7,4,5,1,3,1,2,3,1,2,2,8,1,0,1,3,5,2,0,1,2,2,4,6,10,17,7,0,0,0,1,0,0,0,0,0,0,0,0,0,1,1,47
2117,0,29487.80659499998,7446.642955999999,22059.174204000006,261,1,0,0,0,1,1,1,0,0,0,0,0,0,0,0,1,0,0,0,0,0,0,0,0,1,0,0,0,0,0,1,1,0,0,62,251,189,0.7529880478087649,3.0483870967741935,0.01195219123505976,1,0,1.0,0, 0, 0, 0, 0, 0,17,14,15,7,2,19,8,8,6,12,23,5,4,8,6,8,8,6,6,7,20,23,19,42,71,16,17,14,15,7,2,19,8,8,6,12,23,5,4,8,6,8,8,6,6,7,20,23,19,42,71,16,17,14,15,7,2,19,8,8,6,12,23,5,4,8,6,8,8,6,6,7,20,23,19,42,71,16,0,0,0,1,0,0,0,0,0,0,0,0,0,1,1,189
2119,0,33346.23643299997,8209.378516000002,25154.868481999983,3449,0,0,1,1,0,1,1,0,0,0,0,0,0,0,0,1,0,0,0,0,0,0,0,0,1,0,0,0,0,0,1,1,0,0,74,297,223,0.7508417508417509,3.0135135135135136,0.010101010101010102,0,0,1.0,0, 0, 0, 0, 0, 0,16,7,13,14,3,14,11,10,6,17,26,14,7,8,11,14,14,4,5,9,17,24,21,45,85,28,16,7,13,14,3,14,11,10,6,17,26,14,7,8,11,14,14,4,5,9,17,24,21,45,85,28,16,7,13,14,3,14,11,10,6,17,26,14,7,8,11,14,14,4,5,9,17,24,21,45,85,28,0,0,0,1,0,0,0,0,0,0,0,0,0,1,1,223
2121,0,10054.360734999997,2583.355947,7489.015352999998,6895,0,0,1,0,1,0,1,0,0,0,0,0,0,0,0,1,0,0,0,0,0,0,0,0,1,0,0,0,0,0,1,1,0,0,22,90,68,0.7555555555555555,3.090909090909091,0.022222222222222223,0,0,1.0,0, 0, 0, 0, 0, 0,6,2,2,2,2,2,0,5,3,8,8,1,1,8,0,4,4,0,2,8,10,2,3,5,36,8,6,2,2,2,2,2,0,5,3,8,8,1,1,8,0,4,4,0,2,8,10,2,3,5,36,8,6,2,2,2,2,2,0,5,3,8,8,1,1,8,0,4,4,0,2,8,10,2,3,5,36,8,0,0,0,1,0,0,0,0,0,0,0,0,0,1,1,68
2123,0,32428.575033000012,8121.188439000005,24325.397158999996,1020,0,0,1,0,1,1,1,0,0,0,0,0,0,0,0,1,0,0,0,0,0,0,0,0,0,0,0,1,0,0,1,1,0,0,74,299,225,0.7525083612040134,3.0405405405405403,0.010033444816053512,3,25.5,1.0,0, 0, 0, 0, 0, 0,23,15,14,8,2,8,11,20,9,12,29,3,7,10,13,17,10,2,1,11,13,25,18,43,102,27,23,15,14,8,2,8,11,20,9,12,29,3,7,10,13,17,10,2,1,11,13,25,18,43,102,27,23,15,14,8,2,8,11,20,9,12,29,3,7,10,13,17,10,2,1,11,13,25,18,43,102,27,0,0,0,0,0,0,0,0,0,1,0,0,0,1,1,225
2124,0,28016.556877000003,7097.63107,20936.936372000015,271,1,0,0,0,1,0,1,0,0,0,0,0,0,0,0,1,0,0,0,0,0,0,0,0,0,0,0,1,0,0,1,1,0,0,62,250,188,0.752,3.032258064516129,0.008,0,0,1.0,0, 0, 0, 0, 0, 0,27,15,15,2,1,7,9,10,7,8,24,6,2,8,7,11,6,4,5,14,17,24,21,45,85,17,27,15,15,2,1,7,9,10,7,8,24,6,2,8,7,11,6,4,5,14,17,24,21,45,85,17,27,15,15,2,1,7,9,10,7,8,24,6,2,8,7,11,6,4,5,14,17,24,21,45,85,17,0,0,0,0,0,0,0,0,0,1,0,0,0,1,1,188
2127,0,29529.193986999977,7068.430204999998,22478.774347,993,0,0,0,0,1,1,1,0,0,0,0,0,0,0,0,1,0,0,0,0,0,0,0,0,0,0,0,1,0,0,1,1,0,0,68,274,206,0.7518248175182481,3.0294117647058822,0.014598540145985401,1,0,0.9781021897810219,0, 0, 0, 1, 0, 0,31,17,9,5,0,8,10,9,7,9,21,4,4,2,16,16,12,5,5,16,12,19,21,40,90,28,31,17,9,5,0,8,10,9,7,9,21,4,4,2,16,16,12,5,5,16,12,19,21,40,90,28,31,17,9,5,0,8,10,9,7,9,21,4,4,2,16,16,12,5,5,16,12,19,21,40,90,28,0,0,0,0,0,0,0,0,0,1,0,0,0,1,1,206
2128,0,23437.209818000018,5813.267172999999,17641.953210000003,3251,0,0,1,1,0,1,1,0,0,0,0,0,0,0,0,1,0,0,0,0,0,0,0,0,0,0,0,1,0,0,1,1,0,0,54,219,165,0.7534246575342466,3.0555555555555554,0.0182648401826484,3,74.0,0.5159817351598174,0, 0, 0, 1, 0, 0,24,10,9,2,4,6,9,15,10,3,24,1,3,5,13,6,5,1,4,11,10,18,11,29,80,11,24,10,9,2,4,6,9,15,10,3,24,1,3,5,13,6,5,1,4,11,10,18,11,29,80,11,24,10,9,2,4,6,9,15,10,3,24,1,3,5,13,6,5,1,4,11,10,18,11,29,80,11,0,0,0,0,0,0,0,0,0,1,0,0,0,1,1,165
2129,0,30586.835584000008,7289.707543,23315.138606000015,3925,0,0,1,1,0,0,1,0,0,0,1,0,0,0,0,1,0,0,0,0,0,0,0,0,0,0,0,1,0,0,1,1,0,0,70,282,212,0.75177304964539,3.0285714285714285,0.0070921985815602835,2,3.0,0.12411347517730496,0, 1, 0, 0, 0, 0,21,25,9,4,2,14,12,22,5,7,23,4,2,5,11,15,10,2,6,13,13,21,29,50,88,25,21,25,9,4,2,14,12,22,5,7,23,4,2,5,11,15,10,2,6,13,13,21,29,50,88,25,21,25,9,4,2,14,12,22,5,7,23,4,2,5,11,15,10,2,6,13,13,21,29,50,88,25,0,0,0,0,0,0,0,0,0,1,0,0,0,1,1,212
2131,0,13033.967053000008,3226.63947,9825.338147999999,10164,0,0,1,0,1,1,1,0,0,0,0,0,0,0,0,1,0,0,0,0,0,0,0,0,0,0,0,1,0,0,1,1,0,0,30,120,90,0.75,3.0,0.025,1,0,1.0,0, 0, 0, 0, 0, 0,15,9,1,4,2,4,3,4,2,3,14,1,2,2,5,5,3,2,1,8,5,4,10,14,46,8,15,9,1,4,2,4,3,4,2,3,14,1,2,2,5,5,3,2,1,8,5,4,10,14,46,8,15,9,1,4,2,4,3,4,2,3,14,1,2,2,5,5,3,2,1,8,5,4,10,14,46,8,0,0,0,0,0,0,0,0,0,1,0,0,0,1,1,90
2132,0,14484.498704000005,3712.8229110000016,10789.686358,13942,0,0,1,0,1,0,1,0,0,0,0,0,0,0,0,1,0,0,0,0,0,0,0,0,0,0,0,1,0,0,1,1,0,0,33,134,101,0.753731343283582,3.0606060606060606,0.014925373134328358,0,0,1.0,0, 0, 0, 0, 0, 0,11,4,5,1,1,1,8,6,3,4,14,3,1,3,9,7,6,0,3,11,6,13,7,20,47,13,11,4,5,1,1,1,8,6,3,4,14,3,1,3,9,7,6,0,3,11,6,13,7,20,47,13,11,4,5,1,1,1,8,6,3,4,14,3,1,3,9,7,6,0,3,11,6,13,7,20,47,13,0,0,0,0,0,0,0,0,0,1,0,0,0,1,1,101
2135,0,3247.4585740000007,877.419015,2388.050124,2522,0,0,1,1,0,0,0,1,0,0,0,0,0,0,1,1,0,0,0,0,0,0,0,0,0,0,0,1,0,0,1,1,0,0,7,29,22,0.7586206896551724,3.142857142857143,0.034482758620689655,0,0,1.0,0, 0, 0, 0, 0, 0,2,0,1,1,1,0,4,1,0,1,0,0,1,1,1,2,1,0,1,4,2,5,0,5,9,3,2,0,1,1,1,0,4,1,0,1,0,0,1,1,1,2,1,0,1,4,2,5,0,5,9,3,2,0,1,1,1,0,4,1,0,1,0,0,1,1,1,2,1,0,1,4,2,5,0,5,9,3,0,0,0,0,0,0,0,0,0,1,0,1,0,0,1,22
2136,0,3247.4585740000007,877.419015,2388.050124,2318,0,0,1,1,0,0,0,1,0,0,0,0,0,0,1,1,0,0,0,0,0,0,0,0,0,0,0,1,0,0,1,1,0,0,7,29,22,0.7586206896551724,3.142857142857143,0.034482758620689655,0,0,1.0,0, 0, 0, 0, 0, 0,2,0,1,1,1,0,4,1,0,1,0,0,1,1,1,2,1,0,1,4,2,5,0,5,9,3,2,0,1,1,1,0,4,1,0,1,0,0,1,1,1,2,1,0,1,4,2,5,0,5,9,3,2,0,1,1,1,0,4,1,0,1,0,0,1,1,1,2,1,0,1,4,2,5,0,5,9,3,0,0,0,0,0,0,0,0,0,1,0,1,0,0,1,22
2137,0,31515.258010000038,7925.929767000003,23607.33880800003,1389,0,0,1,0,1,1,1,0,0,0,0,0,0,0,0,1,0,0,0,0,0,0,0,0,0,0,0,1,0,0,1,1,0,0,74,299,225,0.7525083612040134,3.0405405405405403,0.013377926421404682,3,86.5,0.9230769230769231,0, 1, 0, 1, 0, 0,23,15,16,6,1,2,11,27,6,10,24,4,5,6,14,9,15,3,1,27,10,27,19,46,116,24,23,15,16,6,1,2,11,27,6,10,24,4,5,6,14,9,15,3,1,27,10,27,19,46,116,24,23,15,16,6,1,2,11,27,6,10,24,4,5,6,14,9,15,3,1,27,10,27,19,46,116,24,0,0,0,0,0,0,0,0,0,1,0,1,0,0,1,225
2138,0,30790.871152000014,7588.995331000003,23219.88638600001,315,1,0,0,1,0,0,0,1,0,0,0,0,0,0,0,1,0,0,0,0,0,0,0,0,0,0,0,1,0,0,1,1,0,0,68,274,206,0.7518248175182481,3.0294117647058822,0.0036496350364963502,0,0,1.0,0, 0, 0, 0, 0, 0,27,19,17,1,1,7,11,12,4,10,21,5,4,9,9,11,10,4,10,14,23,28,24,52,88,21,27,19,17,1,1,7,11,12,4,10,21,5,4,9,9,11,10,4,10,14,23,28,24,52,88,21,27,19,17,1,1,7,11,12,4,10,21,5,4,9,9,11,10,4,10,14,23,28,24,52,88,21,0,0,0,0,0,0,0,0,0,1,0,1,0,0,1,206
2139,0,29747.33902500001,7574.926189999999,22190.423400000007,315,1,0,0,1,0,0,0,1,0,0,0,0,0,0,0,1,0,0,0,0,0,0,0,0,0,0,0,1,0,0,1,1,0,0,65,263,198,0.752851711026616,3.046153846153846,0.0038022813688212928,0,0,1.0,0, 0, 0, 0, 0, 0,26,19,17,1,1,6,11,12,4,9,21,5,3,9,8,11,10,4,7,14,20,28,24,52,85,21,26,19,17,1,1,6,11,12,4,9,21,5,3,9,8,11,10,4,7,14,20,28,24,52,85,21,26,19,17,1,1,6,11,12,4,9,21,5,3,9,8,11,10,4,7,14,20,28,24,52,85,21,0,0,0,0,0,0,0,0,0,1,0,1,0,0,1,198
2141,0,13945.979011000005,3107.7535829999993,10856.235993000004,777,0,0,0,1,0,1,1,0,0,0,0,1,0,0,0,1,0,0,0,0,0,0,0,0,0,0,0,1,0,0,1,1,0,0,32,129,97,0.751937984496124,3.03125,0.031007751937984496,3,8.5,1.0,1, 0, 0, 0, 0, 0,15,10,8,3,4,5,7,6,0,6,4,4,3,3,2,3,6,0,5,3,8,15,14,29,37,9,15,10,8,3,4,5,7,6,0,6,4,4,3,3,2,3,6,0,5,3,8,15,14,29,37,9,15,10,8,3,4,5,7,6,0,6,4,4,3,3,2,3,6,0,5,3,8,15,14,29,37,9,0,0,0,0,0,0,0,0,0,1,0,1,0,0,1,97
2142,0,13017.561134000003,3425.778071999999,9609.793626999994,1198,0,0,1,0,1,1,1,0,0,0,0,0,0,0,0,1,0,0,0,0,0,0,0,0,0,0,0,1,0,0,1,1,0,0,32,129,97,0.751937984496124,3.03125,0.023255813953488372,1,0,1.0,0, 0, 0, 0, 0, 0,20,5,4,3,2,2,7,15,0,1,7,1,1,4,6,1,6,1,1,10,6,11,6,17,54,7,20,5,4,3,2,2,7,15,0,1,7,1,1,4,6,1,6,1,1,10,6,11,6,17,54,7,20,5,4,3,2,2,7,15,0,1,7,1,1,4,6,1,6,1,1,10,6,11,6,17,54,7,0,0,0,0,0,0,0,0,0,1,0,1,0,0,1,97
2144,0,19335.888758999994,4543.3838319999995,14810.515491999997,5376,0,0,1,1,0,0,1,0,0,1,0,0,0,0,1,1,0,0,0,0,0,0,0,0,0,0,0,1,0,0,1,1,0,0,44,179,135,0.7541899441340782,3.0681818181818183,0.0111731843575419,0,0,0.24581005586592178,0, 0, 1, 0, 0, 0,21,12,9,3,2,3,5,10,3,3,13,1,1,3,16,2,11,7,3,7,13,14,13,27,55,13,21,12,9,3,2,3,5,10,3,3,13,1,1,3,16,2,11,7,3,7,13,14,13,27,55,13,21,12,9,3,2,3,5,10,3,3,13,1,1,3,16,2,11,7,3,7,13,14,13,27,55,13,0,0,0,0,0,0,0,0,0,1,0,1,0,0,1,135
2145,0,31772.76975300002,7884.143354,23906.636964000005,5912,0,0,1,0,1,0,1,0,0,0,0,0,0,0,0,1,0,0,0,0,0,0,0,0,0,0,0,1,0,0,1,1,0,0,73,294,221,0.7517006802721088,3.0273972602739727,0.006802721088435374,1,0,1.0,0, 0, 0, 0, 0, 0,21,17,10,5,1,5,17,24,2,6,22,13,3,4,20,8,12,3,7,21,14,27,30,57,97,20,21,17,10,5,1,5,17,24,2,6,22,13,3,4,20,8,12,3,7,21,14,27,30,57,97,20,21,17,10,5,1,5,17,24,2,6,22,13,3,4,20,8,12,3,7,21,14,27,30,57,97,20,0,0,0,0,0,0,0,0,0,1,0,1,0,0,1,221
2146,0,7247.547120999998,1735.8563150000002,5529.701370999998,6796,0,0,1,1,0,0,1,0,0,0,0,0,0,0,0,1,0,0,0,0,0,0,0,0,0,0,0,1,0,0,1,1,0,0,16,66,50,0.7575757575757576,3.125,0.030303030303030304,0,0,1.0,0, 0, 0, 0, 0, 0,6,4,4,2,2,1,5,6,0,0,3,6,2,0,2,0,1,0,3,3,3,9,10,19,20,1,6,4,4,2,2,1,5,6,0,0,3,6,2,0,2,0,1,0,3,3,3,9,10,19,20,1,6,4,4,2,2,1,5,6,0,0,3,6,2,0,2,0,1,0,3,3,3,9,10,19,20,1,0,0,0,0,0,0,0,0,0,1,0,1,0,0,1,50
2148,0,7006.2815869999995,1633.7738459999998,5390.518306,2003,0,0,1,1,0,0,0,1,0,0,0,0,0,0,1,1,0,0,0,0,0,0,0,0,0,0,0,1,0,0,1,1,0,0,16,65,49,0.7538461538461538,3.0625,0.015384615384615385,0,0,1.0,0, 0, 0, 0, 0, 0,4,4,2,1,1,1,5,5,1,1,1,0,2,1,6,1,7,1,2,3,4,7,4,11,16,8,4,4,2,1,1,1,5,5,1,1,1,0,2,1,6,1,7,1,2,3,4,7,4,11,16,8,4,4,2,1,1,1,5,5,1,1,1,0,2,1,6,1,7,1,2,3,4,7,4,11,16,8,0,0,0,0,0,0,0,0,0,1,0,0,0,0,1,49
2149,0,6875.241103,1658.834473,5234.417195000001,2003,0,0,1,1,0,0,0,1,0,0,0,0,0,0,1,1,0,0,0,0,0,0,0,0,0,0,0,1,0,0,1,1,0,0,16,64,48,0.75,3.0,0.015625,0,0,1.0,0, 0, 0, 0, 0, 0,4,3,2,1,1,1,5,5,1,1,1,0,2,1,6,1,7,1,2,3,4,7,3,10,16,8,4,3,2,1,1,1,5,5,1,1,1,0,2,1,6,1,7,1,2,3,4,7,3,10,16,8,4,3,2,1,1,1,5,5,1,1,1,0,2,1,6,1,7,1,2,3,4,7,3,10,16,8,0,0,0,0,0,0,0,0,0,1,0,0,0,0,1,48
2150,0,32152.429094000032,7782.8331020000005,24387.606557000032,1093,0,0,1,0,1,1,1,0,0,0,0,0,0,0,0,1,0,0,0,0,0,0,0,0,0,0,0,1,0,0,1,1,0,0,74,299,225,0.7525083612040134,3.0405405405405403,0.016722408026755852,3,2.0,0.9230769230769231,0, 1, 0, 1, 0, 0,27,23,21,3,2,3,16,20,4,9,21,5,1,3,16,7,15,4,4,21,11,37,28,65,99,22,27,23,21,3,2,3,16,20,4,9,21,5,1,3,16,7,15,4,4,21,11,37,28,65,99,22,27,23,21,3,2,3,16,20,4,9,21,5,1,3,16,7,15,4,4,21,11,37,28,65,99,22,0,0,0,0,0,0,0,0,0,1,0,0,0,0,1,225
2151,0,27782.301686000003,7429.828487,20370.483764000004,273,1,0,0,1,0,1,1,0,0,0,0,0,0,0,1,1,0,0,0,0,0,0,0,0,0,0,0,1,0,0,1,1,0,0,61,247,186,0.7530364372469636,3.0491803278688523,0.012145748987854251,1,0,1.0,0, 0, 0, 0, 0, 0,25,18,14,0,3,4,16,20,4,7,23,4,1,4,9,6,5,6,4,13,14,30,22,52,89,11,25,18,14,0,3,4,16,20,4,7,23,4,1,4,9,6,5,6,4,13,14,30,22,52,89,11,25,18,14,0,3,4,16,20,4,7,23,4,1,4,9,6,5,6,4,13,14,30,22,52,89,11,0,0,0,0,0,0,0,0,0,1,0,0,0,0,1,186
2152,0,10535.507396000003,2425.121982,8128.395979000003,13,1,1,0,1,0,0,0,1,0,0,0,0,0,0,0,1,0,0,0,0,0,0,0,0,0,0,0,1,0,0,1,1,0,0,24,97,73,0.7525773195876289,3.0416666666666665,0.010309278350515464,0,0,1.0,0, 0, 0, 0, 0, 0,7,12,7,0,1,0,4,7,0,3,11,0,1,2,4,2,3,1,1,7,4,11,12,23,36,5,7,12,7,0,1,0,4,7,0,3,11,0,1,2,4,2,3,1,1,7,4,11,12,23,36,5,7,12,7,0,1,0,4,7,0,3,11,0,1,2,4,2,3,1,1,7,4,11,12,23,36,5,0,0,0,0,0,0,0,0,0,1,0,0,0,0,1,73
2153,0,26129.93969300003,6568.307336999999,19579.642921000017,1,1,1,0,1,0,1,1,0,0,0,0,0,0,0,0,1,0,0,0,0,0,0,0,0,0,0,0,1,0,0,1,1,0,0,59,238,179,0.7521008403361344,3.0338983050847457,0.012605042016806723,0,0,1.0,0, 0, 0, 0, 0, 0,34,16,12,5,3,4,8,15,4,5,10,1,3,5,13,4,5,5,12,15,22,20,17,37,82,9,34,16,12,5,3,4,8,15,4,5,10,1,3,5,13,4,5,5,12,15,22,20,17,37,82,9,34,16,12,5,3,4,8,15,4,5,10,1,3,5,13,4,5,5,12,15,22,20,17,37,82,9,0,0,0,0,0,0,0,0,0,1,0,0,0,0,1,179
2158,0,3650.607757,803.399993,2865.218329,1986,0,0,1,1,0,0,0,1,0,0,0,0,0,0,1,1,0,0,0,0,0,0,0,0,0,0,0,0,0,0,1,1,0,0,7,31,24,0.7741935483870968,3.4285714285714284,0.03225806451612903,1,0,1.0,0, 0, 0, 0, 0, 0,1,1,3,1,1,0,5,1,0,1,2,0,2,2,1,0,1,0,1,1,3,8,1,9,8,1,1,1,3,1,1,0,5,1,0,1,2,0,2,2,1,0,1,0,1,1,3,8,1,9,8,1,1,1,3,1,1,0,5,1,0,1,2,0,2,2,1,0,1,0,1,1,3,8,1,9,8,1,0,0,0,0,0,0,0,0,0,0,0,0,0,0,1,24
2159,0,13202.996815999997,3324.7223480000007,9896.285033000002,2321,0,0,1,0,1,0,1,0,0,0,0,0,0,0,0,1,0,0,0,0,0,0,0,0,0,0,0,0,0,0,1,1,0,0,30,121,91,0.7520661157024794,3.033333333333333,0.01652892561983471,2,1.0,1.0,0, 0, 0, 0, 0, 0,12,10,9,1,1,0,5,6,2,7,12,2,1,0,9,1,8,1,1,3,2,14,12,26,41,9,12,10,9,1,1,0,5,6,2,7,12,2,1,0,9,1,8,1,1,3,2,14,12,26,41,9,12,10,9,1,1,0,5,6,2,7,12,2,1,0,9,1,8,1,1,3,2,14,12,26,41,9,0,0,0,0,0,0,0,0,0,0,0,0,0,0,1,91
2163,0,26071.385312,6788.438581999999,19300.95729500002,267,1,0,0,0,1,1,1,0,0,0,0,0,0,0,0,1,0,0,0,0,0,0,0,0,0,0,0,0,0,0,1,1,0,0,57,231,174,0.7532467532467533,3.0526315789473686,0.012987012987012988,0,0,1.0,0, 0, 0, 0, 0, 0,26,15,8,4,2,5,16,13,3,8,14,6,2,6,7,5,8,5,5,16,16,24,21,45,79,13,26,15,8,4,2,5,16,13,3,8,14,6,2,6,7,5,8,5,5,16,16,24,21,45,79,13,26,15,8,4,2,5,16,13,3,8,14,6,2,6,7,5,8,5,5,16,16,24,21,45,79,13,0,0,0,0,0,0,0,0,0,0,0,0,0,1,1,174
2164,0,9698.117875000002,2547.3413760000003,7168.787063999999,8,1,1,0,0,1,0,1,0,0,0,0,0,0,0,0,1,0,0,0,0,0,0,0,0,0,0,0,0,0,0,1,1,0,0,23,92,69,0.75,3.0,0.021739130434782608,1,0,1.0,0, 0, 0, 0, 0, 0,9,5,6,1,1,0,6,6,1,2,8,0,0,1,2,4,1,0,1,15,2,12,5,17,40,5,9,5,6,1,1,0,6,6,1,2,8,0,0,1,2,4,1,0,1,15,2,12,5,17,40,5,9,5,6,1,1,0,6,6,1,2,8,0,0,1,2,4,1,0,1,15,2,12,5,17,40,5,0,0,0,0,0,0,0,0,0,0,0,0,0,1,1,69
2165,0,30549.33185400001,7576.718557000005,22990.623862,4,1,1,0,0,1,1,1,0,0,0,0,0,0,0,1,1,0,0,0,0,0,0,0,0,0,0,0,0,0,0,1,1,0,0,72,290,218,0.7517241379310344,3.0277777777777777,0.02413793103448276,3,23.5,0.9206896551724137,0, 1, 0, 1, 0, 0,24,14,14,3,2,3,10,22,4,4,22,3,3,7,15,21,14,4,6,23,17,24,17,41,98,35,24,14,14,3,2,3,10,22,4,4,22,3,3,7,15,21,14,4,6,23,17,24,17,41,98,35,24,14,14,3,2,3,10,22,4,4,22,3,3,7,15,21,14,4,6,23,17,24,17,41,98,35,0,0,0,0,0,0,0,0,0,0,0,0,0,1,1,218
2166,0,25431.257407,6263.188231,19186.07974100001,1005,0,0,1,0,1,1,1,0,0,0,0,0,0,0,0,1,0,0,0,0,0,0,0,0,0,0,0,0,0,0,1,1,0,0,62,249,187,0.751004016064257,3.0161290322580645,0.012048192771084338,1,0,1.0,0, 0, 0, 0, 0, 0,29,12,12,3,2,1,6,18,1,9,17,1,1,7,12,16,8,4,2,26,13,18,13,31,100,24,29,12,12,3,2,1,6,18,1,9,17,1,1,7,12,16,8,4,2,26,13,18,13,31,100,24,29,12,12,3,2,1,6,18,1,9,17,1,1,7,12,16,8,4,2,26,13,18,13,31,100,24,0,0,0,0,0,0,0,0,0,0,0,0,0,1,1,187
2173,0,14198.931117,3739.5905279999997,10477.351154000004,7681,0,0,1,0,1,0,1,0,0,0,0,0,0,0,0,1,0,0,0,0,0,1,0,0,1,0,0,0,0,0,1,1,0,0,30,121,91,0.7520661157024794,3.033333333333333,0.01652892561983471,1,0,1.0,0, 0, 0, 0, 0, 0,4,10,6,2,1,3,6,12,3,3,12,3,1,3,5,2,3,1,7,4,11,12,13,25,36,5,4,10,6,2,1,3,6,12,3,3,12,3,1,3,5,2,3,1,7,4,11,12,13,25,36,5,4,10,6,2,1,3,6,12,3,3,12,3,1,3,5,2,3,1,7,4,11,12,13,25,36,5,1,0,0,1,0,0,1,0,0,0,0,0,0,1,1,91
2174,0,29081.557829999987,7262.660619999997,21836.907775,4828,0,0,1,0,1,1,1,0,0,0,0,0,0,0,0,1,0,0,0,0,0,1,0,0,1,0,0,0,0,0,1,1,0,0,66,264,198,0.75,3.0,0.01893939393939394,2,9.0,1.0,0, 0, 0, 0, 0, 0,26,13,11,10,4,8,15,18,5,12,23,4,3,6,9,8,2,1,12,8,19,26,17,43,90,10,26,13,11,10,4,8,15,18,5,12,23,4,3,6,9,8,2,1,12,8,19,26,17,43,90,10,26,13,11,10,4,8,15,18,5,12,23,4,3,6,9,8,2,1,12,8,19,26,17,43,90,10,1,0,0,1,0,0,1,0,0,0,0,0,0,1,1,198
2176,0,28852.515570999993,7161.534765999998,21708.991370000014,243,1,0,0,0,1,0,1,0,0,0,0,0,0,0,1,1,0,0,0,0,0,1,0,0,1,0,0,0,0,0,1,1,0,0,62,250,188,0.752,3.032258064516129,0.008,1,0,1.0,0, 0, 0, 0, 0, 0,17,18,12,3,2,14,11,13,7,10,22,2,4,5,10,9,7,7,7,8,19,23,20,43,74,16,17,18,12,3,2,14,11,13,7,10,22,2,4,5,10,9,7,7,7,8,19,23,20,43,74,16,17,18,12,3,2,14,11,13,7,10,22,2,4,5,10,9,7,7,7,8,19,23,20,43,74,16,1,0,0,1,0,0,1,0,0,0,0,0,0,1,1,188
2177,0,10347.187746,2755.3077689999996,7609.890542,29,1,1,0,0,1,0,0,1,0,0,0,0,0,0,0,1,0,0,0,0,0,1,0,0,1,0,0,0,0,0,1,1,0,0,22,91,69,0.7582417582417582,3.1363636363636362,0.0,0,0,1.0,0, 0, 0, 0, 0, 0,8,2,7,1,0,4,7,6,2,7,8,3,2,2,3,1,0,1,1,4,4,14,5,19,35,1,8,2,7,1,0,4,7,6,2,7,8,3,2,2,3,1,0,1,1,4,4,14,5,19,35,1,8,2,7,1,0,4,7,6,2,7,8,3,2,2,3,1,0,1,1,4,4,14,5,19,35,1,1,0,0,1,0,0,1,0,0,0,0,0,0,1,1,69
2180,0,23543.48761999999,5576.781388999998,17984.716795999986,10370,0,0,1,0,1,1,1,0,0,0,0,0,0,0,1,1,0,0,0,0,0,1,0,0,1,0,0,0,0,0,1,1,0,0,56,226,170,0.7522123893805309,3.0357142857142856,0.017699115044247787,2,109.0,1.0,0, 0, 0, 0, 0, 0,27,9,8,6,3,4,12,11,4,9,32,2,2,2,11,4,7,2,1,14,5,20,11,31,95,11,27,9,8,6,3,4,12,11,4,9,32,2,2,2,11,4,7,2,1,14,5,20,11,31,95,11,27,9,8,6,3,4,12,11,4,9,32,2,2,2,11,4,7,2,1,14,5,20,11,31,95,11,1,0,0,1,0,0,1,0,0,0,0,0,0,1,1,170
2184,0,27180.239629999996,6623.481847999998,20574.768346999997,868,0,0,0,1,0,1,1,0,1,0,0,0,1,0,0,1,0,0,0,0,0,0,0,0,0,0,0,1,0,0,1,1,0,1,64,259,195,0.752895752895753,3.046875,0.015444015444015444,2,29.0,0.6138996138996139,0, 0, 0, 0, 1, 1,31,18,10,3,4,5,11,27,4,11,23,1,3,6,9,3,6,6,0,14,12,21,19,40,109,9,31,18,10,3,4,5,11,27,4,11,23,1,3,6,9,3,6,6,0,14,12,21,19,40,109,9,31,18,10,3,4,5,11,27,4,11,23,1,3,6,9,3,6,6,0,14,12,21,19,40,109,9,0,0,0,0,0,0,0,0,0,1,0,1,0,1,1,195
2185,0,9899.963222000006,2434.042367,7483.931420000001,411,1,0,0,1,0,0,0,1,0,0,0,0,0,0,0,1,0,0,0,0,0,0,0,0,0,0,0,1,0,0,1,1,0,0,23,94,71,0.7553191489361702,3.0869565217391304,0.010638297872340425,0,0,1.0,0, 0, 0, 0, 0, 0,13,10,3,1,1,0,3,9,2,1,8,0,0,1,6,3,4,2,1,3,4,6,10,16,34,7,13,10,3,1,1,0,3,9,2,1,8,0,0,1,6,3,4,2,1,3,4,6,10,16,34,7,13,10,3,1,1,0,3,9,2,1,8,0,0,1,6,3,4,2,1,3,4,6,10,16,34,7,0,0,0,0,0,0,0,0,0,1,0,1,0,1,1,71
2188,0,27848.357848000003,7099.643351,20766.72506200001,297,1,0,0,1,0,0,0,1,0,0,0,0,0,0,0,1,0,0,0,0,0,0,0,0,0,0,0,1,0,0,1,1,0,0,60,243,183,0.7530864197530864,3.05,0.00411522633744856,0,0,1.0,0, 0, 0, 0, 0, 0,16,19,14,2,1,6,12,14,3,4,21,6,3,6,11,8,9,4,8,16,18,26,25,51,74,17,16,19,14,2,1,6,12,14,3,4,21,6,3,6,11,8,9,4,8,16,18,26,25,51,74,17,16,19,14,2,1,6,12,14,3,4,21,6,3,6,11,8,9,4,8,16,18,26,25,51,74,17,0,0,0,0,0,0,0,0,0,1,0,1,0,1,1,183
2189,0,6891.597008999999,1747.8457669999996,5161.761806999999,2284,0,0,1,1,0,0,1,0,0,1,0,0,0,0,0,1,0,0,0,0,0,0,0,0,0,0,0,1,0,0,1,1,0,0,15,62,47,0.7580645161290323,3.1333333333333333,0.03225806451612903,0,0,0.08064516129032258,0, 0, 1, 0, 0, 0,7,8,2,1,2,0,3,2,0,3,4,0,0,1,3,5,0,1,0,5,2,5,8,13,21,5,7,8,2,1,2,0,3,2,0,3,4,0,0,1,3,5,0,1,0,5,2,5,8,13,21,5,7,8,2,1,2,0,3,2,0,3,4,0,0,1,3,5,0,1,0,5,2,5,8,13,21,5,0,0,0,0,0,0,0,0,0,1,0,1,0,1,1,47
2191,0,6587.231387999998,1600.803841,5004.438112,2905,0,0,1,0,1,0,1,0,0,0,0,0,0,0,1,1,0,0,0,0,0,0,0,0,0,0,0,1,0,0,1,1,0,0,15,63,48,0.7619047619047619,3.2,0.031746031746031744,3,26.0,1.0,0, 0, 0, 0, 0, 0,7,1,2,2,1,0,4,4,0,3,4,2,3,0,4,4,3,1,1,2,2,6,3,9,23,7,7,1,2,2,1,0,4,4,0,3,4,2,3,0,4,4,3,1,1,2,2,6,3,9,23,7,7,1,2,2,1,0,4,4,0,3,4,2,3,0,4,4,3,1,1,2,2,6,3,9,23,7,0,0,0,0,0,0,0,0,0,1,0,1,0,1,1,48
2192,0,30672.807424000035,7544.0243489999975,23146.793640000007,6959,0,0,1,0,1,0,1,0,0,0,0,0,0,0,0,1,0,0,0,0,0,0,0,0,0,0,0,1,0,0,1,1,0,0,71,284,213,0.75,3.0,0.007042253521126761,0,0,1.0,0, 0, 0, 0, 0, 0,36,20,15,3,1,5,13,15,3,8,18,3,10,8,15,6,10,3,4,17,15,28,23,51,104,16,36,20,15,3,1,5,13,15,3,8,18,3,10,8,15,6,10,3,4,17,15,28,23,51,104,16,36,20,15,3,1,5,13,15,3,8,18,3,10,8,15,6,10,3,4,17,15,28,23,51,104,16,0,0,0,0,0,0,0,0,0,1,0,1,0,1,1,213
2194,0,31707.28529600001,7747.730583999996,23977.565277000005,4470,0,0,1,0,1,0,1,0,0,0,0,0,0,0,1,1,0,0,0,0,0,0,0,0,0,0,0,0,0,0,1,1,0,0,69,279,210,0.7526881720430108,3.0434782608695654,0.007168458781362007,1,0,1.0,0, 0, 0, 0, 0, 0,19,22,11,7,1,3,14,15,10,7,26,8,5,11,12,9,8,5,3,14,19,25,30,55,86,17,19,22,11,7,1,3,14,15,10,7,26,8,5,11,12,9,8,5,3,14,19,25,30,55,86,17,19,22,11,7,1,3,14,15,10,7,26,8,5,11,12,9,8,5,3,14,19,25,30,55,86,17,0,0,0,0,0,0,1,0,0,0,0,0,0,1,1,210
2195,0,13463.698693999995,3565.890141,9915.819117999998,3979,0,0,1,0,1,1,1,0,0,0,1,0,0,0,0,1,0,0,0,0,0,0,0,0,0,0,0,0,0,0,1,1,0,0,34,138,104,0.7536231884057971,3.0588235294117645,0.021739130434782608,2,59.0,0.43478260869565216,0, 1, 0, 0, 0, 0,21,2,6,3,2,4,0,15,2,3,8,3,1,1,8,10,12,1,1,1,3,6,5,11,49,22,21,2,6,3,2,4,0,15,2,3,8,3,1,1,8,10,12,1,1,1,3,6,5,11,49,22,21,2,6,3,2,4,0,15,2,3,8,3,1,1,8,10,12,1,1,1,3,6,5,11,49,22,0,0,0,0,0,0,1,0,0,0,0,0,0,1,1,104
2199,0,7234.749711999999,1757.9069109999998,5494.853365999999,1949,0,0,1,1,0,0,0,1,0,0,0,0,0,0,1,1,0,0,0,0,0,0,0,0,0,0,0,0,0,0,1,1,0,0,15,63,48,0.7619047619047619,3.2,0.015873015873015872,1,0,1.0,0, 0, 0, 0, 0, 0,4,3,2,1,1,2,4,3,1,3,5,3,1,2,1,2,3,1,2,4,5,6,6,12,20,5,4,3,2,1,1,2,4,3,1,3,5,3,1,2,1,2,3,1,2,4,5,6,6,12,20,5,4,3,2,1,1,2,4,3,1,3,5,3,1,2,1,2,3,1,2,4,5,6,6,12,20,5,0,0,0,0,0,0,1,0,0,0,0,0,0,1,1,48
2200,0,10186.300725,2549.345793,7654.965496999998,10,1,1,0,1,0,0,1,0,0,0,0,0,0,0,0,1,0,0,0,0,0,0,0,0,0,0,0,0,0,0,1,1,0,0,23,92,69,0.75,3.0,0.021739130434782608,0,0,1.0,0, 0, 0, 0, 0, 0,5,5,4,2,2,4,8,5,0,4,12,0,0,1,1,2,6,1,1,6,3,12,5,17,32,8,5,5,4,2,2,4,8,5,0,4,12,0,0,1,1,2,6,1,1,6,3,12,5,17,32,8,5,5,4,2,2,4,8,5,0,4,12,0,0,1,1,2,6,1,1,6,3,12,5,17,32,8,0,0,0,0,0,0,1,0,0,0,0,0,0,1,1,69
2202,0,18790.609292,5134.864773,13673.755083999986,4464,0,0,1,0,1,1,1,0,0,1,0,0,0,0,0,1,0,0,0,0,0,0,0,0,0,0,0,0,0,0,1,1,0,0,43,172,129,0.75,3.0,0.023255813953488372,3,50.0,0.0872093023255814,0, 0, 1, 0, 0, 0,9,1,7,9,4,8,5,14,3,9,12,7,3,4,5,9,10,1,2,7,7,12,8,20,54,19,9,1,7,9,4,8,5,14,3,9,12,7,3,4,5,9,10,1,2,7,7,12,8,20,54,19,9,1,7,9,4,8,5,14,3,9,12,7,3,4,5,9,10,1,2,7,7,12,8,20,54,19,0,0,0,0,0,0,1,0,0,0,0,0,0,1,1,129
2207,0,28884.109781,7422.778243000001,21479.34210299998,3826,0,0,1,0,1,1,1,0,0,0,0,0,0,0,0,1,0,0,0,0,0,0,0,0,0,0,0,1,0,0,1,1,0,0,67,268,201,0.75,3.0,0.014925373134328358,4,52.333333333333336,1.0,0, 0, 0, 0, 0, 0,42,22,14,0,3,5,10,11,9,3,30,0,4,6,11,7,6,0,2,16,8,24,22,46,106,13,42,22,14,0,3,5,10,11,9,3,30,0,4,6,11,7,6,0,2,16,8,24,22,46,106,13,42,22,14,0,3,5,10,11,9,3,30,0,4,6,11,7,6,0,2,16,8,24,22,46,106,13,0,0,0,0,0,0,0,0,0,1,0,1,0,1,1,201
2208,0,26482.420088999992,6721.383814000001,19779.04684,3089,0,0,1,0,1,1,1,0,0,0,0,0,0,0,1,1,0,0,0,0,0,0,0,0,0,0,0,1,0,0,1,1,0,0,61,246,185,0.7520325203252033,3.0327868852459017,0.016260162601626018,3,5.0,1.0,0, 0, 0, 0, 0, 0,32,17,12,3,3,4,8,17,7,7,16,1,5,5,12,8,6,5,2,15,12,20,18,38,92,14,32,17,12,3,3,4,8,17,7,7,16,1,5,5,12,8,6,5,2,15,12,20,18,38,92,14,32,17,12,3,3,4,8,17,7,7,16,1,5,5,12,8,6,5,2,15,12,20,18,38,92,14,0,0,0,0,0,0,0,0,0,1,0,1,0,1,1,185
2209,0,32336.095884000024,7877.131669999998,24476.974779000022,2120,0,0,1,1,0,1,1,0,0,0,0,0,1,0,0,1,0,0,0,0,0,0,0,0,0,0,0,1,0,0,1,1,0,0,72,290,218,0.7517241379310344,3.0277777777777777,0.010344827586206896,1,0,1.0,0, 0, 0, 0, 0, 0,21,22,19,5,3,3,8,19,12,12,11,0,3,13,12,14,13,5,8,15,26,27,22,49,81,27,21,22,19,5,3,3,8,19,12,12,11,0,3,13,12,14,13,5,8,15,26,27,22,49,81,27,21,22,19,5,3,3,8,19,12,12,11,0,3,13,12,14,13,5,8,15,26,27,22,49,81,27,0,0,0,0,0,0,0,0,0,1,0,1,0,1,1,218
2211,0,10565.289463999996,2545.3079660000003,8037.9920630000015,1,1,1,0,0,1,0,1,0,0,0,0,0,0,0,0,1,0,0,0,0,0,0,0,0,0,0,0,1,0,0,1,1,0,0,23,93,70,0.7526881720430108,3.0434782608695654,0.021505376344086023,0,0,1.0,0, 0, 0, 0, 0, 0,7,6,8,1,1,2,6,5,1,3,11,1,2,2,2,2,2,2,3,3,7,14,7,21,31,4,7,6,8,1,1,2,6,5,1,3,11,1,2,2,2,2,2,2,3,3,7,14,7,21,31,4,7,6,8,1,1,2,6,5,1,3,11,1,2,2,2,2,2,2,3,3,7,14,7,21,31,4,0,0,0,0,0,0,0,0,0,1,0,1,0,1,1,70
2212,0,27094.752388,6706.410451999998,20406.352501000012,282,1,0,0,0,1,1,1,0,0,0,0,0,0,0,1,1,0,0,0,0,0,0,0,0,0,0,0,1,0,0,1,1,0,0,59,238,179,0.7521008403361344,3.0338983050847457,0.02100840336134454,3,34.0,1.0,0, 0, 0, 0, 0, 0,20,15,13,3,4,9,9,11,7,10,20,3,2,6,11,7,6,7,6,10,19,22,18,40,73,13,20,15,13,3,4,9,9,11,7,10,20,3,2,6,11,7,6,7,6,10,19,22,18,40,73,13,20,15,13,3,4,9,9,11,7,10,20,3,2,6,11,7,6,7,6,10,19,22,18,40,73,13,0,0,0,0,0,0,0,0,0,1,0,1,0,1,1,179
2216,0,27181.95185599999,6600.382729999999,20599.579690999988,7294,0,0,1,0,1,1,1,0,0,0,0,0,0,0,0,1,0,0,0,0,0,0,0,0,0,0,0,0,0,0,1,1,0,0,64,258,194,0.751937984496124,3.03125,0.023255813953488372,2,102.0,0.8604651162790697,0, 0, 0, 1, 0, 0,25,12,13,10,4,4,8,17,2,13,18,7,4,5,10,12,9,2,4,15,11,21,19,40,92,21,25,12,13,10,4,4,8,17,2,13,18,7,4,5,10,12,9,2,4,15,11,21,19,40,92,21,25,12,13,10,4,4,8,17,2,13,18,7,4,5,10,12,9,2,4,15,11,21,19,40,92,21,0,0,0,0,0,0,0,0,0,0,0,0,0,0,1,194
2220,0,7693.976572000001,1795.9250639999998,5916.062073000001,517,0,0,0,1,0,0,1,0,0,0,0,0,0,0,0,1,0,0,0,0,0,0,0,0,0,0,0,0,0,0,1,1,0,0,16,66,50,0.7575757575757576,3.125,0.030303030303030304,0,0,1.0,0, 0, 0, 0, 0, 0,5,4,3,0,2,1,4,1,5,2,8,3,0,3,0,2,3,1,1,2,5,7,7,14,18,5,5,4,3,0,2,1,4,1,5,2,8,3,0,3,0,2,3,1,1,2,5,7,7,14,18,5,5,4,3,0,2,1,4,1,5,2,8,3,0,3,0,2,3,1,1,2,5,7,7,14,18,5,0,0,0,0,0,0,0,0,0,0,0,0,0,0,1,50
2221,0,9773.175923,2547.4002299999997,7243.786258,2,1,1,0,1,0,0,0,1,0,0,0,0,0,0,0,1,0,0,0,0,0,0,0,0,0,0,0,0,0,0,1,1,0,0,22,89,67,0.7528089887640449,3.0454545454545454,0.011235955056179775,0,0,1.0,0, 0, 0, 0, 0, 0,11,4,7,0,1,2,6,4,0,4,13,1,2,2,1,1,3,0,1,4,3,13,5,18,38,4,11,4,7,0,1,2,6,4,0,4,13,1,2,2,1,1,3,0,1,4,3,13,5,18,38,4,11,4,7,0,1,2,6,4,0,4,13,1,2,2,1,1,3,0,1,4,3,13,5,18,38,4,0,0,0,0,0,0,0,0,0,0,0,0,0,0,1,67
2222,0,27495.126572000012,7266.796833999999,20246.34030300001,268,1,0,0,1,0,0,1,0,0,0,0,0,0,0,0,1,0,0,0,0,0,0,0,0,0,0,0,0,0,0,1,1,0,0,60,243,183,0.7530864197530864,3.05,0.00823045267489712,1,0,1.0,0, 0, 0, 0, 0, 0,24,12,15,2,2,7,10,14,5,8,18,8,3,8,9,8,6,4,6,14,18,25,20,45,81,14,24,12,15,2,2,7,10,14,5,8,18,8,3,8,9,8,6,4,6,14,18,25,20,45,81,14,24,12,15,2,2,7,10,14,5,8,18,8,3,8,9,8,6,4,6,14,18,25,20,45,81,14,0,0,0,0,0,0,0,0,0,0,0,0,0,0,1,183
2223,0,31709.24849700002,8022.036889000001,23705.222173000013,996,0,0,0,0,1,1,1,0,0,0,0,0,0,0,0,1,0,0,0,0,0,0,0,0,0,0,0,0,0,0,1,1,0,0,74,299,225,0.7525083612040134,3.0405405405405403,0.016722408026755852,1,0,0.9230769230769231,0, 1, 0, 1, 0, 0,31,14,12,6,2,7,19,28,5,16,29,2,5,5,10,7,10,3,2,12,10,31,16,47,121,17,31,14,12,6,2,7,19,28,5,16,29,2,5,5,10,7,10,3,2,12,10,31,16,47,121,17,31,14,12,6,2,7,19,28,5,16,29,2,5,5,10,7,10,3,2,12,10,31,16,47,121,17,0,0,0,0,0,0,0,0,0,0,0,0,0,0,1,225
2224,0,6960.386426999999,1549.7116219999996,5428.685370000001,10119,0,0,1,0,1,1,1,0,0,0,0,1,0,0,0,1,0,0,0,0,0,0,0,0,0,0,0,0,0,0,1,1,0,0,16,67,51,0.7611940298507462,3.1875,0.04477611940298507,0,0,1.0,1, 0, 0, 0, 0, 0,7,2,1,3,2,1,5,3,1,4,4,2,1,0,2,6,2,1,1,3,2,6,4,10,22,8,7,2,1,3,2,1,5,3,1,4,4,2,1,0,2,6,2,1,1,3,2,6,4,10,22,8,7,2,1,3,2,1,5,3,1,4,4,2,1,0,2,6,2,1,1,3,2,6,4,10,22,8,0,0,0,0,0,0,0,0,0,0,0,0,0,0,1,51
2225,0,30336.041923000026,7280.855433000005,23073.19705500001,7887,0,0,1,0,1,1,1,0,0,0,0,0,0,0,0,1,0,0,0,0,0,0,0,0,0,0,0,1,0,0,1,1,0,0,68,274,206,0.7518248175182481,3.0294117647058822,0.014598540145985401,2,169.0,1.0,0, 0, 0, 0, 0, 0,18,16,14,6,3,5,13,19,7,11,11,4,5,13,10,16,8,3,10,14,26,27,20,47,78,24,18,16,14,6,3,5,13,19,7,11,11,4,5,13,10,16,8,3,10,14,26,27,20,47,78,24,18,16,14,6,3,5,13,19,7,11,11,4,5,13,10,16,8,3,10,14,26,27,20,47,78,24,0,0,0,0,0,0,0,0,0,1,0,1,0,1,1,206
2226,0,32114.51811300002,7857.885758,24274.642920000024,6947,0,0,1,0,1,1,1,0,0,1,0,0,0,0,1,1,0,0,0,0,0,0,0,0,0,0,0,1,0,0,1,1,0,0,73,295,222,0.752542372881356,3.041095890410959,0.020338983050847456,4,64.0,0.26440677966101694,0, 0, 1, 0, 0, 0,18,17,26,8,5,8,3,25,7,6,20,3,6,12,16,12,10,3,6,11,21,29,20,49,86,22,18,17,26,8,5,8,3,25,7,6,20,3,6,12,16,12,10,3,6,11,21,29,20,49,86,22,18,17,26,8,5,8,3,25,7,6,20,3,6,12,16,12,10,3,6,11,21,29,20,49,86,22,0,0,0,0,0,0,0,0,0,1,0,1,0,1,1,222
2227,0,19231.136941000008,4748.639186999999,14500.50831899999,5293,0,0,1,0,1,1,1,0,0,0,0,0,0,0,1,1,0,0,0,0,0,0,0,0,0,0,0,1,0,0,1,1,0,0,43,175,132,0.7542857142857143,3.0697674418604652,0.017142857142857144,0,0,1.0,0, 0, 0, 0, 0, 0,12,7,3,3,2,3,5,9,2,6,19,3,10,6,6,11,9,3,2,11,11,8,10,18,67,20,12,7,3,3,2,3,5,9,2,6,19,3,10,6,6,11,9,3,2,11,11,8,10,18,67,20,12,7,3,3,2,3,5,9,2,6,19,3,10,6,6,11,9,3,2,11,11,8,10,18,67,20,0,0,0,0,0,0,0,0,0,1,0,1,0,1,1,132
2229,0,28723.363351999997,7142.405405999997,21598.968511000025,246,1,0,0,0,1,1,1,0,0,0,0,0,0,0,0,1,0,0,0,0,0,0,0,0,0,0,0,1,0,0,1,1,0,0,62,250,188,0.752,3.032258064516129,0.012,2,1.0,1.0,0, 0, 0, 0, 0, 0,17,18,13,3,2,11,11,13,7,9,22,1,4,5,8,9,7,7,7,14,19,24,19,43,79,16,17,18,13,3,2,11,11,13,7,9,22,1,4,5,8,9,7,7,7,14,19,24,19,43,79,16,17,18,13,3,2,11,11,13,7,9,22,1,4,5,8,9,7,7,7,14,19,24,19,43,79,16,0,0,0,0,0,0,0,0,0,1,0,1,0,1,1,188
2230,0,27982.45837900001,7025.499811999998,20974.96913199999,7238,0,0,1,0,1,1,1,0,0,0,0,0,0,0,0,1,0,0,0,0,0,0,0,0,0,0,0,1,0,0,1,1,0,0,63,253,190,0.7509881422924901,3.015873015873016,0.011857707509881422,2,133.0,0.9604743083003953,0, 0, 1, 0, 0, 0,17,15,9,9,1,7,15,16,5,11,23,3,2,8,13,9,7,4,1,15,13,24,18,42,84,16,17,15,9,9,1,7,15,16,5,11,23,3,2,8,13,9,7,4,1,15,13,24,18,42,84,16,17,15,9,9,1,7,15,16,5,11,23,3,2,8,13,9,7,4,1,15,13,24,18,42,84,16,0,0,0,0,0,0,0,0,0,1,0,1,0,1,1,190
2231,0,32736.33050300005,7862.145268999996,24892.195799000012,8010,0,0,1,0,1,0,1,0,0,0,0,0,0,0,0,1,0,0,0,0,0,0,0,0,0,0,0,1,0,0,1,1,0,0,72,291,219,0.7525773195876289,3.0416666666666665,0.006872852233676976,0,0,1.0,0, 0, 0, 0, 0, 0,25,12,14,8,0,13,17,15,8,7,16,7,10,6,10,8,4,5,13,21,24,31,19,50,94,12,25,12,14,8,0,13,17,15,8,7,16,7,10,6,10,8,4,5,13,21,24,31,19,50,94,12,25,12,14,8,0,13,17,15,8,7,16,7,10,6,10,8,4,5,13,21,24,31,19,50,94,12,0,0,0,0,0,0,0,0,0,1,0,1,0,1,1,219
2234,0,23502.405586999987,5486.828992000001,18033.58715999999,11107,0,0,1,0,1,1,1,0,0,0,0,0,0,0,1,1,0,0,0,0,0,1,0,0,1,0,0,0,0,0,1,1,0,0,56,226,170,0.7522123893805309,3.0357142857142856,0.017699115044247787,2,109.0,1.0,0, 0, 0, 0, 0, 0,27,7,10,5,3,9,9,9,3,8,31,3,4,2,10,6,8,2,1,13,5,19,10,29,92,14,27,7,10,5,3,9,9,9,3,8,31,3,4,2,10,6,8,2,1,13,5,19,10,29,92,14,27,7,10,5,3,9,9,9,3,8,31,3,4,2,10,6,8,2,1,13,5,19,10,29,92,14,1,0,0,1,0,0,1,0,0,0,0,0,0,1,1,170
2235,0,5751.31006,1526.9258419999996,4242.394783000001,1929,0,0,1,1,0,0,0,1,0,0,0,0,0,0,0,1,0,0,0,0,0,1,0,0,1,0,0,0,0,0,1,1,0,0,13,52,39,0.75,3.0,0.019230769230769232,1,0,1.0,0, 0, 0, 0, 0, 0,4,1,0,1,1,1,0,5,1,5,6,1,0,3,2,0,1,1,2,4,6,0,2,2,24,1,4,1,0,1,1,1,0,5,1,5,6,1,0,3,2,0,1,1,2,4,6,0,2,2,24,1,4,1,0,1,1,1,0,5,1,5,6,1,0,3,2,0,1,1,2,4,6,0,2,2,24,1,1,0,0,1,0,0,1,0,0,0,0,0,0,1,1,39
2236,0,10227.101236000002,2719.296535,7525.8152660000005,29,1,1,0,0,1,0,0,1,0,0,0,0,0,0,0,1,0,0,0,0,0,1,0,0,1,0,0,0,0,0,1,1,0,0,22,91,69,0.7582417582417582,3.1363636363636362,0.0,0,0,1.0,0, 0, 0, 0, 0, 0,9,2,5,1,0,5,7,7,2,7,7,2,3,2,3,1,0,1,1,4,4,12,4,16,37,1,9,2,5,1,0,5,7,7,2,7,7,2,3,2,3,1,0,1,1,4,4,12,4,16,37,1,9,2,5,1,0,5,7,7,2,7,7,2,3,2,3,1,0,1,1,4,4,12,4,16,37,1,1,0,0,1,0,0,1,0,0,0,0,0,0,1,1,69
2237,0,28967.520047999988,7205.495601999998,21780.035011000014,243,1,0,0,0,1,0,0,1,0,0,0,0,0,0,1,1,0,0,0,0,0,1,0,0,1,0,0,0,0,0,1,1,0,0,62,250,188,0.752,3.032258064516129,0.004,0,0,1.0,0, 0, 0, 0, 0, 0,16,18,12,3,1,12,14,13,7,10,22,3,4,5,10,10,6,7,7,8,19,26,21,47,73,16,16,18,12,3,1,12,14,13,7,10,22,3,4,5,10,10,6,7,7,8,19,26,21,47,73,16,16,18,12,3,1,12,14,13,7,10,22,3,4,5,10,10,6,7,7,8,19,26,21,47,73,16,1,0,0,1,0,0,1,0,0,0,0,0,0,1,1,188
2238,0,29265.830425999997,7161.7133669999985,22122.127624000004,4912,0,0,1,0,1,1,1,0,0,0,0,0,0,0,0,1,0,0,0,0,0,1,0,0,1,0,0,0,0,0,1,1,0,0,66,264,198,0.75,3.0,0.022727272727272728,2,9.0,1.0,0, 0, 0, 0, 0, 0,24,16,16,8,5,7,12,16,4,13,23,5,3,6,7,6,5,1,12,9,19,28,21,49,88,11,24,16,16,8,5,7,12,16,4,13,23,5,3,6,7,6,5,1,12,9,19,28,21,49,88,11,24,16,16,8,5,7,12,16,4,13,23,5,3,6,7,6,5,1,12,9,19,28,21,49,88,11,1,0,0,1,0,0,1,0,0,0,0,0,0,1,1,198
2239,0,16716.013456,4166.299773,12567.724247999995,7638,0,0,1,1,0,0,0,1,0,0,0,0,0,0,0,1,0,0,0,0,0,1,0,0,1,0,0,0,0,0,1,1,0,0,38,153,115,0.7516339869281046,3.026315789473684,0.006535947712418301,1,0,1.0,0, 0, 0, 0, 0, 0,6,10,7,0,1,10,5,11,0,6,12,5,1,1,3,9,10,1,3,14,5,12,15,27,50,19,6,10,7,0,1,10,5,11,0,6,12,5,1,1,3,9,10,1,3,14,5,12,15,27,50,19,6,10,7,0,1,10,5,11,0,6,12,5,1,1,3,9,10,1,3,14,5,12,15,27,50,19,1,0,0,1,0,0,1,0,0,0,0,0,0,1,1,115
2243,0,16709.933489000003,4190.230371000001,12537.713682999994,7539,0,0,1,1,0,0,0,1,0,0,0,0,0,0,0,1,0,0,0,0,0,1,0,0,1,0,0,0,0,0,1,1,0,0,38,153,115,0.7516339869281046,3.026315789473684,0.006535947712418301,1,0,1.0,0, 0, 0, 0, 0, 0,7,10,7,0,1,10,5,11,0,6,12,5,1,1,3,9,9,1,3,14,5,12,15,27,51,18,7,10,7,0,1,10,5,11,0,6,12,5,1,1,3,9,9,1,3,14,5,12,15,27,51,18,7,10,7,0,1,10,5,11,0,6,12,5,1,1,3,9,9,1,3,14,5,12,15,27,51,18,1,0,0,1,0,0,1,0,0,0,0,0,0,1,1,115
2244,0,29062.62664,7094.718788,21985.918416999986,4828,0,0,1,0,1,1,1,0,0,0,0,0,0,0,0,1,0,0,0,0,0,1,0,0,1,0,0,0,0,0,1,1,0,0,66,264,198,0.75,3.0,0.022727272727272728,2,9.0,1.0,0, 0, 0, 0, 0, 0,27,17,16,10,5,6,12,14,2,13,20,3,3,8,7,10,4,1,11,9,20,28,20,48,86,14,27,17,16,10,5,6,12,14,2,13,20,3,3,8,7,10,4,1,11,9,20,28,20,48,86,14,27,17,16,10,5,6,12,14,2,13,20,3,3,8,7,10,4,1,11,9,20,28,20,48,86,14,1,0,0,1,0,0,1,0,0,0,0,0,0,1,1,198
2245,0,28928.520383999985,7165.475535999997,21781.055413000016,243,1,0,0,0,1,0,0,1,0,0,0,0,0,0,1,1,0,0,0,0,0,1,0,0,1,0,0,0,0,0,1,1,0,0,62,250,188,0.752,3.032258064516129,0.004,0,0,1.0,0, 0, 0, 0, 0, 0,16,18,13,2,1,11,14,13,7,10,22,4,4,5,10,10,6,7,7,8,19,27,22,49,73,16,16,18,13,2,1,11,14,13,7,10,22,4,4,5,10,10,6,7,7,8,19,27,22,49,73,16,16,18,13,2,1,11,14,13,7,10,22,4,4,5,10,10,6,7,7,8,19,27,22,49,73,16,1,0,0,1,0,0,1,0,0,0,0,0,0,1,1,188
2246,0,10280.145545000003,2732.2917839999996,7565.864326,29,1,1,0,0,1,0,0,1,0,0,0,0,0,0,0,1,0,0,0,0,0,1,0,0,1,0,0,0,0,0,1,1,0,0,22,91,69,0.7582417582417582,3.1363636363636362,0.0,0,0,1.0,0, 0, 0, 0, 0, 0,8,2,4,1,0,5,9,7,2,6,8,2,2,2,3,1,0,1,1,5,4,13,4,17,36,1,8,2,4,1,0,5,9,7,2,6,8,2,2,2,3,1,0,1,1,5,4,13,4,17,36,1,8,2,4,1,0,5,9,7,2,6,8,2,2,2,3,1,0,1,1,5,4,13,4,17,36,1,1,0,0,1,0,0,1,0,0,0,0,0,0,1,1,69
2247,0,5737.294409999999,1526.9258419999996,4228.379133000001,1922,0,0,1,1,0,0,0,1,0,0,0,0,0,0,0,1,0,0,0,0,0,1,0,0,1,0,0,0,0,0,1,1,0,0,13,52,39,0.75,3.0,0.019230769230769232,1,0,1.0,0, 0, 0, 0, 0, 0,3,1,0,1,1,1,0,6,1,5,6,1,0,3,2,0,1,1,2,4,6,0,2,2,24,1,3,1,0,1,1,1,0,6,1,5,6,1,0,3,2,0,1,1,2,4,6,0,2,2,24,1,3,1,0,1,1,1,0,6,1,5,6,1,0,3,2,0,1,1,2,4,6,0,2,2,24,1,1,0,0,1,0,0,1,0,0,0,0,0,0,1,1,39
2248,0,11529.978208,2814.426209,8733.562563999998,2164,0,0,1,1,0,0,0,1,0,0,0,0,0,0,0,1,0,0,0,0,0,1,0,0,1,0,0,0,0,0,1,1,0,0,26,106,80,0.7547169811320755,3.076923076923077,0.009433962264150943,0,0,1.0,0, 0, 0, 0, 0, 0,12,4,2,3,1,3,7,3,2,4,8,6,2,2,3,7,4,1,1,5,4,9,10,19,34,11,12,4,2,3,1,3,7,3,2,4,8,6,2,2,3,7,4,1,1,5,4,9,10,19,34,11,12,4,2,3,1,3,7,3,2,4,8,6,2,2,3,7,4,1,1,5,4,9,10,19,34,11,1,0,0,1,0,0,1,0,0,0,0,0,0,1,1,80
2249,0,16958.612652000003,4388.1997310000015,12588.423485999996,2477,0,0,1,0,1,0,1,0,0,0,0,0,0,0,0,1,0,0,0,0,0,1,0,0,1,0,0,0,0,0,1,1,0,0,36,145,109,0.7517241379310344,3.0277777777777777,0.013793103448275862,1,0,1.0,0, 0, 0, 0, 0, 0,13,8,5,6,1,7,8,8,2,6,10,9,5,5,0,2,5,3,3,3,11,13,17,30,45,7,13,8,5,6,1,7,8,8,2,6,10,9,5,5,0,2,5,3,3,3,11,13,17,30,45,7,13,8,5,6,1,7,8,8,2,6,10,9,5,5,0,2,5,3,3,3,11,13,17,30,45,7,1,0,0,1,0,0,1,0,0,0,0,0,0,1,1,109
2250,0,3898.9101120000005,981.476722,2935.4439549999997,9536,0,0,1,1,0,0,0,1,0,0,0,0,0,0,0,1,0,0,0,0,0,1,0,0,1,0,0,0,0,0,1,1,0,0,9,37,28,0.7567567567567568,3.111111111111111,0.02702702702702703,0,0,1.0,0, 0, 0, 0, 0, 0,6,4,1,2,1,1,1,4,0,0,0,1,2,1,0,0,1,0,0,3,1,2,5,7,15,1,6,4,1,2,1,1,1,4,0,0,0,1,2,1,0,0,1,0,0,3,1,2,5,7,15,1,6,4,1,2,1,1,1,4,0,0,0,1,2,1,0,0,1,0,0,3,1,2,5,7,15,1,1,0,0,1,0,0,1,0,0,0,0,0,0,1,1,28
2253,0,10365.161925000004,2757.287033,7625.885456999998,29,1,1,0,0,1,0,0,1,0,0,0,0,0,0,0,1,0,0,0,0,0,1,0,0,1,0,0,0,0,0,1,1,0,0,22,91,69,0.7582417582417582,3.1363636363636362,0.0,0,0,1.0,0, 0, 0, 0, 0, 0,7,2,6,1,0,5,7,5,2,7,7,2,2,2,3,3,0,1,1,6,4,13,4,17,34,3,7,2,6,1,0,5,7,5,2,7,7,2,2,2,3,3,0,1,1,6,4,13,4,17,34,3,7,2,6,1,0,5,7,5,2,7,7,2,2,2,3,3,0,1,1,6,4,13,4,17,34,3,1,0,0,1,0,0,1,0,0,0,0,0,0,1,1,69
2254,0,29056.536047999994,7251.505789999998,21823.040823000018,243,1,0,0,0,1,0,0,1,0,0,0,0,0,0,1,1,0,0,0,0,0,1,0,0,1,0,0,0,0,0,1,1,0,0,62,251,189,0.7529880478087649,3.0483870967741935,0.00398406374501992,0,0,1.0,0, 0, 0, 0, 0, 0,18,18,12,3,1,13,13,12,7,9,22,2,4,5,10,10,7,7,7,9,19,25,20,45,74,17,18,18,12,3,1,13,13,12,7,9,22,2,4,5,10,10,7,7,7,9,19,25,20,45,74,17,18,18,12,3,1,13,13,12,7,9,22,2,4,5,10,10,7,7,7,9,19,25,20,45,74,17,1,0,0,1,0,0,1,0,0,0,0,0,0,1,1,189
2256,0,29265.656576999998,7079.716433,22203.950708999997,4823,0,0,1,0,1,1,1,0,0,0,0,0,0,0,0,1,0,0,0,0,0,1,0,0,1,0,0,0,0,0,1,1,0,0,66,264,198,0.75,3.0,0.026515151515151516,2,9.0,1.0,0, 0, 0, 0, 0, 0,18,14,12,6,6,9,17,16,6,11,21,3,4,6,8,8,8,1,11,13,18,29,17,46,83,16,18,14,12,6,6,9,17,16,6,11,21,3,4,6,8,8,8,1,11,13,18,29,17,46,83,16,18,14,12,6,6,9,17,16,6,11,21,3,4,6,8,8,8,1,11,13,18,29,17,46,83,16,1,0,0,1,0,0,1,0,0,0,0,0,0,1,1,198
2259,0,17571.11396799999,4295.251152000001,13293.873381000001,5508,0,0,1,1,0,0,1,0,0,0,0,0,0,0,0,1,0,0,0,0,0,0,0,0,0,0,0,0,0,0,1,1,0,0,37,151,114,0.7549668874172185,3.081081081081081,0.013245033112582781,1,0,1.0,0, 0, 0, 0, 0, 0,4,2,8,4,2,0,12,5,1,12,8,18,3,9,8,6,6,1,4,1,14,20,20,40,33,12,4,2,8,4,2,0,12,5,1,12,8,18,3,9,8,6,6,1,4,1,14,20,20,40,33,12,4,2,8,4,2,0,12,5,1,12,8,18,3,9,8,6,6,1,4,1,14,20,20,40,33,12,0,0,0,0,0,0,0,0,0,0,0,0,0,1,1,114
2260,0,15848.872789999994,4010.85042,11856.032934999996,4890,0,0,1,0,1,1,1,0,0,0,1,0,0,0,0,1,0,0,0,0,0,0,0,0,0,0,0,0,0,0,1,1,0,0,35,141,106,0.75177304964539,3.0285714285714285,0.05673758865248227,1,0,0.46808510638297873,1, 2, 0, 1, 0, 0,5,1,6,6,3,3,4,7,2,6,12,9,1,8,4,8,10,3,2,6,13,10,10,20,37,18,5,1,6,6,3,3,4,7,2,6,12,9,1,8,4,8,10,3,2,6,13,10,10,20,37,18,5,1,6,6,3,3,4,7,2,6,12,9,1,8,4,8,10,3,2,6,13,10,10,20,37,18,0,0,0,0,0,0,0,0,0,0,0,0,0,1,1,106
2261,0,16222.039930999994,4154.911306000001,12085.13918999999,4881,0,0,1,0,1,1,1,0,0,0,1,0,0,0,0,1,0,0,0,0,0,0,0,0,0,0,0,0,0,0,1,1,0,0,36,144,108,0.75,3.0,0.05555555555555555,1,0,0.4583333333333333,1, 2, 0, 1, 0, 0,5,1,6,6,3,4,4,7,2,6,12,9,1,8,4,8,11,3,2,6,13,10,10,20,37,19,5,1,6,6,3,4,4,7,2,6,12,9,1,8,4,8,11,3,2,6,13,10,10,20,37,19,5,1,6,6,3,4,4,7,2,6,12,9,1,8,4,8,11,3,2,6,13,10,10,20,37,19,0,0,0,0,0,0,0,0,0,0,0,0,0,1,1,108
2268,0,15150.215419999986,3625.002529,11543.223456000003,4190,0,0,1,1,0,0,1,0,0,1,0,0,0,0,0,1,0,0,0,0,0,0,0,0,0,0,0,0,0,0,1,1,0,0,33,133,100,0.7518796992481203,3.0303030303030303,0.015037593984962405,0,0,0.3308270676691729,0, 0, 1, 0, 0, 0,5,4,2,6,2,1,10,3,3,13,10,12,1,3,0,8,7,0,5,5,8,12,16,28,37,15,5,4,2,6,2,1,10,3,3,13,10,12,1,3,0,8,7,0,5,5,8,12,16,28,37,15,5,4,2,6,2,1,10,3,3,13,10,12,1,3,0,8,7,0,5,5,8,12,16,28,37,15,0,0,0,0,0,0,0,0,0,0,0,0,0,1,1,100
2272,0,27459.918799999992,6862.398568999998,20615.530796,257,1,0,0,0,1,1,1,0,0,0,0,0,0,0,1,1,0,0,0,0,0,0,0,0,0,0,0,0,0,0,1,1,0,0,59,239,180,0.7531380753138075,3.0508474576271185,0.016736401673640166,0,0,1.0,0, 0, 0, 0, 0, 0,17,20,12,2,3,5,15,10,5,9,19,3,2,6,8,8,15,5,5,11,16,27,23,50,68,23,17,20,12,2,3,5,15,10,5,9,19,3,2,6,8,8,15,5,5,11,16,27,23,50,68,23,17,20,12,2,3,5,15,10,5,9,19,3,2,6,8,8,15,5,5,11,16,27,23,50,68,23,0,0,0,0,0,0,0,0,0,0,0,0,0,1,1,180
2273,0,11016.612345999998,2822.4578199999996,8212.165091,8,1,1,0,1,0,0,0,1,0,0,0,0,0,0,0,1,0,0,0,0,0,0,0,0,0,0,0,0,0,0,1,1,0,0,24,98,74,0.7551020408163265,3.0833333333333335,0.01020408163265306,0,0,1.0,0, 0, 0, 0, 0, 0,8,7,7,1,1,2,6,7,2,6,6,1,1,1,1,2,4,1,3,7,5,13,8,21,35,6,8,7,7,1,1,2,6,7,2,6,6,1,1,1,1,2,4,1,3,7,5,13,8,21,35,6,8,7,7,1,1,2,6,7,2,6,6,1,1,1,1,2,4,1,3,7,5,13,8,21,35,6,0,0,0,0,0,0,0,0,0,0,0,0,0,1,1,74
2274,0,10272.205869999998,2654.3169519999997,7635.899483,8,1,1,0,1,0,0,0,1,0,0,0,0,0,0,0,1,0,0,0,0,0,0,0,0,0,0,0,0,0,0,1,1,0,0,23,92,69,0.75,3.0,0.010869565217391304,0,0,1.0,0, 0, 0, 0, 0, 0,6,6,6,1,1,2,6,7,2,6,6,1,1,1,1,2,4,1,2,7,4,12,7,19,33,6,6,6,6,1,1,2,6,7,2,6,6,1,1,1,1,2,4,1,2,7,4,12,7,19,33,6,6,6,6,1,1,2,6,7,2,6,6,1,1,1,1,2,4,1,2,7,4,12,7,19,33,6,0,0,0,0,0,0,0,0,0,0,0,0,0,1,1,69
2275,1,7626.258445999997,1846.8367019999994,5797.432308999998,4,1,1,0,0,1,1,1,0,1,0,1,1,0,0,0,1,0,0,0,0,0,0,0,0,0,0,0,0,0,0,1,1,0,1,17,68,51,0.75,3.0,0.1323529411764706,4,16.333333333333332,0.11764705882352941,1, 3, 0, 0, 2, 1,3,3,1,1,9,1,4,2,4,1,1,1,2,0,7,1,3,0,4,3,4,5,4,9,12,4,3,3,1,1,9,1,4,2,4,1,1,1,2,0,7,1,3,0,4,3,4,5,4,9,12,4,3,3,1,1,9,1,4,2,4,1,1,1,2,0,7,1,3,0,4,3,4,5,4,9,12,4,0,0,0,0,0,0,0,0,0,0,0,0,0,1,1,51
2276,0,17896.363273999992,4345.373454999999,13569.000383999997,1972,0,0,1,0,1,0,1,0,0,0,0,0,0,0,0,1,0,0,0,0,0,0,0,0,0,0,0,0,0,0,1,1,0,0,40,162,122,0.7530864197530864,3.05,0.012345679012345678,2,75.0,1.0,0, 0, 0, 0, 0, 0,13,10,4,2,1,3,6,8,4,3,10,5,6,8,7,7,9,0,4,12,12,10,15,25,52,16,13,10,4,2,1,3,6,8,4,3,10,5,6,8,7,7,9,0,4,12,12,10,15,25,52,16,13,10,4,2,1,3,6,8,4,3,10,5,6,8,7,7,9,0,4,12,12,10,15,25,52,16,0,0,0,0,0,0,0,0,0,0,0,0,0,1,1,122
2277,0,14455.153408999995,3422.8060599999994,11050.357913999995,5368,0,0,1,1,0,0,1,0,0,0,0,0,0,0,0,1,0,0,0,0,0,0,0,0,0,0,0,0,0,0,1,1,0,0,33,134,101,0.753731343283582,3.0606060606060606,0.014925373134328358,1,0,1.0,0, 0, 0, 0, 0, 0,8,3,9,7,2,5,4,6,1,6,3,3,2,2,8,3,11,2,4,12,8,13,6,19,37,14,8,3,9,7,2,5,4,6,1,6,3,3,2,2,8,3,11,2,4,12,8,13,6,19,37,14,8,3,9,7,2,5,4,6,1,6,3,3,2,2,8,3,11,2,4,12,8,13,6,19,37,14,0,0,0,0,0,0,0,0,0,0,0,0,0,1,1,101
2278,0,26629.25539500003,6546.352187999998,20100.913772000007,14251,0,0,1,0,1,1,1,0,0,0,0,0,1,0,0,1,0,0,0,0,0,0,0,0,0,0,0,0,0,0,1,1,0,0,63,254,191,0.7519685039370079,3.0317460317460316,0.011811023622047244,1,0,1.0,0, 0, 0, 0, 0, 0,32,7,6,10,2,8,11,20,6,10,11,4,3,5,17,8,11,5,6,9,16,17,11,28,85,19,32,7,6,10,2,8,11,20,6,10,11,4,3,5,17,8,11,5,6,9,16,17,11,28,85,19,32,7,6,10,2,8,11,20,6,10,11,4,3,5,17,8,11,5,6,9,16,17,11,28,85,19,0,0,0,0,0,0,0,0,0,0,0,0,0,1,1,191
2279,0,6538.2709939999995,1747.9297729999996,4808.351786000002,16408,0,0,1,0,1,1,1,0,0,0,0,0,0,0,0,1,0,0,0,0,0,0,0,0,0,0,0,0,0,0,1,1,0,0,15,60,45,0.75,3.0,0.05,2,14.0,1.0,0, 0, 0, 0, 0, 1,9,6,1,4,2,0,0,2,1,1,2,0,1,0,1,3,9,1,1,1,2,1,6,7,16,12,9,6,1,4,2,0,0,2,1,1,2,0,1,0,1,3,9,1,1,1,2,1,6,7,16,12,9,6,1,4,2,0,0,2,1,1,2,0,1,0,1,3,9,1,1,1,2,1,6,7,16,12,0,0,0,0,0,0,0,0,0,0,0,0,0,1,1,45
2281,0,7427.567592,1774.8195929999995,5670.758564000001,16591,0,0,1,1,0,0,1,0,0,0,0,0,0,0,0,1,0,0,0,0,0,0,0,0,0,0,0,0,0,0,1,1,0,0,18,72,54,0.75,3.0,0.027777777777777776,1,0,1.0,0, 0, 0, 0, 0, 0,7,5,1,4,2,0,1,4,0,3,3,0,3,0,3,6,8,1,1,2,2,2,5,7,22,14,7,5,1,4,2,0,1,4,0,3,3,0,3,0,3,6,8,1,1,2,2,2,5,7,22,14,7,5,1,4,2,0,1,4,0,3,3,0,3,0,3,6,8,1,1,2,2,2,5,7,22,14,0,0,0,0,0,0,0,0,0,0,0,0,0,1,1,54
2282,0,6961.532881000001,1729.7867149999997,5249.756731,7242,0,0,1,0,1,0,1,0,0,0,0,0,0,0,0,1,0,0,0,0,0,0,0,0,0,0,0,0,0,0,1,1,0,0,16,67,51,0.7611940298507462,3.1875,0.029850746268656716,1,0,1.0,0, 0, 0, 0, 0, 0,5,0,6,0,2,0,1,4,1,2,8,6,0,1,4,4,5,0,0,2,1,7,6,13,21,9,5,0,6,0,2,0,1,4,1,2,8,6,0,1,4,4,5,0,0,2,1,7,6,13,21,9,5,0,6,0,2,0,1,4,1,2,8,6,0,1,4,4,5,0,0,2,1,7,6,13,21,9,0,0,0,0,0,0,0,0,0,0,0,0,0,0,1,51
2284,0,21680.693773000003,5326.843282000002,16371.861056000012,2552,0,0,1,1,0,0,1,0,1,0,0,0,0,0,0,1,0,0,0,0,0,0,0,0,0,0,0,0,0,0,1,1,0,0,53,215,162,0.7534883720930232,3.056603773584906,0.009302325581395349,1,0,0.6325581395348837,0, 0, 0, 0, 1, 0,29,5,16,3,2,2,3,13,2,4,8,1,1,5,17,16,12,3,5,15,13,19,6,25,70,28,29,5,16,3,2,2,3,13,2,4,8,1,1,5,17,16,12,3,5,15,13,19,6,25,70,28,29,5,16,3,2,2,3,13,2,4,8,1,1,5,17,16,12,3,5,15,13,19,6,25,70,28,0,0,0,0,0,0,0,0,0,0,0,0,0,0,1,162
2286,0,17146.697469000006,3972.067325,13192.640709000001,881,0,0,0,0,1,1,1,0,0,0,0,0,0,0,0,1,0,0,0,0,0,0,0,0,0,0,0,0,0,0,1,1,0,0,41,167,126,0.7544910179640718,3.073170731707317,0.017964071856287425,3,65.5,1.0,0, 0, 0, 0, 0, 0,16,8,8,3,2,0,8,14,2,1,10,4,1,5,11,4,13,1,3,12,9,16,12,28,54,17,16,8,8,3,2,0,8,14,2,1,10,4,1,5,11,4,13,1,3,12,9,16,12,28,54,17,16,8,8,3,2,0,8,14,2,1,10,4,1,5,11,4,13,1,3,12,9,16,12,28,54,17,0,0,0,0,0,0,0,0,0,0,0,0,0,0,1,126
2288,0,26641.309554999985,6882.392235999998,19776.927884,324,1,0,0,0,1,1,1,0,0,0,0,0,0,0,1,1,0,0,0,0,0,0,0,0,0,0,0,0,0,0,1,1,0,0,58,232,174,0.75,3.0,0.017241379310344827,0,0,1.0,0, 0, 0, 0, 0, 0,25,19,14,2,4,4,15,8,5,9,17,2,2,6,9,8,6,6,4,9,16,29,21,50,70,14,25,19,14,2,4,4,15,8,5,9,17,2,2,6,9,8,6,6,4,9,16,29,21,50,70,14,25,19,14,2,4,4,15,8,5,9,17,2,2,6,9,8,6,6,4,9,16,29,21,50,70,14,0,0,0,0,0,0,0,0,0,0,0,0,0,0,1,174
2289,0,31840.222127000015,7739.921191000001,24118.311501000004,1027,0,0,1,0,1,1,1,0,0,0,0,1,0,0,0,1,0,0,0,0,0,0,0,0,0,0,0,0,0,0,1,1,0,1,73,295,222,0.752542372881356,3.041095890410959,0.030508474576271188,5,93.75,0.9220338983050848,1, 1, 0, 1, 0, 1,18,20,17,3,6,5,14,21,6,6,34,3,4,3,12,10,20,1,5,14,9,31,23,54,97,30,18,20,17,3,6,5,14,21,6,6,34,3,4,3,12,10,20,1,5,14,9,31,23,54,97,30,18,20,17,3,6,5,14,21,6,6,34,3,4,3,12,10,20,1,5,14,9,31,23,54,97,30,0,0,0,0,0,0,0,0,0,0,0,0,0,0,1,222
2292,0,7037.495340999999,1705.903263,5349.602642999999,8714,0,0,1,0,1,1,1,0,0,0,0,0,0,0,0,1,0,0,0,0,0,0,0,0,0,0,0,0,0,0,1,1,0,0,17,69,52,0.7536231884057971,3.0588235294117645,0.043478260869565216,2,8.0,1.0,0, 0, 0, 0, 0, 0,15,2,0,0,3,1,0,2,1,1,4,1,4,1,3,4,5,3,0,2,4,0,3,3,28,9,15,2,0,0,3,1,0,2,1,1,4,1,4,1,3,4,5,3,0,2,4,0,3,3,28,9,15,2,0,0,3,1,0,2,1,1,4,1,4,1,3,4,5,3,0,2,4,0,3,3,28,9,0,0,0,0,0,0,0,0,0,0,0,0,0,0,1,52
2293,0,8248.874326999998,1778.7933790000004,6488.091512999999,6049,0,0,1,1,0,1,1,0,0,1,1,0,0,0,0,1,0,0,0,0,0,0,0,0,0,0,0,0,0,0,1,1,0,1,18,75,57,0.76,3.1666666666666665,0.04,0,0,0.5333333333333333,0, 1, 0, 0, 0, 1,6,4,2,1,3,3,6,4,1,1,8,0,1,3,3,3,3,2,2,1,7,8,4,12,21,6,6,4,2,1,3,3,6,4,1,1,8,0,1,3,3,3,3,2,2,1,7,8,4,12,21,6,6,4,2,1,3,3,6,4,1,1,8,0,1,3,3,3,3,2,2,1,7,8,4,12,21,6,0,0,0,0,0,0,0,0,0,0,0,0,0,0,1,57
2295,0,29085.464207999994,7205.500310999999,21897.974462000017,4968,0,0,1,0,1,1,1,0,0,0,0,0,0,0,0,1,0,0,0,0,0,0,0,0,0,0,0,0,0,0,1,1,0,0,62,250,188,0.752,3.032258064516129,0.012,0,0,1.0,0, 0, 0, 0, 0, 0,17,19,14,3,2,8,15,10,7,11,18,4,5,5,8,11,7,7,7,10,19,29,23,52,71,18,17,19,14,3,2,8,15,10,7,11,18,4,5,5,8,11,7,7,7,10,19,29,23,52,71,18,17,19,14,3,2,8,15,10,7,11,18,4,5,5,8,11,7,7,7,10,19,29,23,52,71,18,0,0,0,0,0,0,0,0,0,0,0,0,0,0,1,188
2296,0,10687.488674999999,2822.340767,7883.158473000002,32,1,1,0,0,1,0,1,0,0,0,0,0,0,0,0,1,0,0,0,0,0,0,0,0,0,0,0,0,0,0,1,1,0,0,24,96,72,0.75,3.0,0.020833333333333332,0,0,1.0,0, 0, 0, 0, 0, 0,8,3,4,3,1,3,5,6,3,6,8,5,0,1,1,3,4,1,2,5,4,9,8,17,33,7,8,3,4,3,1,3,5,6,3,6,8,5,0,1,1,3,4,1,2,5,4,9,8,17,33,7,8,3,4,3,1,3,5,6,3,6,8,5,0,1,1,3,4,1,2,5,4,9,8,17,33,7,0,0,0,0,0,0,0,0,0,0,0,0,0,0,1,72
2297,0,3494.845817000001,973.4691369999999,2539.387245,17,1,1,0,1,0,0,0,1,0,0,0,0,0,0,0,1,0,0,0,0,0,0,0,0,0,0,0,0,0,0,1,1,0,0,8,32,24,0.75,3.0,0.03125,1,0,1.0,0, 0, 0, 0, 0, 0,2,1,0,0,1,0,0,4,0,1,7,0,0,0,0,2,2,1,2,1,3,0,1,1,15,4,2,1,0,0,1,0,0,4,0,1,7,0,0,0,0,2,2,1,2,1,3,0,1,1,15,4,2,1,0,0,1,0,0,4,0,1,7,0,0,0,0,2,2,1,2,1,3,0,1,1,15,4,0,0,0,0,0,0,0,0,0,0,0,0,0,0,1,24
2298,0,18945.25003599999,4747.536589999999,14215.724010999991,85,1,1,0,1,0,0,0,1,0,0,0,0,0,0,0,1,0,0,0,0,0,0,0,0,0,0,0,0,0,0,1,1,0,0,41,167,126,0.7544910179640718,3.073170731707317,0.005988023952095809,0,0,1.0,0, 0, 0, 0, 0, 0,10,9,3,3,1,3,4,11,4,6,26,3,5,6,4,7,6,6,1,8,13,7,12,19,66,13,10,9,3,3,1,3,4,11,4,6,26,3,5,6,4,7,6,6,1,8,13,7,12,19,66,13,10,9,3,3,1,3,4,11,4,6,26,3,5,6,4,7,6,6,1,8,13,7,12,19,66,13,0,0,0,0,0,0,0,0,0,0,0,0,0,0,1,126
2299,0,30488.071398999986,7475.911475999999,23030.17048799999,1662,0,0,1,0,1,1,1,0,0,0,0,0,0,0,0,1,0,0,0,0,0,0,0,0,0,0,0,0,0,0,1,1,0,0,70,281,211,0.7508896797153025,3.0142857142857142,0.017793594306049824,3,104.0,1.0,0, 0, 0, 0, 0, 0,28,18,9,8,4,17,8,17,9,9,37,1,2,3,12,8,7,3,3,8,9,17,19,36,101,15,28,18,9,8,4,17,8,17,9,9,37,1,2,3,12,8,7,3,3,8,9,17,19,36,101,15,28,18,9,8,4,17,8,17,9,9,37,1,2,3,12,8,7,3,3,8,9,17,19,36,101,15,0,0,0,0,0,0,0,0,0,0,0,0,0,0,1,211
2301,0,23467.815363000005,5981.02125,17504.804678000008,8933,0,0,1,1,0,1,1,0,0,0,0,0,0,0,0,1,0,0,0,0,0,0,0,0,0,0,0,0,0,0,1,1,0,0,53,212,159,0.75,3.0,0.014150943396226415,1,0,0.47641509433962265,0, 0, 0, 1, 0, 0,14,8,8,6,3,10,8,14,6,14,16,5,9,4,6,8,8,0,5,7,9,16,13,29,74,16,14,8,8,6,3,10,8,14,6,14,16,5,9,4,6,8,8,0,5,7,9,16,13,29,74,16,14,8,8,6,3,10,8,14,6,14,16,5,9,4,6,8,8,0,5,7,9,16,13,29,74,16,0,0,0,0,0,0,0,0,0,0,0,0,0,0,1,159
2303,0,11014.853868000002,2714.585389,8318.279043999999,4,1,1,0,1,0,0,0,1,0,0,0,0,0,0,0,1,0,0,0,0,0,0,0,0,0,0,0,0,0,0,1,1,0,0,24,98,74,0.7551020408163265,3.0833333333333335,0.01020408163265306,0,0,1.0,0, 0, 0, 0, 0, 0,9,5,8,1,1,4,5,3,0,5,9,2,0,3,3,4,2,2,2,6,7,13,7,20,32,6,9,5,8,1,1,4,5,3,0,5,9,2,0,3,3,4,2,2,2,6,7,13,7,20,32,6,9,5,8,1,1,4,5,3,0,5,9,2,0,3,3,4,2,2,2,6,7,13,7,20,32,6,0,0,0,0,0,0,0,0,0,0,0,0,0,0,1,74
2304,0,28082.100873,7102.534069999998,20997.577368000002,289,1,0,0,0,1,1,1,0,0,0,0,0,0,0,0,1,0,0,0,0,0,0,0,0,0,0,0,0,0,0,1,1,0,0,63,252,189,0.75,3.0,0.011904761904761904,0,0,1.0,0, 0, 0, 0, 0, 0,32,13,14,2,2,7,13,10,4,9,20,6,4,9,9,9,8,4,7,7,20,27,19,46,82,17,32,13,14,2,2,7,13,10,4,9,20,6,4,9,9,9,8,4,7,7,20,27,19,46,82,17,32,13,14,2,2,7,13,10,4,9,20,6,4,9,9,9,8,4,7,7,20,27,19,46,82,17,0,0,0,0,0,0,0,0,0,0,0,0,0,0,1,189
2305,0,3592.9084350000007,961.5531410000001,2649.3658590000005,2136,0,0,1,1,0,0,0,1,0,0,0,0,0,0,1,1,0,0,0,0,0,0,0,0,0,0,0,0,0,0,1,1,0,0,7,31,24,0.7741935483870968,3.4285714285714284,0.03225806451612903,0,0,1.0,0, 0, 0, 0, 0, 0,3,1,0,0,1,1,2,1,0,2,1,2,1,1,3,1,2,0,1,1,2,2,3,5,9,3,3,1,0,0,1,1,2,1,0,2,1,2,1,1,3,1,2,0,1,1,2,2,3,5,9,3,3,1,0,0,1,1,2,1,0,2,1,2,1,1,3,1,2,0,1,1,2,2,3,5,9,3,0,0,0,0,0,0,0,0,0,0,0,0,0,0,1,24
2306,0,20610.39946699999,5002.547346999999,15625.862684999996,2398,0,0,1,1,0,0,1,0,0,1,0,0,0,0,0,1,0,0,0,0,0,0,0,0,0,0,0,0,0,0,1,1,0,0,46,186,140,0.7526881720430108,3.0434782608695654,0.010752688172043012,0,0,0.24731182795698925,0, 0, 1, 0, 0, 0,19,7,7,7,2,4,6,10,0,6,8,10,3,4,8,7,9,8,6,9,18,13,17,30,55,16,19,7,7,7,2,4,6,10,0,6,8,10,3,4,8,7,9,8,6,9,18,13,17,30,55,16,19,7,7,7,2,4,6,10,0,6,8,10,3,4,8,7,9,8,6,9,18,13,17,30,55,16,0,0,0,0,0,0,0,0,0,0,0,0,0,0,1,140
2307,0,32625.852498,7773.993581999997,24869.869480999998,2955,0,0,1,0,1,0,1,0,0,0,0,0,0,0,0,1,0,0,0,0,0,0,0,0,0,0,0,0,0,0,1,1,0,0,74,297,223,0.7508417508417509,3.0135135135135136,0.006734006734006734,1,0,1.0,0, 0, 0, 0, 0, 0,19,14,11,11,1,5,14,14,4,15,18,13,9,2,11,10,20,3,10,19,15,25,27,52,94,30,19,14,11,11,1,5,14,14,4,15,18,13,9,2,11,10,20,3,10,19,15,25,27,52,94,30,19,14,11,11,1,5,14,14,4,15,18,13,9,2,11,10,20,3,10,19,15,25,27,52,94,30,0,0,0,0,0,0,0,0,0,0,0,0,0,0,1,223
2308,0,18802.154869,4563.480830999999,14256.684603000012,3820,0,0,1,1,0,1,1,0,0,0,1,0,0,0,0,1,0,0,0,0,0,0,0,0,0,0,0,0,0,0,1,1,0,0,43,174,131,0.7528735632183908,3.046511627906977,0.022988505747126436,0,0,0.5689655172413793,0, 1, 0, 0, 0, 0,16,7,12,7,4,2,5,14,4,2,6,8,3,3,6,7,6,1,10,8,14,17,15,32,49,13,16,7,12,7,4,2,5,14,4,2,6,8,3,3,6,7,6,1,10,8,14,17,15,32,49,13,16,7,12,7,4,2,5,14,4,2,6,8,3,3,6,7,6,1,10,8,14,17,15,32,49,13,0,0,0,0,0,0,0,0,0,0,0,0,0,0,1,131
2311,0,28150.687556999997,7119.661701,21049.036421000004,271,1,0,0,0,1,0,1,0,0,0,0,0,0,0,0,1,0,0,0,0,0,0,0,0,0,0,0,0,0,0,1,1,0,0,62,250,188,0.752,3.032258064516129,0.008,0,0,1.0,0, 0, 0, 0, 0, 0,27,16,13,2,1,6,11,9,7,8,24,6,2,8,8,10,8,4,5,13,17,24,22,46,83,18,27,16,13,2,1,6,11,9,7,8,24,6,2,8,8,10,8,4,5,13,17,24,22,46,83,18,27,16,13,2,1,6,11,9,7,8,24,6,2,8,8,10,8,4,5,13,17,24,22,46,83,18,0,0,0,0,0,0,0,0,0,0,0,0,0,0,1,188
2312,0,32468.451374000015,8108.095265000004,24378.366674000004,1020,0,0,1,0,1,0,1,0,0,0,0,0,0,0,0,1,0,0,0,0,0,0,0,0,0,0,0,0,0,0,1,1,0,0,74,299,225,0.7525083612040134,3.0405405405405403,0.006688963210702341,2,1.0,1.0,0, 0, 0, 0, 0, 0,19,12,16,5,1,11,11,20,9,12,29,3,6,9,13,18,13,2,3,13,14,27,15,42,99,31,19,12,16,5,1,11,11,20,9,12,29,3,6,9,13,18,13,2,3,13,14,27,15,42,99,31,19,12,16,5,1,11,11,20,9,12,29,3,6,9,13,18,13,2,3,13,14,27,15,42,99,31,0,0,0,0,0,0,0,0,0,0,0,0,0,0,1,225
2314,0,32574.19233600005,7781.064951999996,24811.13794900001,7980,0,0,1,0,1,0,1,0,0,0,0,0,0,0,0,1,0,0,0,0,0,0,0,0,0,0,0,1,0,0,1,1,0,0,72,291,219,0.7525773195876289,3.0416666666666665,0.006872852233676976,0,0,1.0,0, 0, 0, 0, 0, 0,26,12,15,7,0,13,16,15,8,7,16,7,10,6,9,10,3,5,13,21,24,31,19,50,95,13,26,12,15,7,0,13,16,15,8,7,16,7,10,6,9,10,3,5,13,21,24,31,19,50,95,13,26,12,15,7,0,13,16,15,8,7,16,7,10,6,9,10,3,5,13,21,24,31,19,50,95,13,0,0,0,0,0,0,0,0,0,1,0,1,0,1,1,219
2315,0,27971.421950000018,7032.5321159999985,20956.900398999995,7208,0,0,1,0,1,1,1,0,0,0,0,0,0,0,0,1,0,0,0,0,0,0,0,0,0,0,0,1,0,0,1,1,0,0,63,253,190,0.7509881422924901,3.015873015873016,0.011857707509881422,2,133.0,0.9604743083003953,0, 0, 1, 0, 0, 0,18,17,10,10,1,7,14,16,3,11,21,2,3,8,14,9,6,4,1,15,13,24,19,43,84,15,18,17,10,10,1,7,14,16,3,11,21,2,3,8,14,9,6,4,1,15,13,24,19,43,84,15,18,17,10,10,1,7,14,16,3,11,21,2,3,8,14,9,6,4,1,15,13,24,19,43,84,15,0,0,0,0,0,0,0,0,0,1,0,1,0,1,1,190
2317,0,28679.325904,7111.399592999997,21585.936876000018,246,1,0,0,0,1,1,1,0,0,0,0,0,0,0,0,1,0,0,0,0,0,0,0,0,0,0,0,1,0,0,1,1,0,0,62,250,188,0.752,3.032258064516129,0.012,3,50.5,1.0,0, 0, 0, 0, 0, 0,19,18,13,3,2,10,12,12,7,9,22,1,4,5,8,9,7,7,7,13,19,25,19,44,79,16,19,18,13,3,2,10,12,12,7,9,22,1,4,5,8,9,7,7,7,13,19,25,19,44,79,16,19,18,13,3,2,10,12,12,7,9,22,1,4,5,8,9,7,7,7,13,19,25,19,44,79,16,0,0,0,0,0,0,0,0,0,1,0,1,0,1,1,188
2322,0,16994.767254000002,4496.346072999999,12516.431745999998,5753,0,0,1,1,0,1,1,0,0,0,0,0,0,0,0,1,0,0,0,0,0,0,0,0,0,0,0,0,0,0,1,1,0,0,39,156,117,0.75,3.0,0.019230769230769232,0,0,1.0,0, 0, 0, 0, 0, 0,18,9,2,3,3,2,6,10,4,1,14,3,6,6,8,5,6,0,2,9,8,8,12,20,58,11,18,9,2,3,3,2,6,10,4,1,14,3,6,6,8,5,6,0,2,9,8,8,12,20,58,11,18,9,2,3,3,2,6,10,4,1,14,3,6,6,8,5,6,0,2,9,8,8,12,20,58,11,0,0,0,0,0,0,0,0,0,0,0,0,0,0,1,117
2326,0,4294.039975,1086.487822,3225.562718,342,1,0,0,0,1,0,1,0,0,0,0,0,0,0,1,1,0,0,0,0,0,0,0,0,0,0,0,0,0,0,1,1,0,0,9,38,29,0.7631578947368421,3.2222222222222223,0.05263157894736842,1,0,1.0,0, 0, 0, 0, 0, 0,3,2,1,0,1,0,1,3,0,0,1,0,1,1,1,0,5,1,3,5,5,2,2,4,13,5,3,2,1,0,1,0,1,3,0,0,1,0,1,1,1,0,5,1,3,5,5,2,2,4,13,5,3,2,1,0,1,0,1,3,0,0,1,0,1,1,1,0,5,1,3,5,5,2,2,4,13,5,0,0,0,0,0,0,0,0,0,0,0,0,0,0,1,29
2327,0,10663.519006000002,2800.313977,7881.215593999998,10,1,1,0,1,0,0,0,1,0,0,0,0,0,0,1,1,0,0,0,0,0,0,0,0,0,0,0,0,0,0,1,1,0,0,23,95,72,0.7578947368421053,3.130434782608696,0.010526315789473684,1,0,1.0,0, 0, 0, 0, 0, 0,10,4,2,2,1,2,8,6,2,6,7,6,0,1,3,2,3,1,2,4,4,10,10,20,33,5,10,4,2,2,1,2,8,6,2,6,7,6,0,1,3,2,3,1,2,4,4,10,10,20,33,5,10,4,2,2,1,2,8,6,2,6,7,6,0,1,3,2,3,1,2,4,4,10,10,20,33,5,0,0,0,0,0,0,0,0,0,0,0,0,0,0,1,72
2328,0,18435.054825999992,4742.574768999999,13710.490621999996,31,1,1,0,1,0,0,0,1,0,0,0,0,0,0,0,1,0,0,0,0,0,0,0,0,0,0,0,0,0,0,1,1,0,0,42,168,126,0.75,3.0,0.005952380952380952,1,0,1.0,0, 0, 0, 0, 0, 0,14,9,3,2,1,1,5,12,4,9,18,3,3,6,5,7,7,4,1,12,11,8,12,20,68,14,14,9,3,2,1,1,5,12,4,9,18,3,3,6,5,7,7,4,1,12,11,8,12,20,68,14,14,9,3,2,1,1,5,12,4,9,18,3,3,6,5,7,7,4,1,12,11,8,12,20,68,14,0,0,0,0,0,0,0,0,0,0,0,0,0,0,1,126
2329,0,27315.557711000023,6730.599600999998,20602.968675000004,1620,0,0,1,1,0,1,1,0,0,1,0,0,0,0,0,1,0,0,0,0,0,0,0,0,0,0,0,0,0,0,1,1,0,0,64,259,195,0.752895752895753,3.046875,0.011583011583011582,1,0,0.40540540540540543,0, 0, 1, 0, 0, 0,26,24,15,3,3,1,5,23,6,12,19,2,4,2,7,9,9,1,3,21,6,20,26,46,105,18,26,24,15,3,3,1,5,23,6,12,19,2,4,2,7,9,9,1,3,21,6,20,26,46,105,18,26,24,15,3,3,1,5,23,6,12,19,2,4,2,7,9,9,1,3,21,6,20,26,46,105,18,0,0,0,0,0,0,0,0,0,0,0,0,0,0,1,195
2332,0,7297.692841999999,1655.8478590000002,5659.855548,10439,0,0,1,1,0,0,0,1,0,0,0,0,0,0,0,1,0,0,0,0,0,0,0,0,0,1,0,0,1,0,1,1,0,0,16,67,51,0.7611940298507462,3.1875,0.014925373134328358,0,0,1.0,0, 0, 0, 0, 0, 0,3,3,3,1,1,4,2,5,2,3,7,0,1,1,2,2,5,0,3,3,4,5,3,8,22,7,3,3,3,1,1,4,2,5,2,3,7,0,1,1,2,2,5,0,3,3,4,5,3,8,22,7,3,3,3,1,1,4,2,5,2,3,7,0,1,1,2,2,5,0,3,3,4,5,3,8,22,7,0,0,0,0,0,0,0,1,0,0,1,0,0,0,1,51
2333,0,30372.170614000006,7447.666548999999,22942.514630000005,9606,0,0,1,1,0,0,1,0,0,0,0,0,0,0,0,1,0,0,0,0,0,0,0,0,0,1,0,0,1,0,1,1,0,0,69,278,209,0.7517985611510791,3.028985507246377,0.007194244604316547,0,0,1.0,0, 0, 0, 0, 0, 0,22,16,14,7,2,3,12,17,7,9,23,3,9,5,14,14,7,3,7,15,15,26,19,45,95,21,22,16,14,7,2,3,12,17,7,9,23,3,9,5,14,14,7,3,7,15,15,26,19,45,95,21,22,16,14,7,2,3,12,17,7,9,23,3,9,5,14,14,7,3,7,15,15,26,19,45,95,21,0,0,0,0,0,0,0,1,0,0,1,0,0,0,1,209
2335,0,10981.939569999999,2607.500654,8392.449481,4,1,1,0,0,1,0,0,1,0,0,0,0,0,0,0,1,0,0,0,0,0,0,0,0,0,1,0,0,1,0,1,1,0,0,24,99,75,0.7575757575757576,3.125,0.0,0,0,1.0,0, 0, 0, 0, 0, 0,10,5,6,1,0,3,10,3,0,7,9,4,2,4,3,2,1,0,0,5,4,16,9,25,36,3,10,5,6,1,0,3,10,3,0,7,9,4,2,4,3,2,1,0,0,5,4,16,9,25,36,3,10,5,6,1,0,3,10,3,0,7,9,4,2,4,3,2,1,0,0,5,4,16,9,25,36,3,0,0,0,0,0,0,0,1,0,0,1,0,0,0,1,75
2336,0,27969.134520999993,7315.726917000001,20671.418169000004,292,1,0,0,0,1,1,1,0,0,0,0,0,0,0,0,1,0,0,0,0,0,0,0,0,0,1,0,0,1,0,1,1,0,0,62,251,189,0.7529880478087649,3.0483870967741935,0.01593625498007968,1,0,1.0,0, 0, 0, 0, 0, 0,26,12,18,5,2,3,10,16,6,6,22,8,3,8,8,9,7,4,5,11,17,28,20,48,84,16,26,12,18,5,2,3,10,16,6,6,22,8,3,8,8,9,7,4,5,11,17,28,20,48,84,16,26,12,18,5,2,3,10,16,6,6,22,8,3,8,8,9,7,4,5,11,17,28,20,48,84,16,0,0,0,0,0,0,0,1,0,0,1,0,0,0,1,189
2337,0,33145.23457200001,8183.444046999999,24979.801090000023,4076,0,0,1,1,0,1,1,0,0,0,0,0,0,0,1,1,0,0,0,0,0,0,0,0,0,1,0,0,1,0,1,1,0,0,74,297,223,0.7508417508417509,3.0135135135135136,0.010101010101010102,0,0,1.0,0, 0, 0, 0, 0, 0,16,18,17,4,3,8,13,21,5,19,18,7,5,9,13,10,8,3,9,17,21,30,25,55,96,18,16,18,17,4,3,8,13,21,5,19,18,7,5,9,13,10,8,3,9,17,21,30,25,55,96,18,16,18,17,4,3,8,13,21,5,19,18,7,5,9,13,10,8,3,9,17,21,30,25,55,96,18,0,0,0,0,0,0,0,1,0,0,1,0,0,0,1,223
2340,0,5303.6102230000015,1306.6447319999997,4014.976056000001,5823,0,0,1,0,1,1,1,0,0,0,0,0,0,0,0,1,0,0,0,0,0,0,0,0,0,1,0,0,1,0,1,1,0,0,11,46,35,0.7608695652173914,3.1818181818181817,0.06521739130434782,0,0,1.0,0, 0, 0, 0, 0, 0,1,2,1,1,2,0,2,3,2,5,2,1,0,1,2,3,2,0,4,1,5,3,3,6,12,5,1,2,1,1,2,0,2,3,2,5,2,1,0,1,2,3,2,0,4,1,5,3,3,6,12,5,1,2,1,1,2,0,2,3,2,5,2,1,0,1,2,3,2,0,4,1,5,3,3,6,12,5,0,0,0,0,0,0,0,1,0,0,1,0,0,0,1,35
2342,0,29589.31931700001,7504.132572,22103.19731000001,8188,0,0,1,0,1,0,1,0,0,0,0,0,0,0,0,1,0,0,0,0,0,0,0,0,0,0,0,0,0,0,1,1,0,0,67,268,201,0.75,3.0,0.007462686567164179,0,0,1.0,0, 0, 0, 0, 0, 0,38,22,12,2,0,8,10,18,10,5,21,1,2,5,14,9,6,6,8,4,19,22,23,45,88,15,38,22,12,2,0,8,10,18,10,5,21,1,2,5,14,9,6,6,8,4,19,22,23,45,88,15,38,22,12,2,0,8,10,18,10,5,21,1,2,5,14,9,6,6,8,4,19,22,23,45,88,15,0,0,0,0,0,0,0,0,0,0,0,0,0,0,1,201
2343,0,21300.739564000003,5294.6620299999995,16024.088099,7595,0,0,1,0,1,1,1,0,0,0,0,0,0,0,0,1,0,0,0,0,0,0,0,0,0,0,0,0,0,0,1,1,0,0,49,198,149,0.7525252525252525,3.0408163265306123,0.025252525252525252,7,30.5,1.0,0, 0, 0, 0, 0, 0,22,11,10,4,2,8,9,10,4,1,17,2,2,4,13,7,8,2,2,11,8,19,13,32,63,15,22,11,10,4,2,8,9,10,4,1,17,2,2,4,13,7,8,2,2,11,8,19,13,32,63,15,22,11,10,4,2,8,9,10,4,1,17,2,2,4,13,7,8,2,2,11,8,19,13,32,63,15,0,0,0,0,0,0,0,0,0,0,0,0,0,0,1,149
2344,0,32442.718067000034,8165.262271000005,24295.46636100001,1043,0,0,1,0,1,0,1,0,0,0,0,0,0,0,0,1,0,0,0,0,0,0,0,0,0,0,0,0,0,0,1,1,0,0,74,299,225,0.7525083612040134,3.0405405405405403,0.006688963210702341,2,1.0,1.0,0, 0, 0, 0, 0, 0,27,16,21,3,1,6,9,21,12,11,31,3,5,9,9,12,12,2,2,13,13,30,19,49,108,24,27,16,21,3,1,6,9,21,12,11,31,3,5,9,9,12,12,2,2,13,13,30,19,49,108,24,27,16,21,3,1,6,9,21,12,11,31,3,5,9,9,12,12,2,2,13,13,30,19,49,108,24,0,0,0,0,0,0,0,0,0,0,0,0,0,0,1,225
2345,0,27993.491923,7162.678746999999,20848.82374100001,271,1,0,0,0,1,0,1,0,0,0,0,0,0,0,0,1,0,0,0,0,0,0,0,0,0,0,0,0,0,0,1,1,0,0,62,248,186,0.75,3.0,0.008064516129032258,1,0,1.0,0, 0, 0, 0, 0, 0,28,18,15,0,1,11,9,12,7,7,23,3,2,9,7,8,4,4,5,13,18,24,21,45,85,12,28,18,15,0,1,11,9,12,7,7,23,3,2,9,7,8,4,4,5,13,18,24,21,45,85,12,28,18,15,0,1,11,9,12,7,7,23,3,2,9,7,8,4,4,5,13,18,24,21,45,85,12,0,0,0,0,0,0,0,0,0,0,0,0,0,0,1,186
2346,0,9921.149340000002,2412.1750369999995,7526.984867999999,4,1,1,0,0,1,0,1,0,0,0,0,0,0,0,0,1,0,0,0,0,0,0,0,0,0,0,0,0,0,0,1,1,0,0,23,92,69,0.75,3.0,0.021739130434782608,0,0,1.0,0, 0, 0, 0, 0, 0,15,7,6,0,1,1,8,2,2,4,10,1,0,1,2,2,1,1,0,5,2,14,8,22,36,3,15,7,6,0,1,1,8,2,2,4,10,1,0,1,2,2,1,1,0,5,2,14,8,22,36,3,15,7,6,0,1,1,8,2,2,4,10,1,0,1,2,2,1,1,0,5,2,14,8,22,36,3,0,0,0,0,0,0,0,0,0,0,0,0,0,0,1,69
2349,0,22911.45161500001,5580.893324999999,17348.568855000005,12861,0,0,1,1,0,1,1,0,1,0,1,0,0,0,0,1,0,0,0,0,0,0,0,0,0,0,0,0,0,0,1,1,0,1,55,221,166,0.751131221719457,3.018181818181818,0.027149321266968326,4,28.666666666666668,0.09049773755656108,0, 1, 0, 0, 1, 0,25,12,15,4,6,2,7,19,3,7,12,3,2,5,7,6,9,1,5,16,11,22,15,37,81,15,25,12,15,4,6,2,7,19,3,7,12,3,2,5,7,6,9,1,5,16,11,22,15,37,81,15,25,12,15,4,6,2,7,19,3,7,12,3,2,5,7,6,9,1,5,16,11,22,15,37,81,15,0,0,0,0,0,0,0,0,0,0,0,0,0,0,1,166
2350,0,6060.376786000001,1477.8153779999998,4600.571973,7773,0,0,1,1,0,0,0,1,0,0,0,0,0,0,0,1,0,0,0,0,0,1,0,0,1,0,0,0,0,0,1,1,0,0,13,53,40,0.7547169811320755,3.076923076923077,0.018867924528301886,0,0,1.0,0, 0, 0, 0, 0, 0,3,4,1,1,1,3,1,1,0,4,9,0,0,2,3,3,1,0,2,1,4,2,4,6,18,4,3,4,1,1,1,3,1,1,0,4,9,0,0,2,3,3,1,0,2,1,4,2,4,6,18,4,3,4,1,1,1,3,1,1,0,4,9,0,0,2,3,3,1,0,2,1,4,2,4,6,18,4,1,0,0,1,0,0,0,0,0,0,0,0,0,1,1,40
2351,0,16120.589962999995,4047.2085130000014,12091.392014999994,7290,0,0,1,1,0,0,0,1,0,0,0,0,0,0,0,1,0,0,0,0,0,1,0,0,1,0,0,0,0,0,1,1,0,0,37,148,111,0.75,3.0,0.006756756756756757,1,0,1.0,0, 0, 0, 0, 0, 0,7,9,7,0,1,10,5,11,1,5,13,4,1,1,3,9,8,1,3,12,5,12,13,25,49,17,7,9,7,0,1,10,5,11,1,5,13,4,1,1,3,9,8,1,3,12,5,12,13,25,49,17,7,9,7,0,1,10,5,11,1,5,13,4,1,1,3,9,8,1,3,12,5,12,13,25,49,17,1,0,0,1,0,0,0,0,0,0,0,0,0,1,1,111
2352,0,29389.614231000003,6995.577599999999,22412.047195999992,4631,0,0,1,0,1,1,1,0,0,0,0,0,0,0,0,1,0,0,0,0,0,1,0,0,1,0,0,0,0,0,1,1,0,0,67,269,202,0.7509293680297398,3.014925373134328,0.026022304832713755,2,9.0,1.0,0, 0, 0, 0, 0, 0,29,15,15,9,6,12,13,15,4,10,23,2,2,8,7,6,5,1,11,9,20,28,17,45,88,11,29,15,15,9,6,12,13,15,4,10,23,2,2,8,7,6,5,1,11,9,20,28,17,45,88,11,29,15,15,9,6,12,13,15,4,10,23,2,2,8,7,6,5,1,11,9,20,28,17,45,88,11,1,0,0,1,0,0,0,0,0,0,0,0,0,1,1,202
2353,0,29008.61197699999,7206.556229999999,21820.066312000017,264,1,0,0,0,1,0,0,1,0,0,0,0,0,0,1,1,0,0,0,0,0,1,0,0,1,0,0,0,0,0,1,1,0,0,62,250,188,0.752,3.032258064516129,0.004,0,0,1.0,0, 0, 0, 0, 0, 0,16,18,13,2,1,13,13,12,7,10,22,3,4,5,11,10,6,7,7,8,19,26,21,47,72,16,16,18,13,2,1,13,13,12,7,10,22,3,4,5,11,10,6,7,7,8,19,26,21,47,72,16,16,18,13,2,1,13,13,12,7,10,22,3,4,5,11,10,6,7,7,8,19,26,21,47,72,16,1,0,0,1,0,0,0,0,0,0,0,0,0,1,1,188
2354,0,10299.224129,2793.344547,7523.890146999997,8,1,1,0,0,1,0,0,1,0,0,0,0,0,0,0,1,0,0,0,0,0,1,0,0,1,0,0,0,0,0,1,1,0,0,22,91,69,0.7582417582417582,3.1363636363636362,0.0,0,0,1.0,0, 0, 0, 0, 0, 0,8,2,6,1,0,4,6,7,2,7,8,3,2,2,3,1,1,1,1,4,4,12,5,17,36,2,8,2,6,1,0,4,6,7,2,7,8,3,2,2,3,1,1,1,1,4,4,12,5,17,36,2,8,2,6,1,0,4,6,7,2,7,8,3,2,2,3,1,1,1,1,4,4,12,5,17,36,2,1,0,0,1,0,0,0,0,0,0,0,0,0,1,1,69
2355,0,5751.31006,1526.9258419999996,4242.394783000001,5,1,1,0,1,0,0,0,1,0,0,0,0,0,0,0,1,0,0,0,0,0,1,0,0,1,0,0,0,0,0,1,1,0,0,13,52,39,0.75,3.0,0.019230769230769232,1,0,1.0,0, 0, 0, 0, 0, 0,4,1,0,1,1,1,0,5,1,5,6,1,0,3,2,0,1,1,2,4,6,0,2,2,24,1,4,1,0,1,1,1,0,5,1,5,6,1,0,3,2,0,1,1,2,4,6,0,2,2,24,1,4,1,0,1,1,1,0,5,1,5,6,1,0,3,2,0,1,1,2,4,6,0,2,2,24,1,1,0,0,1,0,0,0,0,0,0,0,0,0,1,1,39
2356,0,33539.01894499999,8446.455325,25110.574185,1819,0,0,1,1,0,0,0,1,0,0,0,0,0,0,0,1,0,0,0,0,0,1,0,0,1,0,0,0,0,0,1,1,0,0,74,299,225,0.7525083612040134,3.0405405405405403,0.0033444816053511705,0,0,1.0,0, 0, 0, 0, 0, 0,14,15,7,5,1,21,16,15,6,8,38,9,6,3,15,11,9,2,3,21,8,23,24,47,102,20,14,15,7,5,1,21,16,15,6,8,38,9,6,3,15,11,9,2,3,21,8,23,24,47,102,20,14,15,7,5,1,21,16,15,6,8,38,9,6,3,15,11,9,2,3,21,8,23,24,47,102,20,1,0,0,1,0,0,0,0,0,0,0,0,0,1,1,225
2358,0,5785.294409999999,1560.9101919999996,4242.394783000001,1904,0,0,1,1,0,0,0,1,0,0,0,0,0,0,0,1,0,0,0,0,0,1,0,0,1,0,0,0,0,0,1,1,0,0,13,52,39,0.75,3.0,0.019230769230769232,1,0,1.0,0, 0, 0, 0, 0, 0,4,1,0,1,1,1,0,5,1,5,6,1,0,3,2,0,1,1,2,4,6,0,2,2,24,1,4,1,0,1,1,1,0,5,1,5,6,1,0,3,2,0,1,1,2,4,6,0,2,2,24,1,4,1,0,1,1,1,0,5,1,5,6,1,0,3,2,0,1,1,2,4,6,0,2,2,24,1,1,0,0,1,0,0,1,0,0,0,0,0,0,1,1,39
2359,0,10210.128832000002,2719.296535,7508.842862,29,1,1,0,0,1,0,0,1,0,0,0,0,0,0,0,1,0,0,0,0,0,1,0,0,1,0,0,0,0,0,1,1,0,0,22,91,69,0.7582417582417582,3.1363636363636362,0.0,0,0,1.0,0, 0, 0, 0, 0, 0,9,2,5,1,0,4,8,7,2,7,8,2,2,2,3,1,0,1,1,4,4,13,4,17,37,1,9,2,5,1,0,4,8,7,2,7,8,2,2,2,3,1,0,1,1,4,4,13,4,17,37,1,9,2,5,1,0,4,8,7,2,7,8,2,2,2,3,1,0,1,1,4,4,13,4,17,37,1,1,0,0,1,0,0,1,0,0,0,0,0,0,1,1,69
2360,0,28997.595991999984,7191.545330999998,21824.061226000013,243,1,0,0,0,1,0,0,1,0,0,0,0,0,0,1,1,0,0,0,0,0,1,0,0,1,0,0,0,0,0,1,1,0,0,62,250,188,0.752,3.032258064516129,0.004,0,0,1.0,0, 0, 0, 0, 0, 0,16,18,12,2,1,13,14,12,7,10,22,3,4,5,10,11,6,7,7,8,19,26,21,47,72,17,16,18,12,2,1,13,14,12,7,10,22,3,4,5,10,11,6,7,7,8,19,26,21,47,72,17,16,18,12,2,1,13,14,12,7,10,22,3,4,5,10,11,6,7,7,8,19,26,21,47,72,17,1,0,0,1,0,0,1,0,0,0,0,0,0,1,1,188
2361,0,29316.714409000004,7163.751484999999,22170.973489,4813,0,0,1,0,1,1,1,0,0,0,0,0,0,0,0,1,0,0,0,0,0,1,0,0,1,0,0,0,0,0,1,1,0,0,66,264,198,0.75,3.0,0.022727272727272728,2,9.0,1.0,0, 0, 0, 0, 0, 0,24,15,15,11,5,7,13,16,3,15,20,4,4,8,7,6,5,1,12,7,21,28,19,47,86,11,24,15,15,11,5,7,13,16,3,15,20,4,4,8,7,6,5,1,12,7,21,28,19,47,86,11,24,15,15,11,5,7,13,16,3,15,20,4,4,8,7,6,5,1,12,7,21,28,19,47,86,11,1,0,0,1,0,0,1,0,0,0,0,0,0,1,1,198
2362,0,16747.960374,4184.256193,12581.714745999994,7567,0,0,1,1,0,0,0,1,0,0,0,0,0,0,0,1,0,0,0,0,0,1,0,0,1,0,0,0,0,0,1,1,0,0,38,153,115,0.7516339869281046,3.026315789473684,0.006535947712418301,1,0,1.0,0, 0, 0, 0, 0, 0,6,11,7,0,1,10,5,11,0,6,12,4,1,1,3,10,9,1,3,14,5,12,15,27,50,19,6,11,7,0,1,10,5,11,0,6,12,4,1,1,3,10,9,1,3,14,5,12,15,27,50,19,6,11,7,0,1,10,5,11,0,6,12,4,1,1,3,10,9,1,3,14,5,12,15,27,50,19,1,0,0,1,0,0,1,0,0,0,0,0,0,1,1,115
2363,0,9921.149340000002,2412.1750369999995,7526.984867999999,4,1,1,0,0,1,0,1,0,0,0,0,0,0,0,0,1,0,0,0,0,0,0,0,0,0,0,0,0,0,0,1,1,0,0,23,92,69,0.75,3.0,0.021739130434782608,0,0,1.0,0, 0, 0, 0, 0, 0,15,7,6,0,1,1,8,2,2,4,10,1,0,1,2,2,1,1,0,5,2,14,8,22,36,3,15,7,6,0,1,1,8,2,2,4,10,1,0,1,2,2,1,1,0,5,2,14,8,22,36,3,15,7,6,0,1,1,8,2,2,4,10,1,0,1,2,2,1,1,0,5,2,14,8,22,36,3,0,0,0,0,0,0,0,0,0,0,0,0,0,0,1,69
2364,0,27993.491923,7162.678746999999,20848.82374100001,271,1,0,0,0,1,0,1,0,0,0,0,0,0,0,0,1,0,0,0,0,0,0,0,0,0,0,0,0,0,0,1,1,0,0,62,248,186,0.75,3.0,0.008064516129032258,1,0,1.0,0, 0, 0, 0, 0, 0,28,18,15,0,1,11,9,12,7,7,23,3,2,9,7,8,4,4,5,13,18,24,21,45,85,12,28,18,15,0,1,11,9,12,7,7,23,3,2,9,7,8,4,4,5,13,18,24,21,45,85,12,28,18,15,0,1,11,9,12,7,7,23,3,2,9,7,8,4,4,5,13,18,24,21,45,85,12,0,0,0,0,0,0,0,0,0,0,0,0,0,0,1,186
2365,0,32442.718067000034,8165.262271000005,24295.46636100001,1043,0,0,1,0,1,0,1,0,0,0,0,0,0,0,0,1,0,0,0,0,0,0,0,0,0,0,0,0,0,0,1,1,0,0,74,299,225,0.7525083612040134,3.0405405405405403,0.006688963210702341,2,1.0,1.0,0, 0, 0, 0, 0, 0,27,16,21,3,1,6,9,21,12,11,31,3,5,9,9,12,12,2,2,13,13,30,19,49,108,24,27,16,21,3,1,6,9,21,12,11,31,3,5,9,9,12,12,2,2,13,13,30,19,49,108,24,27,16,21,3,1,6,9,21,12,11,31,3,5,9,9,12,12,2,2,13,13,30,19,49,108,24,0,0,0,0,0,0,0,0,0,0,0,0,0,0,1,225
2367,0,29592.404242000008,7462.807046,22147.607761000017,9598,0,0,1,0,1,1,1,0,0,0,0,0,0,0,0,1,0,0,0,0,0,0,0,0,0,0,0,0,0,0,1,1,0,0,66,266,200,0.7518796992481203,3.0303030303030303,0.011278195488721804,1,0,1.0,1, 0, 0, 0, 0, 0,27,19,9,3,1,7,8,18,5,9,22,7,6,10,10,13,5,6,4,11,20,17,26,43,93,18,27,19,9,3,1,7,8,18,5,9,22,7,6,10,10,13,5,6,4,11,20,17,26,43,93,18,27,19,9,3,1,7,8,18,5,9,22,7,6,10,10,13,5,6,4,11,20,17,26,43,93,18,0,0,0,0,0,0,0,0,0,0,0,0,0,1,1,200
2368,0,9938.983521999999,2530.257313,7426.736773999999,9,1,1,0,1,0,0,0,1,0,0,0,0,0,0,0,1,0,0,0,0,0,0,0,0,0,0,0,0,0,0,1,1,0,0,21,87,66,0.7586206896551724,3.142857142857143,0.011494252873563218,0,0,1.0,0, 0, 0, 0, 0, 0,6,5,3,4,1,3,7,6,2,3,8,2,1,2,1,3,2,1,2,4,5,10,7,17,28,5,6,5,3,4,1,3,7,6,2,3,8,2,1,2,1,3,2,1,2,4,5,10,7,17,28,5,6,5,3,4,1,3,7,6,2,3,8,2,1,2,1,3,2,1,2,4,5,10,7,17,28,5,0,0,0,0,0,0,0,0,0,0,0,0,0,1,1,66
2369,0,26882.558636,6872.411907999999,20028.157293,288,1,0,0,0,1,0,1,0,0,0,0,0,0,0,1,1,0,0,0,0,0,0,0,0,0,0,0,0,0,0,1,1,0,0,58,233,175,0.7510729613733905,3.0172413793103448,0.008583690987124463,0,0,1.0,0, 0, 0, 0, 0, 0,15,16,13,3,2,8,13,14,6,10,16,5,2,6,8,10,3,7,5,13,18,26,21,47,70,13,15,16,13,3,2,8,13,14,6,10,16,5,2,6,8,10,3,7,5,13,18,26,21,47,70,13,15,16,13,3,2,8,13,14,6,10,16,5,2,6,8,10,3,7,5,13,18,26,21,47,70,13,0,0,0,0,0,0,0,0,0,0,0,0,0,1,1,175
2371,0,8537.176898000002,1963.8855219999998,6591.301941,2008,0,0,1,0,1,1,1,0,1,0,0,0,0,0,1,1,0,0,0,0,0,0,0,0,0,0,0,0,0,0,1,1,0,0,18,74,56,0.7567567567567568,3.111111111111111,0.06756756756756757,1,0,0.6486486486486487,0, 1, 0, 0, 1, 0,3,5,2,3,3,0,3,2,3,5,4,3,4,3,2,2,4,1,1,3,5,5,8,13,21,6,3,5,2,3,3,0,3,2,3,5,4,3,4,3,2,2,4,1,1,3,5,5,8,13,21,6,3,5,2,3,3,0,3,2,3,5,4,3,4,3,2,2,4,1,1,3,5,5,8,13,21,6,0,0,0,0,0,0,0,0,0,0,0,0,0,1,1,56
2372,0,31019.184087,7876.144683000002,23161.049968999985,7734,0,0,1,0,1,1,1,0,0,0,0,0,0,0,1,1,0,0,0,0,0,0,0,0,0,0,0,1,0,0,1,1,0,0,71,286,215,0.7517482517482518,3.028169014084507,0.01048951048951049,0,0,1.0,0, 0, 0, 0, 0, 0,19,8,3,7,2,9,3,20,5,15,49,4,8,8,10,8,12,5,1,19,14,6,12,18,130,20,19,8,3,7,2,9,3,20,5,15,49,4,8,8,10,8,12,5,1,19,14,6,12,18,130,20,19,8,3,7,2,9,3,20,5,15,49,4,8,8,10,8,12,5,1,19,14,6,12,18,130,20,0,0,0,0,0,0,0,0,0,1,0,1,0,1,1,215
2373,0,30345.008557000016,7392.966715000003,22970.052407000017,5054,0,0,1,0,1,1,1,0,0,0,0,0,0,0,0,1,0,0,0,0,0,0,0,0,0,0,0,1,0,0,1,1,0,0,68,274,206,0.7518248175182481,3.0294117647058822,0.014598540145985401,2,102.0,1.0,0, 0, 0, 0, 0, 0,17,12,13,7,3,6,14,19,7,9,11,5,5,13,9,18,6,3,11,18,27,27,17,44,79,24,17,12,13,7,3,6,14,19,7,9,11,5,5,13,9,18,6,3,11,18,27,27,17,44,79,24,17,12,13,7,3,6,14,19,7,9,11,5,5,13,9,18,6,3,11,18,27,27,17,44,79,24,0,0,0,0,0,0,0,0,0,1,0,1,0,1,1,206
2374,0,32269.534099000008,8139.906906,24147.63775800002,4110,0,0,1,0,1,1,1,0,0,1,0,0,0,0,1,1,0,0,0,0,0,0,0,0,0,0,0,1,0,0,1,1,0,0,74,296,222,0.75,3.0,0.02027027027027027,4,64.0,0.2668918918918919,0, 0, 1, 0, 0, 0,19,14,22,9,4,8,5,25,9,5,22,4,6,13,15,15,8,3,5,11,21,27,18,45,88,23,19,14,22,9,4,8,5,25,9,5,22,4,6,13,15,15,8,3,5,11,21,27,18,45,88,23,19,14,22,9,4,8,5,25,9,5,22,4,6,13,15,15,8,3,5,11,21,27,18,45,88,23,0,0,0,0,0,0,0,0,0,1,0,1,0,1,1,222
2376,0,28878.486975000003,7180.486434999998,21716.011105000016,246,1,0,0,0,1,0,1,0,0,0,0,0,0,0,0,1,0,0,0,0,0,0,0,0,0,0,0,1,0,0,1,1,0,0,62,250,188,0.752,3.032258064516129,0.008,1,0,1.0,0, 0, 0, 0, 0, 0,17,19,12,2,2,10,14,12,7,9,22,1,4,5,8,10,7,7,7,13,19,26,20,46,77,17,17,19,12,2,2,10,14,12,7,9,22,1,4,5,8,10,7,7,7,13,19,26,20,46,77,17,17,19,12,2,2,10,14,12,7,9,22,1,4,5,8,10,7,7,7,13,19,26,20,46,77,17,0,0,0,0,0,0,0,0,0,1,0,1,0,1,1,188
2377,0,28085.406895000022,7094.503519999998,21008.91394,7210,0,0,1,0,1,1,1,0,0,0,0,0,0,0,0,1,0,0,0,0,0,0,0,0,0,0,0,1,0,0,1,1,0,0,63,253,190,0.7509881422924901,3.015873015873016,0.011857707509881422,2,133.0,0.9604743083003953,0, 0, 1, 0, 0, 0,19,16,11,8,1,9,13,16,4,12,20,3,4,8,14,7,6,4,1,14,13,24,19,43,85,13,19,16,11,8,1,9,13,16,4,12,20,3,4,8,14,7,6,4,1,14,13,24,19,43,85,13,19,16,11,8,1,9,13,16,4,12,20,3,4,8,14,7,6,4,1,14,13,24,19,43,85,13,0,0,0,0,0,0,0,0,0,1,0,1,0,1,1,190
2378,0,32853.38299300005,7920.160643999996,24951.23291400001,7968,0,0,1,0,1,0,1,0,0,0,0,0,0,0,0,1,0,0,0,0,0,0,0,0,0,0,0,1,0,0,1,1,0,0,73,292,219,0.75,3.0,0.00684931506849315,0,0,1.0,0, 0, 0, 0, 0, 0,24,12,15,7,0,13,18,16,9,7,18,7,10,5,10,6,4,5,13,20,23,33,19,52,95,10,24,12,15,7,0,13,18,16,9,7,18,7,10,5,10,6,4,5,13,20,23,33,19,52,95,10,24,12,15,7,0,13,18,16,9,7,18,7,10,5,10,6,4,5,13,20,23,33,19,52,95,10,0,0,0,0,0,0,0,0,0,1,0,1,0,1,1,219
2383,0,12337.504575000003,3101.5307569999995,9253.984382999999,2182,0,0,1,0,1,0,1,0,0,0,0,0,0,0,0,1,0,0,0,0,0,0,0,0,0,0,0,1,0,0,1,1,0,0,26,105,79,0.7523809523809524,3.0384615384615383,0.01904761904761905,2,1.0,1.0,0, 0, 0, 0, 0, 0,10,18,4,0,1,3,6,4,2,2,8,2,2,1,5,3,3,1,1,3,3,10,20,30,29,6,10,18,4,0,1,3,6,4,2,2,8,2,2,1,5,3,3,1,1,3,3,10,20,30,29,6,10,18,4,0,1,3,6,4,2,2,8,2,2,1,5,3,3,1,1,3,3,10,20,30,29,6,0,0,0,0,0,0,0,0,0,1,0,1,0,1,1,79
2384,0,3810.7586110000007,917.4793059999998,2911.28987,1908,0,0,1,1,0,0,0,1,0,0,0,0,0,0,1,1,0,0,0,0,0,0,0,0,0,0,0,1,0,0,1,1,0,0,8,33,25,0.7575757575757576,3.125,0.030303030303030304,1,0,1.0,0, 0, 0, 0, 0, 0,0,3,3,1,1,0,5,4,0,3,0,1,2,0,1,0,0,0,1,0,1,8,4,12,9,0,0,3,3,1,1,0,5,4,0,3,0,1,2,0,1,0,0,0,1,0,1,8,4,12,9,0,0,3,3,1,1,0,5,4,0,3,0,1,2,0,1,0,0,0,1,0,1,8,4,12,9,0,0,0,0,0,0,0,0,0,0,1,0,1,0,1,1,25
2385,0,31008.88371900002,7483.755945000003,23543.13833900001,1004,0,0,1,0,1,1,1,0,0,0,0,0,0,0,0,1,0,0,0,0,0,0,0,0,0,0,0,1,0,0,1,1,0,0,73,295,222,0.752542372881356,3.041095890410959,0.013559322033898305,4,115.66666666666667,0.9220338983050848,0, 1, 0, 1, 0, 0,23,10,17,7,1,9,11,26,3,12,30,6,6,7,13,6,17,3,2,13,12,28,16,44,110,23,23,10,17,7,1,9,11,26,3,12,30,6,6,7,13,6,17,3,2,13,12,28,16,44,110,23,23,10,17,7,1,9,11,26,3,12,30,6,6,7,13,6,17,3,2,13,12,28,16,44,110,23,0,0,0,0,0,0,0,0,0,1,0,1,0,1,1,222
2386,0,11035.828429000005,2650.379553,8403.459441000005,8,1,1,0,0,1,0,1,0,0,0,0,0,0,0,0,1,0,0,0,0,0,0,0,0,0,0,0,1,0,0,1,1,0,0,25,100,75,0.75,3.0,0.02,2,49.0,1.0,0, 0, 0, 0, 0, 0,8,11,7,2,1,2,6,5,0,4,9,1,2,1,2,1,4,0,1,8,2,13,12,25,36,5,8,11,7,2,1,2,6,5,0,4,9,1,2,1,2,1,4,0,1,8,2,13,12,25,36,5,8,11,7,2,1,2,6,5,0,4,9,1,2,1,2,1,4,0,1,8,2,13,12,25,36,5,0,0,0,0,0,0,0,0,0,1,0,1,0,1,1,75
2387,0,24593.048547999988,6173.190425999999,18437.868687000002,3452,0,0,1,0,1,1,1,0,0,0,0,0,0,0,0,1,0,0,0,0,0,0,0,0,0,0,0,1,0,0,1,1,0,0,58,233,175,0.7510729613733905,3.0172413793103448,0.012875536480686695,0,0,1.0,0, 0, 0, 0, 0, 0,30,11,9,4,2,7,11,9,3,13,19,5,1,4,8,11,10,0,2,16,6,20,16,36,88,21,30,11,9,4,2,7,11,9,3,13,19,5,1,4,8,11,10,0,2,16,6,20,16,36,88,21,30,11,9,4,2,7,11,9,3,13,19,5,1,4,8,11,10,0,2,16,6,20,16,36,88,21,0,0,0,0,0,0,0,0,0,1,0,1,0,1,1,175
2388,0,14593.353111999992,3451.9152759999993,11159.448400999996,7830,0,0,1,0,1,0,1,0,0,0,1,0,0,0,0,1,0,0,0,0,0,0,0,0,0,0,0,1,0,0,1,1,0,0,33,135,102,0.7555555555555555,3.090909090909091,0.014814814814814815,0,0,0.7037037037037037,0, 1, 0, 0, 0, 0,10,6,9,3,2,2,6,9,2,6,6,3,2,4,5,8,4,2,4,9,10,15,9,24,42,12,10,6,9,3,2,2,6,9,2,6,6,3,2,4,5,8,4,2,4,9,10,15,9,24,42,12,10,6,9,3,2,2,6,9,2,6,6,3,2,4,5,8,4,2,4,9,10,15,9,24,42,12,0,0,0,0,0,0,0,0,0,1,0,1,0,1,1,102
2389,0,8973.673742000004,2347.200314,6644.483993,8294,0,0,1,0,1,0,1,0,0,0,0,0,0,0,0,1,0,0,0,0,0,0,0,0,0,0,0,1,0,0,1,1,0,0,21,84,63,0.75,3.0,0.023809523809523808,1,0,1.0,0, 0, 0, 0, 0, 0,9,6,4,2,1,3,0,7,2,3,6,1,0,3,8,2,3,0,1,2,4,4,7,11,27,5,9,6,4,2,1,3,0,7,2,3,6,1,0,3,8,2,3,0,1,2,4,4,7,11,27,5,9,6,4,2,1,3,0,7,2,3,6,1,0,3,8,2,3,0,1,2,4,4,7,11,27,5,0,0,0,0,0,0,0,0,0,1,0,1,0,1,1,63
2390,0,29122.68005500001,7612.05995,21528.63066999999,8626,0,0,1,0,1,0,1,0,0,0,0,0,0,0,0,1,0,0,0,0,0,0,0,0,0,0,0,1,0,0,1,1,0,0,65,263,198,0.752851711026616,3.046153846153846,0.0076045627376425855,2,138.0,1.0,0, 0, 0, 0, 0, 0,18,9,3,6,2,3,5,18,1,9,40,1,8,11,9,15,8,6,6,20,23,8,10,18,113,23,18,9,3,6,2,3,5,18,1,9,40,1,8,11,9,15,8,6,6,20,23,8,10,18,113,23,18,9,3,6,2,3,5,18,1,9,40,1,8,11,9,15,8,6,6,20,23,8,10,18,113,23,0,0,0,0,0,0,0,0,0,1,0,1,0,1,1,198
2391,0,29636.918779000018,7572.061010999996,22082.86833299999,8626,0,0,1,0,1,0,1,0,0,0,0,0,0,0,0,1,0,0,0,0,0,0,0,0,0,0,0,1,0,0,1,1,0,0,67,269,202,0.7509293680297398,3.014925373134328,0.007434944237918215,2,138.0,1.0,0, 0, 0, 0, 0, 0,18,9,3,6,2,3,6,18,1,9,40,1,8,11,9,15,8,6,8,21,25,9,10,19,114,23,18,9,3,6,2,3,6,18,1,9,40,1,8,11,9,15,8,6,8,21,25,9,10,19,114,23,18,9,3,6,2,3,6,18,1,9,40,1,8,11,9,15,8,6,8,21,25,9,10,19,114,23,0,0,0,0,0,0,0,0,0,1,0,1,0,1,1,202
2394,0,32556.298607000048,7637.999315999997,24936.30985600001,7786,0,0,1,0,1,0,1,0,0,0,0,0,0,0,1,1,0,0,0,0,0,0,0,0,0,0,0,1,0,0,1,1,0,0,72,291,219,0.7525773195876289,3.0416666666666665,0.006872852233676976,1,0,1.0,0, 0, 0, 0, 0, 0,27,14,13,7,0,19,15,13,7,5,21,4,9,5,12,9,3,5,13,18,23,28,18,46,93,12,27,14,13,7,0,19,15,13,7,5,21,4,9,5,12,9,3,5,13,18,23,28,18,46,93,12,27,14,13,7,0,19,15,13,7,5,21,4,9,5,12,9,3,5,13,18,23,28,18,46,93,12,0,0,0,0,0,0,0,0,0,1,0,1,0,1,1,219
2395,0,27723.272625000027,7201.558390999999,20539.724798999996,7028,0,0,1,0,1,0,1,0,0,0,0,0,0,0,0,1,0,0,0,0,0,0,0,0,0,0,0,1,0,0,1,1,0,0,63,253,190,0.7509881422924901,3.015873015873016,0.007905138339920948,2,133.0,1.0,0, 0, 0, 0, 0, 0,19,17,10,6,1,8,13,21,4,9,23,0,1,6,15,9,6,4,2,16,12,23,17,40,89,15,19,17,10,6,1,8,13,21,4,9,23,0,1,6,15,9,6,4,2,16,12,23,17,40,89,15,19,17,10,6,1,8,13,21,4,9,23,0,1,6,15,9,6,4,2,16,12,23,17,40,89,15,0,0,0,0,0,0,0,0,0,1,0,1,0,1,1,190
2397,0,10266.348896,2656.427156,7627.932305000003,23,1,1,0,0,1,0,1,0,0,0,0,0,0,0,0,1,0,0,0,0,0,0,0,0,0,0,0,1,0,0,1,1,0,0,22,90,68,0.7555555555555555,3.090909090909091,0.022222222222222223,0,0,1.0,0, 0, 0, 0, 0, 0,7,4,6,1,2,4,5,6,2,4,10,3,1,2,2,1,0,2,1,5,5,11,7,18,33,1,7,4,6,1,2,4,5,6,2,4,10,3,1,2,2,1,0,2,1,5,5,11,7,18,33,1,7,4,6,1,2,4,5,6,2,4,10,3,1,2,2,1,0,2,1,5,5,11,7,18,33,1,0,0,0,0,0,0,0,0,0,1,0,1,0,1,1,68
2404,0,11126.652665000001,2726.508770999999,8418.154459000003,2001,0,0,1,1,0,0,1,0,0,0,1,0,0,0,0,1,0,0,0,0,0,0,0,0,0,0,0,0,0,0,1,1,0,0,27,108,81,0.75,3.0,0.018518518518518517,1,0,0.6481481481481481,0, 1, 0, 0, 0, 0,15,2,5,2,2,6,2,7,2,4,5,5,3,3,4,7,1,0,2,4,5,7,7,14,38,8,15,2,5,2,2,6,2,7,2,4,5,5,3,3,4,7,1,0,2,4,5,7,7,14,38,8,15,2,5,2,2,6,2,7,2,4,5,5,3,3,4,7,1,0,2,4,5,7,7,14,38,8,0,0,0,0,0,0,0,0,0,0,0,0,0,1,1,81
2405,0,27219.740348000003,6840.267988999998,20397.482924000007,266,1,0,0,1,0,0,1,0,0,0,0,0,0,0,0,1,0,0,0,0,0,0,0,0,0,0,0,0,0,0,1,1,0,0,59,237,178,0.7510548523206751,3.016949152542373,0.008438818565400843,0,0,1.0,0, 0, 0, 0, 0, 0,18,15,12,4,2,8,10,10,8,12,16,5,2,6,9,8,8,7,5,13,18,22,20,42,71,16,18,15,12,4,2,8,10,10,8,12,16,5,2,6,9,8,8,7,5,13,18,22,20,42,71,16,18,15,12,4,2,8,10,10,8,12,16,5,2,6,9,8,8,7,5,13,18,22,20,42,71,16,0,0,0,0,0,0,0,0,0,0,0,0,0,1,1,178
2406,0,9632.867320000001,2486.2814030000004,7164.596482,4,1,1,0,1,0,0,0,1,0,0,0,0,0,0,0,1,0,0,0,0,0,0,0,0,0,0,0,0,0,0,1,1,0,0,21,86,65,0.7558139534883721,3.0952380952380953,0.011627906976744186,0,0,1.0,0, 0, 0, 0, 0, 0,8,3,4,1,1,7,6,5,0,2,9,2,1,2,2,4,1,1,2,4,5,10,5,15,29,5,8,3,4,1,1,7,6,5,0,2,9,2,1,2,2,4,1,1,2,4,5,10,5,15,29,5,8,3,4,1,1,7,6,5,0,2,9,2,1,2,2,4,1,1,2,4,5,10,5,15,29,5,0,0,0,0,0,0,0,0,0,0,0,0,0,1,1,65
2407,0,25944.52743000001,6464.544195000003,19497.99379999999,831,0,0,0,1,0,0,0,1,0,0,0,0,0,0,0,1,0,0,0,0,0,0,0,0,0,0,0,0,0,0,1,1,0,0,59,238,179,0.7521008403361344,3.0338983050847457,0.004201680672268907,1,0,1.0,0, 0, 0, 0, 0, 0,30,14,10,3,1,10,10,12,9,10,15,7,7,3,8,9,7,1,4,9,8,20,21,41,83,16,30,14,10,3,1,10,10,12,9,10,15,7,7,3,8,9,7,1,4,9,8,20,21,41,83,16,30,14,10,3,1,10,10,12,9,10,15,7,7,3,8,9,7,1,4,9,8,20,21,41,83,16,0,0,0,0,0,0,0,0,0,0,0,0,0,1,1,179
2410,0,23669.07693700002,5708.046036,17979.041466,2816,0,0,1,0,1,0,1,0,0,0,0,0,0,0,1,1,0,0,0,0,0,0,0,0,0,0,0,0,0,0,1,1,0,0,53,214,161,0.7523364485981309,3.0377358490566038,0.009345794392523364,0,0,1.0,0, 0, 0, 0, 0, 0,9,4,8,4,1,9,11,18,9,8,12,9,2,11,11,7,7,5,3,13,19,19,13,32,62,14,9,4,8,4,1,9,11,18,9,8,12,9,2,11,11,7,7,5,3,13,19,19,13,32,62,14,9,4,8,4,1,9,11,18,9,8,12,9,2,11,11,7,7,5,3,13,19,19,13,32,62,14,0,0,0,0,0,0,0,0,0,0,0,0,0,1,1,161
2412,0,29627.018620999985,7480.778033999999,22164.251152000015,277,1,0,0,0,1,0,1,0,0,0,0,0,0,0,0,1,0,0,0,0,0,0,0,0,0,0,0,0,0,0,1,1,0,0,63,252,189,0.75,3.0,0.007936507936507936,0,0,1.0,0, 0, 0, 0, 0, 0,16,18,12,2,2,14,12,9,7,10,19,5,3,7,7,12,8,7,8,11,22,24,23,47,68,20,16,18,12,2,2,14,12,9,7,10,19,5,3,7,7,12,8,7,8,11,22,24,23,47,68,20,16,18,12,2,2,14,12,9,7,10,19,5,3,7,7,12,8,7,8,11,22,24,23,47,68,20,0,0,0,0,0,0,0,0,0,0,0,0,0,1,1,189
2413,0,10873.415418999999,2849.4435339999995,8041.982450000003,4,1,1,0,1,0,0,0,1,0,0,0,0,0,0,0,1,0,0,0,0,0,0,0,0,0,0,0,0,0,0,1,1,0,0,23,94,71,0.7553191489361702,3.0869565217391304,0.010638297872340425,0,0,1.0,0, 0, 0, 0, 0, 0,5,0,7,4,1,7,3,5,0,11,5,3,2,4,2,3,1,1,4,3,9,10,3,13,31,4,5,0,7,4,1,7,3,5,0,11,5,3,2,4,2,3,1,1,4,3,9,10,3,13,31,4,5,0,7,4,1,7,3,5,0,11,5,3,2,4,2,3,1,1,4,3,9,10,3,13,31,4,0,0,0,0,0,0,0,0,0,0,0,0,0,1,1,71
2414,0,7393.283109000002,1623.72075,5787.572924000001,1079,0,0,1,0,1,1,1,0,0,1,0,0,0,0,0,1,0,0,0,0,0,0,0,0,0,0,0,0,0,0,1,1,0,0,15,63,48,0.7619047619047619,3.2,0.06349206349206349,1,0,0.5555555555555556,0, 1, 1, 0, 0, 0,4,3,8,2,2,3,5,1,1,1,3,3,1,2,3,1,1,2,2,0,6,13,6,19,10,2,4,3,8,2,2,3,5,1,1,1,3,3,1,2,3,1,1,2,2,0,6,13,6,19,10,2,4,3,8,2,2,3,5,1,1,1,3,3,1,2,3,1,1,2,2,0,6,13,6,19,10,2,0,0,0,0,0,0,0,0,0,0,0,0,0,1,1,48
2415,0,25299.94482799999,6120.198914,19197.756479000003,1350,0,0,1,0,1,0,1,0,0,0,0,0,0,0,1,1,0,0,0,0,0,0,0,0,0,0,0,0,0,0,1,1,0,0,54,218,164,0.7522935779816514,3.037037037037037,0.009174311926605505,0,0,1.0,0, 0, 0, 0, 0, 0,14,9,6,6,1,18,14,4,8,11,16,6,3,7,13,6,7,3,6,6,16,20,15,35,54,13,14,9,6,6,1,18,14,4,8,11,16,6,3,7,13,6,7,3,6,6,16,20,15,35,54,13,14,9,6,6,1,18,14,4,8,11,16,6,3,7,13,6,7,3,6,6,16,20,15,35,54,13,0,0,0,0,0,0,0,0,0,0,0,0,0,1,1,164
2416,0,15115.348016000002,3717.734644,11415.623937,3293,0,0,1,0,1,1,1,0,0,0,1,1,0,0,0,1,0,0,0,0,0,0,0,0,0,0,0,0,0,0,1,1,0,1,34,136,102,0.75,3.0,0.0661764705882353,2,67.0,0.41911764705882354,1, 2, 0, 2, 0, 0,12,5,5,2,5,5,8,5,3,8,6,7,1,4,6,4,10,1,4,1,9,13,12,25,33,14,12,5,5,2,5,5,8,5,3,8,6,7,1,4,6,4,10,1,4,1,9,13,12,25,33,14,12,5,5,2,5,5,8,5,3,8,6,7,1,4,6,4,10,1,4,1,9,13,12,25,33,14,0,0,0,0,0,0,0,0,0,0,0,0,0,1,1,102
2418,0,33032.154833,8312.679478000007,24737.485920000006,4277,0,0,1,0,1,0,1,0,0,0,0,0,0,0,0,1,0,0,0,0,0,0,0,0,0,0,0,0,0,0,1,1,0,0,69,279,210,0.7526881720430108,3.0434782608695654,0.007168458781362007,0,0,1.0,0, 0, 0, 0, 0, 0,14,8,16,5,1,27,11,5,6,13,21,8,4,13,12,10,7,7,7,15,27,27,16,43,72,17,14,8,16,5,1,27,11,5,6,13,21,8,4,13,12,10,7,7,7,15,27,27,16,43,72,17,14,8,16,5,1,27,11,5,6,13,21,8,4,13,12,10,7,7,7,15,27,27,16,43,72,17,0,0,0,0,0,0,0,0,0,0,0,0,0,1,1,210
2419,0,13867.401543999988,3224.724244000001,10660.687864999996,5235,0,0,1,0,1,0,1,0,0,0,0,0,0,0,0,1,0,0,0,0,0,0,0,0,0,0,0,0,0,0,1,1,0,0,31,126,95,0.753968253968254,3.064516129032258,0.015873015873015872,3,18.0,1.0,0, 0, 0, 0, 0, 0,5,3,0,1,1,5,2,9,1,10,11,1,2,13,3,6,9,2,3,8,18,2,4,6,45,15,5,3,0,1,1,5,2,9,1,10,11,1,2,13,3,6,9,2,3,8,18,2,4,6,45,15,5,3,0,1,1,5,2,9,1,10,11,1,2,13,3,6,9,2,3,8,18,2,4,6,45,15,0,0,0,0,0,0,0,0,0,0,0,0,0,1,1,95
2421,0,6935.444629,1831.8787810000001,5121.576413,10104,0,0,1,1,0,0,0,1,0,0,0,0,0,0,0,1,0,0,0,0,0,0,0,0,0,0,0,1,1,0,1,1,0,0,16,67,51,0.7611940298507462,3.1875,0.014925373134328358,0,0,1.0,0, 0, 0, 0, 0, 0,3,2,3,0,1,3,3,11,2,2,6,1,1,1,4,3,1,0,0,4,1,6,3,9,27,4,3,2,3,0,1,3,3,11,2,2,6,1,1,1,4,3,1,0,0,4,1,6,3,9,27,4,3,2,3,0,1,3,3,11,2,2,6,1,1,1,4,3,1,0,0,4,1,6,3,9,27,4,0,0,0,0,0,0,1,0,0,1,1,0,0,1,1,51
2422,0,29378.699506999987,7355.575602999998,22041.13446900002,350,1,0,0,0,1,0,1,0,0,0,0,0,0,0,0,1,0,0,0,0,0,0,0,0,0,0,0,1,1,0,1,1,0,0,62,250,188,0.752,3.032258064516129,0.008,0,0,1.0,0, 0, 0, 0, 0, 0,16,20,13,3,1,8,16,9,7,10,19,4,5,5,7,11,9,7,7,11,19,29,24,53,70,20,16,20,13,3,1,8,16,9,7,10,19,4,5,5,7,11,9,7,7,11,19,29,24,53,70,20,16,20,13,3,1,8,16,9,7,10,19,4,5,5,7,11,9,7,7,11,19,29,24,53,70,20,0,0,0,0,0,0,1,0,0,1,1,0,0,1,1,188
2423,0,10443.314008000001,2793.417318999999,7667.907253999999,29,1,1,0,0,1,0,0,1,0,0,0,0,0,0,0,1,0,0,0,0,0,0,0,0,0,0,0,1,1,0,1,1,0,0,23,92,69,0.75,3.0,0.010869565217391304,0,0,1.0,0, 0, 0, 0, 0, 0,9,4,4,3,1,2,9,4,1,5,8,1,1,2,2,2,1,1,2,7,5,13,5,18,34,3,9,4,4,3,1,2,9,4,1,5,8,1,1,2,2,2,1,1,2,7,5,13,5,18,34,3,9,4,4,3,1,2,9,4,1,5,8,1,1,2,2,2,1,1,2,7,5,13,5,18,34,3,0,0,0,0,0,0,1,0,0,1,1,0,0,1,1,69
2424,0,13123.244477000002,3438.9036100000003,9702.351432000001,4983,0,0,1,0,1,1,1,0,1,0,0,0,0,0,1,1,0,0,0,0,0,0,0,0,0,0,0,1,1,0,1,1,0,0,30,123,93,0.7560975609756098,3.1,0.024390243902439025,0,0,0.36585365853658536,0, 0, 0, 0, 1, 0,15,3,11,2,3,3,0,6,5,1,5,2,8,1,13,8,2,1,1,3,3,11,5,16,38,10,15,3,11,2,3,3,0,6,5,1,5,2,8,1,13,8,2,1,1,3,3,11,5,16,38,10,15,3,11,2,3,3,0,6,5,1,5,2,8,1,13,8,2,1,1,3,3,11,5,16,38,10,0,0,0,0,0,0,1,0,0,1,1,0,0,1,1,93
2425,0,11765.357624999993,3025.642474,8757.725715999995,13731,0,0,1,0,1,0,1,0,0,0,0,0,0,0,0,1,0,0,0,0,0,0,0,0,0,0,0,1,1,0,1,1,0,0,27,108,81,0.75,3.0,0.018518518518518517,3,36.5,1.0,0, 0, 0, 0, 0, 0,13,3,2,0,1,1,0,8,1,4,15,1,3,2,4,3,4,5,4,7,11,2,4,6,50,7,13,3,2,0,1,1,0,8,1,4,15,1,3,2,4,3,4,5,4,7,11,2,4,6,50,7,13,3,2,0,1,1,0,8,1,4,15,1,3,2,4,3,4,5,4,7,11,2,4,6,50,7,0,0,0,0,0,0,1,0,0,1,1,0,0,1,1,81
2432,0,27448.155997999995,6923.596003999998,20542.570559000003,292,1,0,0,1,0,0,0,1,0,0,0,0,0,0,0,1,0,0,0,0,0,0,0,0,0,0,0,0,0,0,1,1,0,0,60,243,183,0.7530864197530864,3.05,0.00411522633744856,0,0,1.0,0, 0, 0, 0, 0, 0,19,15,12,5,1,4,13,11,4,8,23,4,2,8,10,9,14,3,7,11,18,25,19,44,74,23,19,15,12,5,1,4,13,11,4,8,23,4,2,8,10,9,14,3,7,11,18,25,19,44,74,23,19,15,12,5,1,4,13,11,4,8,23,4,2,8,10,9,14,3,7,11,18,25,19,44,74,23,0,0,0,0,0,0,0,0,0,0,0,0,0,1,1,183
2433,0,9443.068240000002,2181.2191190000003,7279.859685999996,2854,0,0,1,1,0,0,1,0,0,0,0,0,0,0,0,1,0,0,0,0,0,0,0,0,0,0,0,0,0,0,1,1,0,0,22,88,66,0.75,3.0,0.022727272727272728,0,0,1.0,0, 0, 0, 0, 0, 0,6,2,1,3,2,1,9,3,0,7,8,2,0,2,3,5,0,2,1,9,5,10,4,14,33,5,6,2,1,3,2,1,9,3,0,7,8,2,0,2,3,5,0,2,1,9,5,10,4,14,33,5,6,2,1,3,2,1,9,3,0,7,8,2,0,2,3,5,0,2,1,9,5,10,4,14,33,5,0,0,0,0,0,0,0,0,0,0,0,0,0,1,1,66
2434,0,8342.057093,2121.0573389999995,6239.010318999999,2631,0,0,1,0,1,1,1,0,0,0,0,0,0,0,0,1,0,0,0,0,0,0,0,0,0,0,0,0,0,0,1,1,0,0,18,74,56,0.7567567567567568,3.111111111111111,0.04054054054054054,0,0,1.0,0, 0, 0, 0, 0, 0,6,5,2,1,2,2,4,4,5,2,2,2,0,4,2,6,4,0,1,2,5,6,7,13,16,10,6,5,2,1,2,2,4,4,5,2,2,2,0,4,2,6,4,0,1,2,5,6,7,13,16,10,6,5,2,1,2,2,4,4,5,2,2,2,0,4,2,6,4,0,1,2,5,6,7,13,16,10,0,0,0,0,0,0,0,0,0,0,0,0,0,1,1,56
2436,0,25063.683945999994,6203.347864,18878.346647000002,5193,0,0,1,1,0,1,1,0,0,0,0,0,0,0,0,1,0,0,0,0,0,0,1,0,0,0,0,0,0,0,1,1,0,0,58,233,175,0.7510729613733905,3.0172413793103448,0.017167381974248927,2,132.0,1.0,0, 0, 0, 0, 0, 0,25,9,6,0,4,5,4,10,4,2,36,3,1,15,12,10,5,2,3,19,20,10,12,22,93,15,25,9,6,0,4,5,4,10,4,2,36,3,1,15,12,10,5,2,3,19,20,10,12,22,93,15,25,9,6,0,4,5,4,10,4,2,36,3,1,15,12,10,5,2,3,19,20,10,12,22,93,15,0,1,0,0,0,0,0,0,0,0,0,0,0,1,1,175
2438,0,29499.105073999996,7818.917771999999,21698.197866999995,265,1,0,0,0,1,1,1,0,0,0,0,0,0,0,1,1,0,0,0,0,0,0,1,0,0,0,0,0,0,0,1,1,0,0,64,257,193,0.7509727626459144,3.015625,0.011673151750972763,0,0,1.0,0, 0, 0, 0, 0, 0,24,24,14,1,2,5,19,17,4,6,24,4,2,4,4,9,6,6,4,14,14,33,28,61,87,15,24,24,14,1,2,5,19,17,4,6,24,4,2,4,4,9,6,6,4,14,14,33,28,61,87,15,24,24,14,1,2,5,19,17,4,6,24,4,2,4,4,9,6,6,4,14,14,33,28,61,87,15,0,1,0,0,0,0,0,0,0,0,0,0,0,1,1,193
2439,0,9567.948111999996,2523.200725,7062.757951999997,4,1,1,0,0,1,0,1,0,0,0,0,0,0,0,0,1,0,0,0,0,0,0,1,0,0,0,0,0,0,0,1,1,0,0,22,90,68,0.7555555555555555,3.090909090909091,0.022222222222222223,0,0,1.0,0, 0, 0, 0, 0, 0,6,5,3,0,1,1,5,10,1,1,9,0,1,2,5,1,5,1,0,11,3,8,5,13,38,6,6,5,3,0,1,1,5,10,1,1,9,0,1,2,5,1,5,1,0,11,3,8,5,13,38,6,6,5,3,0,1,1,5,10,1,1,9,0,1,2,5,1,5,1,0,11,3,8,5,13,38,6,0,1,0,0,0,0,0,0,0,0,0,0,0,1,1,68
2440,0,21601.148694999996,5386.667598,16232.491662000002,139,1,1,0,0,1,1,1,0,0,0,0,0,0,0,0,1,0,0,0,0,0,0,1,0,0,0,0,0,0,0,1,1,0,0,50,202,152,0.7524752475247525,3.04,0.019801980198019802,2,32.0,1.0,0, 0, 0, 0, 0, 0,21,17,11,2,3,5,8,13,1,4,17,1,2,3,7,6,11,1,2,17,6,19,18,37,74,17,21,17,11,2,3,5,8,13,1,4,17,1,2,3,7,6,11,1,2,17,6,19,18,37,74,17,21,17,11,2,3,5,8,13,1,4,17,1,2,3,7,6,11,1,2,17,6,19,18,37,74,17,0,1,0,0,0,0,0,0,0,0,0,0,0,1,1,152
2441,0,8832.540932,2571.390147999999,6279.161349,713,0,0,0,1,0,1,1,0,0,0,0,0,0,0,0,1,0,0,0,0,0,0,1,0,0,0,0,0,0,0,1,1,0,0,22,88,66,0.75,3.0,0.03409090909090909,4,17.0,1.0,0, 0, 0, 0, 0, 0,14,6,3,0,3,1,1,12,2,1,3,1,0,1,9,3,2,0,0,4,1,4,7,11,34,5,14,6,3,0,3,1,1,12,2,1,3,1,0,1,9,3,2,0,0,4,1,4,7,11,34,5,14,6,3,0,3,1,1,12,2,1,3,1,0,1,9,3,2,0,0,4,1,4,7,11,34,5,0,1,0,0,0,0,0,0,0,0,0,0,0,1,1,66
2444,0,5737.294409999999,1526.9258419999996,4228.379133000001,1777,0,0,1,1,0,0,0,1,0,0,0,0,0,0,0,1,0,0,0,0,0,1,0,0,1,0,0,0,0,0,1,1,0,0,13,52,39,0.75,3.0,0.019230769230769232,1,0,1.0,0, 0, 0, 0, 0, 0,3,1,0,1,1,1,0,6,1,5,6,1,0,3,2,0,1,1,2,4,6,0,2,2,24,1,3,1,0,1,1,1,0,6,1,5,6,1,0,3,2,0,1,1,2,4,6,0,2,2,24,1,3,1,0,1,1,1,0,6,1,5,6,1,0,3,2,0,1,1,2,4,6,0,2,2,24,1,1,0,0,1,0,0,1,0,0,0,0,0,0,1,1,39
2445,0,10295.19283,2719.296535,7593.90686,29,1,1,0,0,1,0,0,1,0,0,0,0,0,0,0,1,0,0,0,0,0,1,0,0,1,0,0,0,0,0,1,1,0,0,22,91,69,0.7582417582417582,3.1363636363636362,0.0,0,0,1.0,0, 0, 0, 0, 0, 0,8,3,5,1,0,4,8,7,2,7,8,2,2,2,3,1,0,1,1,4,4,13,5,18,36,1,8,3,5,1,0,4,8,7,2,7,8,2,2,2,3,1,0,1,1,4,4,13,5,18,36,1,8,3,5,1,0,4,8,7,2,7,8,2,2,2,3,1,0,1,1,4,4,13,5,18,36,1,1,0,0,1,0,0,1,0,0,0,0,0,0,1,1,69
2446,0,28951.554126999992,7161.534765999998,21808.029926000014,243,1,0,0,0,1,0,0,1,0,0,0,0,0,0,1,1,0,0,0,0,0,1,0,0,1,0,0,0,0,0,1,1,0,0,62,250,188,0.752,3.032258064516129,0.004,0,0,1.0,0, 0, 0, 0, 0, 0,17,18,13,3,1,12,14,12,7,10,22,3,4,5,10,10,5,7,7,8,19,27,21,48,73,15,17,18,13,3,1,12,14,12,7,10,22,3,4,5,10,10,5,7,7,8,19,27,21,48,73,15,17,18,13,3,1,12,14,12,7,10,22,3,4,5,10,10,5,7,7,8,19,27,21,48,73,15,1,0,0,1,0,0,1,0,0,0,0,0,0,1,1,188
2447,0,29347.651473999995,7269.7167359999985,22095.945302999997,4712,0,0,1,0,1,1,1,0,0,0,0,0,0,0,0,1,0,0,0,0,0,1,0,0,1,0,0,0,0,0,1,1,0,0,66,264,198,0.75,3.0,0.022727272727272728,2,9.0,1.0,0, 0, 0, 0, 0, 0,21,16,15,12,5,6,12,17,3,13,20,4,3,9,8,10,3,1,11,9,21,27,20,47,83,13,21,16,15,12,5,6,12,17,3,13,20,4,3,9,8,10,3,1,11,9,21,27,20,47,83,13,21,16,15,12,5,6,12,17,3,13,20,4,3,9,8,10,3,1,11,9,21,27,20,47,83,13,1,0,0,1,0,0,1,0,0,0,0,0,0,1,1,198
2448,0,16752.043317000003,4196.292579,12573.761302999992,7348,0,0,1,1,0,0,0,1,0,0,0,0,0,0,0,1,0,0,0,0,0,1,0,0,1,0,0,0,0,0,1,1,0,0,38,153,115,0.7516339869281046,3.026315789473684,0.006535947712418301,1,0,1.0,0, 0, 0, 0, 0, 0,7,10,7,0,1,9,5,11,1,6,12,6,1,1,3,9,8,1,3,14,5,12,16,28,51,17,7,10,7,0,1,9,5,11,1,6,12,6,1,1,3,9,8,1,3,14,5,12,16,28,51,17,7,10,7,0,1,9,5,11,1,6,12,6,1,1,3,9,8,1,3,14,5,12,16,28,51,17,1,0,0,1,0,0,1,0,0,0,0,0,0,1,1,115
2451,0,13772.116622,3381.7391050000006,10408.388082000003,3413,0,0,1,1,0,1,1,0,0,0,0,0,0,0,1,1,0,0,0,0,0,0,0,0,0,0,0,0,0,0,1,1,0,0,31,126,95,0.753968253968254,3.064516129032258,0.023809523809523808,1,0,1.0,0, 0, 0, 0, 0, 0,16,3,6,0,3,2,7,2,4,4,12,5,1,3,1,4,8,2,2,10,7,13,8,21,45,12,16,3,6,0,3,2,7,2,4,4,12,5,1,3,1,4,8,2,2,10,7,13,8,21,45,12,16,3,6,0,3,2,7,2,4,4,12,5,1,3,1,4,8,2,2,10,7,13,8,21,45,12,0,0,0,0,0,0,0,0,0,0,0,0,0,0,1,95
2453,0,29090.838958000022,7433.726819000001,21675.12270400001,8,1,1,0,0,1,1,1,0,0,0,0,0,0,0,0,1,0,0,0,0,0,0,0,0,0,0,0,0,0,0,1,1,0,0,64,256,192,0.75,3.0,0.01171875,1,0,1.0,0, 0, 0, 0, 0, 0,23,19,12,3,2,5,15,13,7,6,17,5,3,9,9,7,7,4,6,20,19,27,24,51,82,14,23,19,12,3,2,5,15,13,7,6,17,5,3,9,9,7,7,4,6,20,19,27,24,51,82,14,23,19,12,3,2,5,15,13,7,6,17,5,3,9,9,7,7,4,6,20,19,27,24,51,82,14,0,0,0,0,0,0,0,0,0,0,0,0,0,0,1,192
2455,0,31459.162332000018,7632.950773999997,23844.222123000007,1238,0,0,1,1,0,1,1,0,0,1,0,0,0,0,0,1,0,0,0,0,0,0,0,0,0,0,0,0,0,0,1,1,0,0,70,280,210,0.75,3.0,0.014285714285714285,2,1.0,0.37142857142857144,0, 0, 1, 0, 0, 0,20,23,17,6,4,3,16,15,5,14,18,4,3,5,9,7,9,8,4,20,17,33,27,60,90,16,20,23,17,6,4,3,16,15,5,14,18,4,3,5,9,7,9,8,4,20,17,33,27,60,90,16,20,23,17,6,4,3,16,15,5,14,18,4,3,5,9,7,9,8,4,20,17,33,27,60,90,16,0,0,0,0,0,0,0,0,0,0,0,0,0,0,1,210
2460,0,25460.604293000015,5805.215163000001,19673.399694999996,6871,0,0,1,1,0,0,0,1,0,0,0,0,0,0,0,1,0,0,0,0,0,0,0,0,0,1,0,0,0,1,1,1,0,0,58,234,176,0.7521367521367521,3.0344827586206895,0.004273504273504274,0,0,1.0,0, 0, 0, 0, 0, 0,10,17,10,5,1,11,13,16,3,7,28,4,6,5,9,7,7,0,3,14,8,23,21,44,81,14,10,17,10,5,1,11,13,16,3,7,28,4,6,5,9,7,7,0,3,14,8,23,21,44,81,14,10,17,10,5,1,11,13,16,3,7,28,4,6,5,9,7,7,0,3,14,8,23,21,44,81,14,0,0,0,0,0,0,0,1,0,0,0,0,1,1,1,176
2462,0,2925.47371,732.36288,2211.1213949999997,2137,0,0,1,1,0,0,0,1,0,0,0,0,0,0,1,1,0,0,0,0,0,0,0,0,0,1,0,0,0,1,1,1,0,0,6,26,20,0.7692307692307693,3.3333333333333335,0.038461538461538464,2,1.0,1.0,0, 0, 0, 0, 0, 0,3,1,0,1,1,0,2,1,0,2,0,2,2,0,0,1,0,0,1,3,1,2,3,5,11,1,3,1,0,1,1,0,2,1,0,2,0,2,2,0,0,1,0,0,1,3,1,2,3,5,11,1,3,1,0,1,1,0,2,1,0,2,0,2,2,0,0,1,0,0,1,3,1,2,3,5,11,1,0,0,0,0,0,0,0,1,0,0,0,0,1,1,1,20
2463,0,29001.64439900001,7320.751911000001,21698.90305300001,313,1,0,0,1,0,0,0,1,0,0,0,0,0,0,0,1,0,0,0,0,0,0,0,0,0,1,0,0,0,1,1,1,0,0,63,254,191,0.7519685039370079,3.0317460317460316,0.003937007874015748,0,0,1.0,0, 0, 0, 0, 0, 0,22,18,14,6,1,4,16,11,7,11,15,4,4,10,11,8,9,3,6,11,19,30,22,52,74,17,22,18,14,6,1,4,16,11,7,11,15,4,4,10,11,8,9,3,6,11,19,30,22,52,74,17,22,18,14,6,1,4,16,11,7,11,15,4,4,10,11,8,9,3,6,11,19,30,22,52,74,17,0,0,0,0,0,0,0,1,0,0,0,0,1,1,1,191
2464,0,11880.363914999998,3121.726801,8776.647678999996,4,1,1,0,1,0,0,0,1,0,0,0,0,0,0,0,1,0,0,0,0,0,0,0,0,0,1,0,0,0,1,1,1,0,0,26,105,79,0.7523809523809524,3.0384615384615383,0.009523809523809525,0,0,1.0,0, 0, 0, 0, 0, 0,10,7,10,0,1,4,5,4,0,6,9,3,1,2,2,2,2,1,1,9,4,15,10,25,39,4,10,7,10,0,1,4,5,4,0,6,9,3,1,2,2,2,2,1,1,9,4,15,10,25,39,4,10,7,10,0,1,4,5,4,0,6,9,3,1,2,2,2,2,1,1,9,4,15,10,25,39,4,0,0,0,0,0,0,0,1,0,0,0,0,1,1,1,79
2465,0,11613.916014,2637.3333089999996,8994.593270000005,1100,0,0,1,1,0,0,1,0,0,0,1,0,0,0,0,1,0,0,0,0,0,0,0,0,0,1,0,0,0,1,1,1,0,0,27,111,84,0.7567567567567568,3.111111111111111,0.018018018018018018,2,1.0,0.6396396396396397,0, 1, 0, 0, 0, 0,13,3,6,3,2,3,5,5,1,6,5,8,2,1,5,6,2,1,2,5,4,11,11,22,36,8,13,3,6,3,2,3,5,5,1,6,5,8,2,1,5,6,2,1,2,5,4,11,11,22,36,8,13,3,6,3,2,3,5,5,1,6,5,8,2,1,5,6,2,1,2,5,4,11,11,22,36,8,0,0,0,0,0,0,0,1,0,0,0,0,1,1,1,84
2466,0,10300.385607999997,2612.2800789999997,7706.116094000001,2991,0,0,1,0,1,1,1,0,0,0,0,0,0,0,0,1,0,0,0,0,0,0,0,0,0,1,0,0,0,1,1,1,0,0,24,97,73,0.7525773195876289,3.0416666666666665,0.030927835051546393,0,0,1.0,0, 0, 0, 0, 0, 0,5,6,3,2,2,2,0,8,0,5,6,5,2,2,4,7,8,0,1,5,3,3,11,14,31,15,5,6,3,2,2,2,0,8,0,5,6,5,2,2,4,7,8,0,1,5,3,3,11,14,31,15,5,6,3,2,2,2,0,8,0,5,6,5,2,2,4,7,8,0,1,5,3,3,11,14,31,15,0,0,0,0,0,0,0,1,0,0,0,0,1,1,1,73
2467,0,14305.492337999987,3438.8003200000003,10884.702582999995,2991,0,0,1,0,1,1,1,0,0,0,0,0,0,0,0,1,0,0,0,0,0,0,0,0,0,1,0,0,0,1,1,1,0,0,34,137,103,0.7518248175182481,3.0294117647058822,0.029197080291970802,1,0,1.0,0, 0, 0, 0, 0, 0,10,6,4,3,3,4,1,9,0,5,10,7,4,3,6,9,10,0,2,7,5,5,13,18,45,19,10,6,4,3,3,4,1,9,0,5,10,7,4,3,6,9,10,0,2,7,5,5,13,18,45,19,10,6,4,3,3,4,1,9,0,5,10,7,4,3,6,9,10,0,2,7,5,5,13,18,45,19,0,0,0,0,0,0,0,1,0,0,0,0,1,1,1,103
2468,0,28570.050717,7127.561510000002,21460.499771999992,5903,0,0,1,0,1,1,1,0,0,0,0,0,0,0,0,1,0,0,0,0,0,0,0,0,0,1,0,0,0,1,1,1,0,0,65,263,198,0.752851711026616,3.046153846153846,0.022813688212927757,1,0,1.0,0, 0, 0, 0, 0, 0,28,21,7,5,5,6,7,16,2,16,21,5,2,8,12,10,12,2,4,9,14,14,26,40,92,22,28,21,7,5,5,6,7,16,2,16,21,5,2,8,12,10,12,2,4,9,14,14,26,40,92,22,28,21,7,5,5,6,7,16,2,16,21,5,2,8,12,10,12,2,4,9,14,14,26,40,92,22,0,0,0,0,0,0,0,1,0,0,0,0,1,1,1,198
2471,0,30753.75775399999,7594.877637999996,23176.890680999997,5810,0,0,1,1,0,0,0,1,0,0,0,0,0,0,0,1,0,0,0,0,0,1,0,0,1,0,0,0,0,0,1,1,0,0,71,286,215,0.7517482517482518,3.028169014084507,0.0034965034965034965,0,0,1.0,0, 0, 0, 0, 0, 0,35,5,12,3,1,16,13,16,3,12,25,13,7,7,8,11,11,5,4,8,16,25,18,43,103,22,35,5,12,3,1,16,13,16,3,12,25,13,7,7,8,11,11,5,4,8,16,25,18,43,103,22,35,5,12,3,1,16,13,16,3,12,25,13,7,7,8,11,11,5,4,8,16,25,18,43,103,22,1,0,0,1,0,0,0,0,0,0,0,0,0,1,1,215
2472,0,28777.030572,7248.593290999999,21546.447846000003,5034,0,0,1,0,1,1,1,0,0,0,0,0,0,0,1,1,0,0,0,0,0,1,0,0,1,0,0,0,0,0,1,1,0,0,64,259,195,0.752895752895753,3.046875,0.011583011583011582,2,1.0,1.0,0, 0, 0, 0, 0, 0,23,20,7,3,2,8,11,10,4,8,30,1,4,8,13,15,12,2,3,11,13,18,21,39,86,27,23,20,7,3,2,8,11,10,4,8,30,1,4,8,13,15,12,2,3,11,13,18,21,39,86,27,23,20,7,3,2,8,11,10,4,8,30,1,4,8,13,15,12,2,3,11,13,18,21,39,86,27,1,0,0,1,0,0,0,0,0,0,0,0,0,1,1,195
2473,0,29142.53912599998,7268.567857000001,21891.981834000013,268,1,0,0,0,1,0,1,0,0,0,0,0,0,0,0,1,0,0,0,0,0,1,0,0,1,0,0,0,0,0,1,1,0,0,62,251,189,0.7529880478087649,3.0483870967741935,0.00796812749003984,1,0,1.0,0, 0, 0, 0, 0, 0,20,15,8,6,2,9,17,10,7,8,21,5,5,7,8,8,11,7,7,8,21,25,20,45,72,19,20,15,8,6,2,9,17,10,7,8,21,5,5,7,8,8,11,7,7,8,21,25,20,45,72,19,20,15,8,6,2,9,17,10,7,8,21,5,5,7,8,8,11,7,7,8,21,25,20,45,72,19,1,0,0,1,0,0,0,0,0,0,0,0,0,1,1,189
2474,0,10276.146603000005,2744.2547429999995,7549.902425000001,14,1,1,0,0,1,0,0,1,0,0,0,0,0,0,0,1,0,0,0,0,0,1,0,0,1,0,0,0,0,0,1,1,0,0,23,92,69,0.75,3.0,0.0,0,0,1.0,0, 0, 0, 0, 0, 0,10,2,4,3,0,4,6,5,1,5,7,3,1,3,4,1,2,1,2,5,6,10,5,15,33,3,10,2,4,3,0,4,6,5,1,5,7,3,1,3,4,1,2,1,2,5,6,10,5,15,33,3,10,2,4,3,0,4,6,5,1,5,7,3,1,3,4,1,2,1,2,5,6,10,5,15,33,3,1,0,0,1,0,0,0,0,0,0,0,0,0,1,1,69
2476,0,11481.076396000006,2643.333042,8855.753919000006,4410,0,0,1,0,1,1,1,0,0,0,0,0,0,0,0,1,0,0,0,0,0,1,0,0,1,0,0,0,0,0,1,1,0,0,26,104,78,0.75,3.0,0.028846153846153848,3,1.5,0.9134615384615384,1, 0, 1, 0, 0, 0,10,3,6,4,0,3,9,0,2,9,7,9,1,3,1,3,4,0,0,4,3,15,12,27,31,7,10,3,6,4,0,3,9,0,2,9,7,9,1,3,1,3,4,0,0,4,3,15,12,27,31,7,10,3,6,4,0,3,9,0,2,9,7,9,1,3,1,3,4,0,0,4,3,15,12,27,31,7,1,0,0,1,0,0,0,0,0,0,0,0,0,1,1,78
2477,0,30481.397958000005,7855.226147999998,22644.182375000015,6071,0,0,1,0,1,1,1,0,1,0,0,0,0,0,0,1,0,0,0,0,0,1,0,0,1,0,0,0,0,0,1,1,0,0,70,280,210,0.75,3.0,0.017857142857142856,0,0,0.7,0, 0, 0, 0, 1, 0,20,9,13,10,4,6,16,16,9,12,14,7,8,6,6,14,14,1,2,23,9,29,16,45,93,28,20,9,13,10,4,6,16,16,9,12,14,7,8,6,6,14,14,1,2,23,9,29,16,45,93,28,20,9,13,10,4,6,16,16,9,12,14,7,8,6,6,14,14,1,2,23,9,29,16,45,93,28,1,0,0,1,0,0,0,0,0,0,0,0,0,1,1,210
2479,0,15770.136171999991,3876.081898999999,11912.064837999998,7287,0,0,1,1,0,0,0,1,0,0,0,0,0,0,0,1,0,0,0,0,0,1,0,0,1,0,0,0,0,0,1,1,0,0,36,145,109,0.7517241379310344,3.0277777777777777,0.006896551724137931,0,0,1.0,0, 0, 0, 0, 0, 0,14,7,8,3,1,0,11,7,3,13,9,1,2,4,4,7,3,0,4,8,8,19,8,27,53,10,14,7,8,3,1,0,11,7,3,13,9,1,2,4,4,7,3,0,4,8,8,19,8,27,53,10,14,7,8,3,1,0,11,7,3,13,9,1,2,4,4,7,3,0,4,8,8,19,8,27,53,10,1,0,0,1,0,0,0,0,0,0,0,0,0,1,1,109
2480,0,7436.875398000002,1778.023657,5676.862306000001,7721,0,0,1,1,0,0,0,1,0,0,0,0,0,0,0,1,0,0,0,0,0,1,0,0,1,0,0,0,0,0,1,1,0,0,16,67,51,0.7611940298507462,3.1875,0.014925373134328358,2,1.0,1.0,0, 0, 0, 0, 0, 0,6,3,2,1,1,4,1,3,3,0,6,2,1,3,4,4,3,1,1,2,5,3,5,8,18,7,6,3,2,1,1,4,1,3,3,0,6,2,1,3,4,4,3,1,1,2,5,3,5,8,18,7,6,3,2,1,1,4,1,3,3,0,6,2,1,3,4,4,3,1,1,2,5,3,5,8,18,7,1,0,0,1,0,0,0,0,0,0,0,0,0,1,1,51
2482,0,26282.421877999994,6323.090523000001,19977.34191999999,6691,0,0,1,0,1,1,1,0,0,0,0,0,0,0,0,1,0,0,0,0,0,0,0,0,0,0,0,0,1,0,1,1,0,0,61,245,184,0.7510204081632653,3.0163934426229506,0.02040816326530612,3,9.0,1.0,0, 0, 0, 0, 0, 0,16,6,10,10,2,8,14,14,6,13,20,13,2,4,4,16,7,0,5,14,9,24,19,43,79,23,16,6,10,10,2,8,14,14,6,13,20,13,2,4,4,16,7,0,5,14,9,24,19,43,79,23,16,6,10,10,2,8,14,14,6,13,20,13,2,4,4,16,7,0,5,14,9,24,19,43,79,23,0,0,0,0,0,0,0,0,0,0,1,0,0,1,1,184
2483,0,15350.915797999987,3844.099284000001,11524.827078999991,5022,0,0,1,1,0,0,1,0,0,0,0,0,0,0,0,1,0,0,0,0,0,0,0,0,0,0,0,0,1,0,1,1,0,0,34,139,105,0.7553956834532374,3.088235294117647,0.014388489208633094,1,0,1.0,0, 0, 0, 0, 0, 0,3,1,8,6,2,8,9,6,1,10,11,7,1,1,5,8,10,0,2,6,3,17,8,25,37,18,3,1,8,6,2,8,9,6,1,10,11,7,1,1,5,8,10,0,2,6,3,17,8,25,37,18,3,1,8,6,2,8,9,6,1,10,11,7,1,1,5,8,10,0,2,6,3,17,8,25,37,18,0,0,0,0,0,0,0,0,0,0,1,0,0,1,1,105
2489,0,10126.435858999997,2530.368971,7614.077452999999,2311,0,0,1,1,0,0,1,0,0,0,0,0,0,0,0,1,0,0,0,0,0,0,0,0,0,0,0,0,1,0,1,1,0,0,23,92,69,0.75,3.0,0.021739130434782608,0,0,1.0,0, 0, 0, 0, 0, 0,3,1,2,1,2,3,2,8,3,0,7,11,1,5,3,3,5,1,1,7,7,4,12,16,26,8,3,1,2,1,2,3,2,8,3,0,7,11,1,5,3,3,5,1,1,7,7,4,12,16,26,8,3,1,2,1,2,3,2,8,3,0,7,11,1,5,3,3,5,1,1,7,7,4,12,16,26,8,0,0,0,0,0,0,0,0,0,0,1,0,0,1,1,69
2491,0,31602.91615199999,7848.977808,23771.948908999995,6897,0,0,1,0,1,1,1,0,0,0,0,0,0,0,0,1,0,0,0,0,0,0,0,0,0,0,0,0,1,0,1,1,0,0,70,281,211,0.7508896797153025,3.0142857142857142,0.014234875444839857,2,74.0,1.0,0, 0, 0, 0, 0, 0,16,11,12,11,3,6,10,11,4,11,24,11,10,7,7,18,14,2,11,12,20,22,22,44,84,32,16,11,12,11,3,6,10,11,4,11,24,11,10,7,7,18,14,2,11,12,20,22,22,44,84,32,16,11,12,11,3,6,10,11,4,11,24,11,10,7,7,18,14,2,11,12,20,22,22,44,84,32,0,0,0,0,0,0,0,0,0,0,1,0,0,1,1,211
2494,0,22754.283645000032,5505.7838180000035,17266.510392000004,2734,0,0,1,0,1,1,1,0,1,0,0,0,0,0,0,1,0,0,0,0,0,0,0,0,0,0,0,0,1,0,1,1,0,1,55,221,166,0.751131221719457,3.018181818181818,0.027149321266968326,0,0,0.5746606334841629,0, 0, 0, 2, 2, 1,20,8,5,3,6,21,10,14,4,0,6,6,2,0,39,3,8,0,1,10,1,15,14,29,52,11,20,8,5,3,6,21,10,14,4,0,6,6,2,0,39,3,8,0,1,10,1,15,14,29,52,11,20,8,5,3,6,21,10,14,4,0,6,6,2,0,39,3,8,0,1,10,1,15,14,29,52,11,0,0,0,0,0,0,0,0,0,0,1,0,0,0,1,166
2496,0,27284.53754900002,6639.425769999999,20663.122344000003,134,1,1,0,0,1,1,1,0,0,0,0,0,0,0,1,1,0,0,0,0,0,0,0,0,0,0,0,0,1,0,1,1,0,0,67,269,202,0.7509293680297398,3.014925373134328,0.01486988847583643,4,31.666666666666668,1.0,0, 0, 0, 0, 0, 0,23,13,12,9,3,7,8,29,3,1,18,3,3,3,9,17,19,3,3,16,9,20,16,36,90,36,23,13,12,9,3,7,8,29,3,1,18,3,3,3,9,17,19,3,3,16,9,20,16,36,90,36,23,13,12,9,3,7,8,29,3,1,18,3,3,3,9,17,19,3,3,16,9,20,16,36,90,36,0,0,0,0,0,0,0,0,0,0,1,0,0,0,1,202
2497,0,10069.271178000005,2655.3187299999995,7431.9630130000005,8,1,1,0,1,0,0,0,1,0,0,0,0,0,0,0,1,0,0,0,0,0,0,0,0,0,0,0,0,1,0,1,1,0,0,22,89,67,0.7528089887640449,3.0454545454545454,0.011235955056179775,0,0,1.0,0, 0, 0, 0, 0, 0,8,7,3,1,1,2,8,4,2,1,10,1,0,1,4,2,1,0,2,9,3,11,8,19,32,3,8,7,3,1,1,2,8,4,2,1,10,1,0,1,4,2,1,0,2,9,3,11,8,19,32,3,8,7,3,1,1,2,8,4,2,1,10,1,0,1,4,2,1,0,2,9,3,11,8,19,32,3,0,0,0,0,0,0,0,0,0,0,1,0,0,0,1,67
2498,0,26322.210494,6908.444272999997,19431.776786000006,261,1,0,0,0,1,1,1,0,0,0,0,0,0,0,0,1,0,0,0,0,0,0,0,0,0,0,0,0,1,0,1,1,0,0,57,229,172,0.7510917030567685,3.017543859649123,0.013100436681222707,0,0,1.0,0, 0, 0, 0, 0, 0,28,19,14,2,3,5,16,7,5,5,15,1,2,6,7,5,6,5,4,17,15,30,20,50,74,11,28,19,14,2,3,5,16,7,5,5,15,1,2,6,7,5,6,5,4,17,15,30,20,50,74,11,28,19,14,2,3,5,16,7,5,5,15,1,2,6,7,5,6,5,4,17,15,30,20,50,74,11,0,0,0,0,0,0,0,0,0,0,1,0,0,0,1,172
2499,0,32330.59762000001,8025.0477880000035,24323.560397000012,947,0,0,0,0,1,1,1,0,1,0,0,0,0,0,0,1,0,0,0,0,0,0,0,0,0,0,0,0,1,0,1,1,0,1,74,299,225,0.7525083612040134,3.0405405405405403,0.026755852842809364,3,56.5,0.5652173913043478,0, 1, 0, 1, 1, 2,22,20,15,5,5,3,16,21,7,5,32,4,2,2,12,8,20,2,5,19,9,31,24,55,101,28,22,20,15,5,5,3,16,21,7,5,32,4,2,2,12,8,20,2,5,19,9,31,24,55,101,28,22,20,15,5,5,3,16,21,7,5,32,4,2,2,12,8,20,2,5,19,9,31,24,55,101,28,0,0,0,0,0,0,0,0,0,0,1,0,0,0,1,225
2500,0,3960.720216999999,960.4334769999999,3018.297304999999,1914,0,0,1,1,0,0,0,1,0,0,0,0,0,0,1,1,0,0,0,0,0,0,0,0,0,0,0,0,1,0,1,1,0,0,9,36,27,0.75,3.0,0.027777777777777776,2,1.0,1.0,0, 0, 0, 0, 0, 0,4,0,3,0,1,1,4,1,0,0,1,0,2,1,1,0,2,1,1,4,3,7,0,7,12,2,4,0,3,0,1,1,4,1,0,0,1,0,2,1,1,0,2,1,1,4,3,7,0,7,12,2,4,0,3,0,1,1,4,1,0,0,1,0,2,1,1,0,2,1,1,4,3,7,0,7,12,2,0,0,0,0,0,0,0,0,0,0,1,0,0,0,1,27
2501,0,4091.760701,962.4313680000001,3147.339898,1914,0,0,1,1,0,0,0,1,0,0,0,0,0,0,1,1,0,0,0,0,0,0,0,0,0,0,0,0,1,0,1,1,0,0,9,37,28,0.7567567567567568,3.111111111111111,0.02702702702702703,2,1.0,1.0,0, 0, 0, 0, 0, 0,4,0,3,0,1,1,5,1,0,0,1,0,2,1,1,0,2,1,1,4,3,8,0,8,12,2,4,0,3,0,1,1,5,1,0,0,1,0,2,1,1,0,2,1,1,4,3,8,0,8,12,2,4,0,3,0,1,1,5,1,0,0,1,0,2,1,1,0,2,1,1,4,3,8,0,8,12,2,0,0,0,0,0,0,0,0,0,0,1,0,0,0,1,28
2502,0,21629.003907000006,5082.659415999999,16564.355056,2234,0,0,1,0,1,1,1,0,0,0,0,0,0,0,0,1,0,0,0,0,0,0,0,0,0,0,0,0,1,0,1,1,0,0,48,193,145,0.7512953367875648,3.0208333333333335,0.015544041450777202,1,0,1.0,0, 0, 0, 0, 0, 0,11,18,16,2,3,6,8,9,3,6,13,2,1,3,11,5,9,3,5,11,11,24,20,44,51,14,11,18,16,2,3,6,8,9,3,6,13,2,1,3,11,5,9,3,5,11,11,24,20,44,51,14,11,18,16,2,3,6,8,9,3,6,13,2,1,3,11,5,9,3,5,11,11,24,20,44,51,14,0,0,0,0,0,0,0,0,0,0,1,0,0,0,1,145
2506,0,27295.060386999994,7178.655906999998,20134.415044999994,7238,0,0,1,1,0,0,1,0,0,0,0,0,0,0,0,1,0,0,0,0,0,1,0,0,1,0,0,0,0,0,1,1,0,0,62,248,186,0.75,3.0,0.008064516129032258,0,0,1.0,0, 0, 0, 0, 0, 0,18,11,13,10,2,3,9,18,2,10,23,10,7,7,8,9,9,0,5,12,12,22,21,43,88,18,18,11,13,10,2,3,9,18,2,10,23,10,7,7,8,9,9,0,5,12,12,22,21,43,88,18,18,11,13,10,2,3,9,18,2,10,23,10,7,7,8,9,9,0,5,12,12,22,21,43,88,18,1,0,0,1,0,0,1,0,0,0,0,0,0,1,1,186
2507,0,10859.440497000009,2877.434426,8000.016636000001,35,1,1,0,0,1,0,0,1,0,0,0,0,0,0,0,1,0,0,0,0,0,1,0,0,1,0,0,0,0,0,1,1,0,0,23,95,72,0.7578947368421053,3.130434782608696,0.010526315789473684,0,0,1.0,0, 0, 0, 0, 0, 0,9,3,4,2,1,7,7,5,4,2,11,1,1,1,3,2,1,1,2,5,4,11,4,15,33,3,9,3,4,2,1,7,7,5,4,2,11,1,1,1,3,2,1,1,2,5,4,11,4,15,33,3,9,3,4,2,1,7,7,5,4,2,11,1,1,1,3,2,1,1,2,5,4,11,4,15,33,3,1,0,0,1,0,0,1,0,0,0,0,0,0,1,1,72
2508,0,30511.341279999968,7365.630516999998,23163.721328000018,249,1,0,0,1,0,0,1,0,0,0,0,0,0,0,0,1,0,0,0,0,0,1,0,0,1,0,0,0,0,0,1,1,0,0,66,266,200,0.7518796992481203,3.0303030303030303,0.007518796992481203,0,0,1.0,0, 0, 0, 0, 0, 0,23,18,13,3,2,12,12,11,7,7,24,3,3,6,8,6,13,8,10,11,24,25,21,46,79,19,23,18,13,3,2,12,12,11,7,7,24,3,3,6,8,6,13,8,10,11,24,25,21,46,79,19,23,18,13,3,2,12,12,11,7,7,24,3,3,6,8,6,13,8,10,11,24,25,21,46,79,19,1,0,0,1,0,0,1,0,0,0,0,0,0,1,1,200
2509,0,19745.31115899999,4622.380658,15140.941066,4849,0,0,1,1,0,0,1,0,0,0,1,0,0,0,0,1,0,0,0,0,0,1,0,0,1,0,0,0,0,0,1,1,0,0,47,188,141,0.75,3.0,0.010638297872340425,1,0,0.48936170212765956,0, 1, 0, 0, 0, 0,14,7,11,5,2,5,17,18,2,3,6,6,5,4,6,10,6,0,6,8,10,28,13,41,54,16,14,7,11,5,2,5,17,18,2,3,6,6,5,4,6,10,6,0,6,8,10,28,13,41,54,16,14,7,11,5,2,5,17,18,2,3,6,6,5,4,6,10,6,0,6,8,10,28,13,41,54,16,1,0,0,1,0,0,1,0,0,0,0,0,0,1,1,141
2510,0,31569.042155000014,7820.864022999998,23766.18869700002,5467,0,0,1,0,1,1,1,0,0,0,0,0,0,0,0,1,0,0,0,0,0,1,0,0,1,0,0,0,0,0,1,1,0,0,71,287,216,0.7526132404181185,3.0422535211267605,0.010452961672473868,2,35.0,1.0,0, 0, 0, 0, 0, 0,18,18,22,5,1,10,7,17,3,12,19,2,2,5,14,11,13,3,9,25,17,29,20,49,93,24,18,18,22,5,1,10,7,17,3,12,19,2,2,5,14,11,13,3,9,25,17,29,20,49,93,24,18,18,22,5,1,10,7,17,3,12,19,2,2,5,14,11,13,3,9,25,17,29,20,49,93,24,1,0,0,1,0,0,1,0,0,0,0,0,0,1,1,216
2511,0,24545.40584999998,5817.9924569999985,18745.423957999996,6323,0,0,1,0,1,0,1,0,0,0,0,0,0,0,1,1,0,0,0,0,0,1,0,0,1,0,0,0,0,0,1,1,0,0,53,214,161,0.7523364485981309,3.0377358490566038,0.009345794392523364,0,0,1.0,0, 0, 0, 0, 0, 0,14,22,8,3,1,9,25,7,2,7,15,2,5,5,5,12,5,3,1,10,9,33,24,57,58,17,14,22,8,3,1,9,25,7,2,7,15,2,5,5,5,12,5,3,1,10,9,33,24,57,58,17,14,22,8,3,1,9,25,7,2,7,15,2,5,5,5,12,5,3,1,10,9,33,24,57,58,17,1,0,0,1,0,0,1,0,0,0,0,0,0,1,1,161
2516,0,22084.334783,5653.936851000001,16448.408496999997,5013,0,0,1,1,0,0,1,0,0,0,0,0,0,0,1,1,0,0,0,0,0,0,0,0,0,0,0,0,0,0,1,1,0,0,50,201,151,0.7512437810945274,3.02,0.009950248756218905,1,0,1.0,0, 0, 0, 0, 0, 0,17,11,8,4,2,5,11,13,3,9,15,2,3,6,14,6,8,3,2,9,11,19,13,32,66,14,17,11,8,4,2,5,11,13,3,9,15,2,3,6,14,6,8,3,2,9,11,19,13,32,66,14,17,11,8,4,2,5,11,13,3,9,15,2,3,6,14,6,8,3,2,9,11,19,13,32,66,14,0,0,0,0,0,0,0,0,0,0,0,0,0,1,1,151
2518,0,27259.029402999993,7095.753569,20181.28639900001,268,1,0,0,1,0,0,0,1,0,0,0,0,0,0,0,1,0,0,0,0,0,0,0,0,0,0,0,0,0,0,1,1,0,0,59,239,180,0.7531380753138075,3.0508474576271185,0.0041841004184100415,0,0,1.0,0, 0, 0, 0, 0, 0,19,17,13,2,1,4,14,11,3,7,22,1,2,8,10,11,13,3,7,12,18,27,18,45,73,24,19,17,13,2,1,4,14,11,3,7,22,1,2,8,10,11,13,3,7,12,18,27,18,45,73,24,19,17,13,2,1,4,14,11,3,7,22,1,2,8,10,11,13,3,7,12,18,27,18,45,73,24,0,0,0,0,0,0,0,0,0,0,0,0,0,1,1,180
2521,0,33243.19861499997,8561.526079000003,24699.683101,7973,0,0,1,0,1,1,1,0,0,0,0,0,1,0,1,1,0,0,0,0,0,0,0,0,0,0,0,0,0,0,1,1,0,0,75,300,225,0.75,3.0,0.02,3,43.5,1.0,0, 0, 0, 0, 0, 0,20,18,16,7,5,7,13,17,7,13,25,2,3,4,16,11,10,4,5,22,13,29,20,49,100,21,20,18,16,7,5,7,13,17,7,13,25,2,3,4,16,11,10,4,5,22,13,29,20,49,100,21,20,18,16,7,5,7,13,17,7,13,25,2,3,4,16,11,10,4,5,22,13,29,20,49,100,21,0,0,0,0,0,0,0,0,0,0,0,0,0,1,1,225
2524,0,6650.330970999999,1604.8530849999997,5063.488450999997,2130,0,0,1,1,0,0,0,1,0,0,0,0,0,0,1,1,0,0,0,0,0,0,0,0,0,0,0,1,1,0,1,1,0,0,15,60,45,0.75,3.0,0.016666666666666666,1,0,1.0,0, 0, 0, 0, 0, 0,6,3,2,1,1,1,2,2,2,3,4,0,2,3,3,1,7,1,1,0,5,4,3,7,17,8,6,3,2,1,1,1,2,2,2,3,4,0,2,3,3,1,7,1,1,0,5,4,3,7,17,8,6,3,2,1,1,1,2,2,2,3,4,0,2,3,3,1,7,1,1,0,5,4,3,7,17,8,0,0,0,0,0,0,0,0,0,1,1,1,0,0,1,45
2525,0,29594.009359000014,7138.475688999997,22473.54423500001,289,1,0,0,1,0,0,1,0,0,0,0,0,0,0,0,1,0,0,0,0,0,0,0,0,0,0,0,1,1,0,1,1,0,0,64,259,195,0.752895752895753,3.046875,0.007722007722007722,0,0,1.0,0, 0, 0, 0, 0, 0,23,20,12,5,2,11,15,13,6,15,15,4,2,8,6,5,6,7,6,14,21,27,24,51,82,11,23,20,12,5,2,11,15,13,6,15,15,4,2,8,6,5,6,7,6,14,21,27,24,51,82,11,23,20,12,5,2,11,15,13,6,15,15,4,2,8,6,5,6,7,6,14,21,27,24,51,82,11,0,0,0,0,0,0,0,0,0,1,1,1,0,0,1,195
2526,0,10699.362440000004,2531.2550619999997,8186.117943000003,4,1,1,0,1,0,0,0,1,0,0,0,0,0,0,0,1,0,0,0,0,0,0,0,0,0,0,0,1,1,0,1,1,0,0,24,98,74,0.7551020408163265,3.0833333333333335,0.01020408163265306,0,0,1.0,0, 0, 0, 0, 0, 0,11,5,2,2,1,5,7,6,1,2,8,1,3,2,1,3,3,3,1,7,6,9,6,15,37,6,11,5,2,2,1,5,7,6,1,2,8,1,3,2,1,3,3,3,1,7,6,9,6,15,37,6,11,5,2,2,1,5,7,6,1,2,8,1,3,2,1,3,3,3,1,7,6,9,6,15,37,6,0,0,0,0,0,0,0,0,0,1,1,1,0,0,1,74
2527,0,15685.114420000002,3891.0175249999993,11812.107459999996,76,1,1,0,0,1,0,0,1,0,0,0,0,0,0,0,1,0,0,0,0,0,0,0,0,0,0,0,1,1,0,1,1,0,0,36,147,111,0.7551020408163265,3.0833333333333335,0.0,0,0,1.0,0, 0, 0, 0, 0, 0,16,7,5,1,0,2,9,8,6,3,12,3,2,4,4,8,10,0,1,10,5,14,10,24,51,18,16,7,5,1,0,2,9,8,6,3,12,3,2,4,4,8,10,0,1,10,5,14,10,24,51,18,16,7,5,1,0,2,9,8,6,3,12,3,2,4,4,8,10,0,1,10,5,14,10,24,51,18,0,0,0,0,0,0,0,0,0,1,1,1,0,0,1,111
2529,0,27484.15746800001,6829.451209999997,20672.71682300002,995,0,0,0,0,1,1,1,0,0,0,0,0,0,0,1,1,0,0,0,0,0,0,0,0,0,0,0,1,1,0,1,1,0,0,62,248,186,0.75,3.0,0.012096774193548387,1,0,1.0,0, 0, 0, 0, 0, 0,22,9,3,4,3,4,5,14,5,10,23,1,8,17,6,11,10,6,6,19,29,8,10,18,96,21,22,9,3,4,3,4,5,14,5,10,23,1,8,17,6,11,10,6,6,19,29,8,10,18,96,21,22,9,3,4,3,4,5,14,5,10,23,1,8,17,6,11,10,6,6,19,29,8,10,18,96,21,0,0,0,0,0,0,0,0,0,1,1,1,0,0,1,186
2530,0,29951.72686900006,7680.2706000000035,22289.466834000013,4242,0,0,1,1,0,0,1,0,0,1,0,0,0,0,1,1,0,0,0,0,0,0,0,0,0,0,0,1,1,0,1,1,0,0,67,269,202,0.7509293680297398,3.014925373134328,0.007434944237918215,2,4.0,0.1412639405204461,0, 0, 1, 0, 0, 0,24,18,15,4,2,9,7,19,7,7,20,2,3,9,14,4,9,5,5,19,19,22,20,42,92,13,24,18,15,4,2,9,7,19,7,7,20,2,3,9,14,4,9,5,5,19,19,22,20,42,92,13,24,18,15,4,2,9,7,19,7,7,20,2,3,9,14,4,9,5,5,19,19,22,20,42,92,13,0,0,0,0,0,0,0,0,0,1,1,1,0,0,1,202
2532,0,17716.76736400001,4428.117483,13306.66044599999,5812,0,0,1,0,1,0,1,0,0,0,0,0,0,0,0,1,0,0,0,0,0,0,0,0,0,0,0,1,1,0,1,1,0,0,39,159,120,0.7547169811320755,3.076923076923077,0.012578616352201259,1,0,1.0,0, 0, 0, 0, 0, 0,10,8,10,0,1,4,9,10,8,1,16,3,9,2,6,5,2,1,1,14,4,19,11,30,60,7,10,8,10,0,1,4,9,10,8,1,16,3,9,2,6,5,2,1,1,14,4,19,11,30,60,7,10,8,10,0,1,4,9,10,8,1,16,3,9,2,6,5,2,1,1,14,4,19,11,30,60,7,0,0,0,0,0,0,0,0,0,1,1,1,0,0,1,120
2536,0,4983.545770999999,1313.6689569999999,3687.8873789999993,10180,0,0,1,1,0,0,0,1,0,0,0,0,0,0,0,1,0,0,0,0,0,1,0,0,1,0,0,0,0,0,1,1,0,0,11,46,35,0.7608695652173914,3.1818181818181817,0.021739130434782608,2,1.0,1.0,0, 0, 0, 0, 0, 0,3,2,1,1,1,0,0,5,1,2,3,2,3,1,3,2,2,0,1,2,2,1,4,5,18,4,3,2,1,1,1,0,0,5,1,2,3,2,3,1,3,2,2,0,1,2,2,1,4,5,18,4,3,2,1,1,1,0,0,5,1,2,3,2,3,1,3,2,2,0,1,2,2,1,4,5,18,4,1,0,0,1,0,0,0,0,0,0,0,0,0,1,1,35
2537,0,33643.113907999985,8446.455325,25214.669147999994,1815,0,0,1,1,0,0,0,1,0,0,0,0,0,0,0,1,0,0,0,0,0,1,0,0,1,0,0,0,0,0,1,1,0,0,74,299,225,0.7525083612040134,3.0405405405405403,0.0033444816053511705,0,0,1.0,0, 0, 0, 0, 0, 0,15,16,7,6,1,21,16,13,5,8,38,9,6,3,15,10,10,2,3,21,8,23,25,48,101,20,15,16,7,6,1,21,16,13,5,8,38,9,6,3,15,10,10,2,3,21,8,23,25,48,101,20,15,16,7,6,1,21,16,13,5,8,38,9,6,3,15,10,10,2,3,21,8,23,25,48,101,20,1,0,0,1,0,0,0,0,0,0,0,0,0,1,1,225
2539,0,5751.31006,1492.9414919999997,4276.379133000001,5,1,1,0,1,0,0,0,1,0,0,0,0,0,0,0,1,0,0,0,0,0,1,0,0,1,0,0,0,0,0,1,1,0,0,13,52,39,0.75,3.0,0.019230769230769232,1,0,1.0,0, 0, 0, 0, 0, 0,3,1,0,1,1,1,0,6,1,5,6,1,0,4,2,0,1,1,2,3,7,0,2,2,23,1,3,1,0,1,1,1,0,6,1,5,6,1,0,4,2,0,1,1,2,3,7,0,2,2,23,1,3,1,0,1,1,1,0,6,1,5,6,1,0,4,2,0,1,1,2,3,7,0,2,2,23,1,1,0,0,1,0,0,0,0,0,0,0,0,0,1,1,39
2540,0,10286.228881000003,2752.281612,7551.957834,29,1,1,0,0,1,0,0,1,0,0,0,0,0,0,0,1,0,0,0,0,0,1,0,0,1,0,0,0,0,0,1,1,0,0,22,91,69,0.7582417582417582,3.1363636363636362,0.0,0,0,1.0,0, 0, 0, 0, 0, 0,8,2,6,1,0,2,7,7,2,7,8,5,2,2,3,1,0,1,1,4,4,13,7,20,36,1,8,2,6,1,0,2,7,7,2,7,8,5,2,2,3,1,0,1,1,4,4,13,7,20,36,1,8,2,6,1,0,2,7,7,2,7,8,5,2,2,3,1,0,1,1,4,4,13,7,20,36,1,1,0,0,1,0,0,0,0,0,0,0,0,0,1,1,69
2541,0,28983.664345999987,7163.550415999999,21838.124495000015,243,1,0,0,0,1,0,0,1,0,0,0,0,0,0,1,1,0,0,0,0,0,1,0,0,1,0,0,0,0,0,1,1,0,0,62,250,188,0.752,3.032258064516129,0.004,0,0,1.0,0, 0, 0, 0, 0, 0,16,19,12,2,1,12,13,12,7,10,22,3,4,5,10,10,8,7,7,8,19,25,22,47,72,18,16,19,12,2,1,12,13,12,7,10,22,3,4,5,10,10,8,7,7,8,19,25,22,47,72,18,16,19,12,2,1,12,13,12,7,10,22,3,4,5,10,10,8,7,7,8,19,25,22,47,72,18,1,0,0,1,0,0,0,0,0,0,0,0,0,1,1,188
2543,0,28840.480566000002,6851.498954999997,22006.992175999996,4629,0,0,1,0,1,1,1,0,0,0,0,0,0,0,0,1,0,0,0,0,0,1,0,0,1,0,0,0,0,0,1,1,0,0,66,264,198,0.75,3.0,0.022727272727272728,2,9.0,1.0,0, 0, 0, 0, 0, 0,25,13,13,9,5,10,13,16,6,11,23,3,2,8,8,5,5,1,11,11,20,26,16,42,88,10,25,13,13,9,5,10,13,16,6,11,23,3,2,8,8,5,5,1,11,11,20,26,16,42,88,10,25,13,13,9,5,10,13,16,6,11,23,3,2,8,8,5,5,1,11,11,20,26,16,42,88,10,1,0,0,1,0,0,0,0,0,0,0,0,0,1,1,198
2544,0,16110.641996999995,4047.2085130000014,12081.444048999994,7284,0,0,1,1,0,0,0,1,0,0,0,0,0,0,0,1,0,0,0,0,0,1,0,0,1,0,0,0,0,0,1,1,0,0,37,148,111,0.75,3.0,0.006756756756756757,1,0,1.0,0, 0, 0, 0, 0, 0,8,9,6,1,1,11,5,11,0,6,13,4,1,1,2,8,8,1,3,12,5,11,13,24,51,16,8,9,6,1,1,11,5,11,0,6,13,4,1,1,2,8,8,1,3,12,5,11,13,24,51,16,8,9,6,1,1,11,5,11,0,6,13,4,1,1,2,8,8,1,3,12,5,11,13,24,51,16,1,0,0,1,0,0,0,0,0,0,0,0,0,1,1,111
2545,0,32365.38804400001,8108.095265000004,24275.303344000004,1020,0,0,1,0,1,0,1,0,0,0,0,0,0,0,0,1,0,0,0,0,0,0,0,0,0,0,0,0,0,0,1,1,0,0,74,299,225,0.7525083612040134,3.0405405405405403,0.006688963210702341,2,1.0,1.0,0, 0, 0, 0, 0, 0,20,11,15,5,1,11,11,21,10,12,29,3,6,9,12,18,13,2,3,13,14,26,14,40,101,31,20,11,15,5,1,11,11,21,10,12,29,3,6,9,12,18,13,2,3,13,14,26,14,40,101,31,20,11,15,5,1,11,11,21,10,12,29,3,6,9,12,18,13,2,3,13,14,26,14,40,101,31,0,0,0,0,0,0,0,0,0,0,0,0,0,0,1,225
2546,0,28176.666822999992,7105.646051000001,21089.031337000008,271,1,0,0,0,1,0,1,0,0,0,0,0,0,0,0,1,0,0,0,0,0,0,0,0,0,0,0,0,0,0,1,1,0,0,62,250,188,0.752,3.032258064516129,0.008,0,0,1.0,0, 0, 0, 0, 0, 0,26,16,14,2,1,6,11,9,7,8,24,6,2,8,9,10,7,4,5,13,17,25,22,47,82,17,26,16,14,2,1,6,11,9,7,8,24,6,2,8,9,10,7,4,5,13,17,25,22,47,82,17,26,16,14,2,1,6,11,9,7,8,24,6,2,8,9,10,7,4,5,13,17,25,22,47,82,17,0,0,0,0,0,0,0,0,0,0,0,0,0,0,1,188
2549,0,7614.0313559999995,1725.1028929999998,5906.939027999999,9133,0,0,1,0,1,1,1,0,0,0,0,0,0,0,0,1,0,0,0,0,0,0,0,0,0,0,0,0,0,0,1,1,0,0,16,67,51,0.7611940298507462,3.1875,0.04477611940298507,0,0,0.2835820895522388,0, 0, 0, 1, 0, 0,3,3,3,0,3,0,1,3,2,2,7,0,1,1,3,3,3,4,3,6,8,4,3,7,22,6,3,3,3,0,3,0,1,3,2,2,7,0,1,1,3,3,3,4,3,6,8,4,3,7,22,6,3,3,3,0,3,0,1,3,2,2,7,0,1,1,3,3,3,4,3,6,8,4,3,7,22,6,0,0,0,0,0,0,0,0,0,0,0,0,0,1,1,51
2551,0,26334.84332499999,6111.143560999998,20241.710328999994,8402,0,0,1,1,0,1,1,0,1,0,0,1,0,0,1,1,0,0,0,0,0,0,0,0,0,0,0,0,0,0,1,1,0,1,61,244,183,0.75,3.0,0.020491803278688523,5,31.5,0.26639344262295084,1, 0, 0, 0, 1, 0,22,15,9,1,5,4,4,15,6,4,35,0,2,9,7,8,12,8,3,14,20,13,15,28,92,20,22,15,9,1,5,4,4,15,6,4,35,0,2,9,7,8,12,8,3,14,20,13,15,28,92,20,22,15,9,1,5,4,4,15,6,4,35,0,2,9,7,8,12,8,3,14,20,13,15,28,92,20,0,0,0,0,0,0,0,0,0,0,0,0,0,1,1,183
2552,0,23949.02301200002,6160.026032,17807.007545000004,4345,0,0,1,0,1,1,1,0,0,0,0,0,0,0,0,1,0,0,0,0,0,0,0,0,0,0,0,0,0,0,1,1,0,0,56,225,169,0.7511111111111111,3.017857142857143,0.017777777777777778,0,0,1.0,0, 0, 0, 0, 0, 0,11,9,4,6,3,10,11,25,4,6,14,4,4,6,8,13,7,2,2,20,10,15,13,28,80,20,11,9,4,6,3,10,11,25,4,6,14,4,4,6,8,13,7,2,2,20,10,15,13,28,80,20,11,9,4,6,3,10,11,25,4,6,14,4,4,6,8,13,7,2,2,20,10,15,13,28,80,20,0,0,0,0,0,0,0,0,0,0,0,0,0,1,1,169
2554,0,26832.50931399999,6834.392233999997,20016.127645,327,1,0,0,1,0,1,1,0,0,0,0,0,0,0,1,1,0,0,0,0,0,0,0,0,0,0,0,0,0,0,1,1,0,0,58,235,177,0.7531914893617021,3.0517241379310347,0.01702127659574468,0,0,1.0,0, 0, 0, 0, 0, 0,28,19,12,3,4,3,17,8,5,8,18,2,2,6,8,7,5,6,4,12,16,29,21,50,76,12,28,19,12,3,4,3,17,8,5,8,18,2,2,6,8,7,5,6,4,12,16,29,21,50,76,12,28,19,12,3,4,3,17,8,5,8,18,2,2,6,8,7,5,6,4,12,16,29,21,50,76,12,0,0,0,0,0,0,0,0,0,0,0,0,0,1,1,177
2555,0,31875.376447000024,7762.878326000002,24130.508685999994,1039,0,0,1,0,1,1,1,0,0,0,0,1,0,0,0,1,0,0,0,0,0,0,0,0,0,0,0,0,0,0,1,1,0,1,73,295,222,0.752542372881356,3.041095890410959,0.030508474576271188,6,75.0,0.9220338983050848,1, 1, 0, 1, 0, 1,17,21,14,3,6,3,16,24,5,7,37,3,4,4,11,9,18,2,4,14,10,30,24,54,103,27,17,21,14,3,6,3,16,24,5,7,37,3,4,4,11,9,18,2,4,14,10,30,24,54,103,27,17,21,14,3,6,3,16,24,5,7,37,3,4,4,11,9,18,2,4,14,10,30,24,54,103,27,0,0,0,0,0,0,0,0,0,0,0,0,0,1,1,222
2557,0,16670.226914999996,4004.9782959999984,12683.259184000002,3911,0,0,1,0,1,0,1,0,0,0,0,0,0,0,0,1,0,0,0,0,0,0,0,0,0,0,0,0,0,0,1,1,0,0,38,153,115,0.7516339869281046,3.026315789473684,0.013071895424836602,1,0,1.0,0, 0, 0, 0, 0, 0,6,9,11,6,1,3,7,13,4,6,12,1,2,2,12,5,5,3,2,5,7,18,10,28,44,10,6,9,11,6,1,3,7,13,4,6,12,1,2,2,12,5,5,3,2,5,7,18,10,28,44,10,6,9,11,6,1,3,7,13,4,6,12,1,2,2,12,5,5,3,2,5,7,18,10,28,44,10,0,0,0,0,0,0,0,0,0,0,0,0,0,1,1,115
2558,0,22169.364061,5331.805293,16855.569333000007,7988,0,0,1,1,0,0,0,1,0,0,0,0,0,0,0,1,0,0,0,0,0,1,0,0,1,0,0,0,0,0,1,1,0,0,46,186,140,0.7526881720430108,3.0434782608695654,0.005376344086021506,0,0,1.0,0, 0, 0, 0, 0, 0,8,13,7,4,1,8,8,10,5,9,13,6,3,9,5,6,4,6,9,6,24,15,19,34,49,10,8,13,7,4,1,8,8,10,5,9,13,6,3,9,5,6,4,6,9,6,24,15,19,34,49,10,8,13,7,4,1,8,8,10,5,9,13,6,3,9,5,6,4,6,9,6,24,15,19,34,49,10,1,0,0,1,0,0,0,0,0,0,0,0,0,1,1,140
2559,0,13517.947920999999,3280.757202,10255.201283999997,7617,0,0,1,0,1,1,1,0,0,0,0,0,0,0,0,1,0,0,0,0,0,1,0,0,1,0,0,0,0,0,1,1,0,0,31,124,93,0.75,3.0,0.03225806451612903,1,0,1.0,0, 0, 0, 0, 0, 0,9,4,4,2,2,6,5,6,3,8,4,3,2,3,4,6,6,2,3,11,8,9,7,16,40,12,9,4,4,2,2,6,5,6,3,8,4,3,2,3,4,6,6,2,3,11,8,9,7,16,40,12,9,4,4,2,2,6,5,6,3,8,4,3,2,3,4,6,6,2,3,11,8,9,7,16,40,12,1,0,0,1,0,0,0,0,0,0,0,0,0,1,1,93
2561,0,10438.284300000001,2768.4982099999997,7687.796655,7234,0,0,1,0,1,0,1,0,0,0,0,0,0,0,0,1,0,0,0,0,0,1,0,0,1,0,0,0,0,0,1,1,0,0,23,93,70,0.7526881720430108,3.0434782608695654,0.021505376344086023,2,1.0,1.0,0, 0, 0, 0, 0, 0,6,5,5,4,1,0,4,7,0,2,6,2,2,5,2,4,6,1,2,6,8,9,7,16,29,10,6,5,5,4,1,0,4,7,0,2,6,2,2,5,2,4,6,1,2,6,8,9,7,16,29,10,6,5,5,4,1,0,4,7,0,2,6,2,2,5,2,4,6,1,2,6,8,9,7,16,29,10,1,0,0,1,0,0,0,0,0,0,0,0,0,1,1,70
2562,0,16485.268276999996,4131.147810999999,12372.131030999999,3788,0,0,1,1,0,0,1,0,0,0,0,0,0,0,0,1,0,0,0,0,0,1,0,0,1,0,0,0,0,0,1,1,0,0,37,151,114,0.7549668874172185,3.081081081081081,0.013245033112582781,1,0,1.0,0, 0, 0, 0, 0, 0,16,3,12,6,2,8,3,7,2,5,6,7,2,3,5,4,4,2,4,13,9,15,10,25,49,8,16,3,12,6,2,8,3,7,2,5,6,7,2,3,5,4,4,2,4,13,9,15,10,25,49,8,16,3,12,6,2,8,3,7,2,5,6,7,2,3,5,4,4,2,4,13,9,15,10,25,49,8,1,0,0,1,0,0,0,0,0,0,0,0,0,1,1,114
2563,0,6731.259043999999,1736.9283569999998,5012.341252000001,3547,0,0,1,1,0,0,1,0,0,0,0,0,0,0,0,1,0,0,0,0,0,1,0,0,1,0,0,0,0,0,1,1,0,0,15,61,46,0.7540983606557377,3.066666666666667,0.03278688524590164,1,0,1.0,0, 0, 0, 0, 0, 0,6,2,3,3,2,2,4,2,1,3,4,1,2,1,1,4,3,0,1,1,2,7,3,10,18,7,6,2,3,3,2,2,4,2,1,3,4,1,2,1,1,4,3,0,1,1,2,7,3,10,18,7,6,2,3,3,2,2,4,2,1,3,4,1,2,1,1,4,3,0,1,1,2,7,3,10,18,7,1,0,0,1,0,0,0,0,0,0,0,0,0,1,1,46
2566,0,10497.3549,3000.4790259999995,7514.886439000001,8,1,1,0,0,1,0,0,1,0,0,0,0,0,0,0,1,0,0,0,0,0,1,0,0,1,0,0,0,0,0,1,1,0,0,23,92,69,0.75,3.0,0.0,0,0,1.0,0, 0, 0, 0, 0, 0,9,2,4,2,0,5,5,6,1,5,9,2,1,3,2,2,4,1,2,4,6,9,4,13,34,6,9,2,4,2,0,5,5,6,1,5,9,2,1,3,2,2,4,1,2,4,6,9,4,13,34,6,9,2,4,2,0,5,5,6,1,5,9,2,1,3,2,2,4,1,2,4,6,9,4,13,34,6,1,0,0,1,0,0,0,0,0,0,0,0,0,1,1,69
2567,0,29379.64463199998,7266.588593999998,22131.06660300001,270,1,0,0,0,1,1,1,0,0,0,0,0,0,0,0,1,0,0,0,0,0,1,0,0,1,0,0,0,0,0,1,1,0,0,62,251,189,0.7529880478087649,3.0483870967741935,0.01195219123505976,1,0,1.0,0, 0, 0, 0, 0, 0,18,20,11,3,3,10,15,9,7,7,22,2,6,5,7,12,6,8,7,11,20,26,22,48,73,18,18,20,11,3,3,10,15,9,7,7,22,2,6,5,7,12,6,8,7,11,20,26,22,48,73,18,18,20,11,3,3,10,15,9,7,7,22,2,6,5,7,12,6,8,7,11,20,26,22,48,73,18,1,0,0,1,0,0,0,0,0,0,0,0,0,1,1,189
2568,0,8329.073746999997,1991.127788,6355.956524000001,3641,0,0,1,1,0,0,1,0,0,0,0,0,0,0,0,1,0,0,0,0,0,1,0,0,1,0,0,0,0,0,1,1,0,0,17,71,54,0.7605633802816901,3.176470588235294,0.028169014084507043,1,0,1.0,0, 0, 0, 0, 0, 0,1,3,9,2,2,3,1,1,1,1,4,3,1,3,5,3,4,0,4,3,7,10,6,16,11,7,1,3,9,2,2,3,1,1,1,1,4,3,1,3,5,3,4,0,4,3,7,10,6,16,11,7,1,3,9,2,2,3,1,1,1,1,4,3,1,3,5,3,4,0,4,3,7,10,6,16,11,7,1,0,0,1,0,0,0,0,0,0,0,0,0,1,1,54
2570,0,25064.742351000023,6202.214473000002,18880.53844300001,5022,0,0,1,1,0,0,1,0,0,0,0,0,0,0,0,1,0,0,0,0,0,1,0,0,1,0,0,0,0,0,1,1,0,0,53,215,162,0.7534883720930232,3.056603773584906,0.009302325581395349,0,0,1.0,0, 0, 0, 0, 0, 0,7,7,14,9,2,6,6,8,3,8,10,15,2,18,4,11,8,2,7,15,27,20,22,42,50,19,7,7,14,9,2,6,6,8,3,8,10,15,2,18,4,11,8,2,7,15,27,20,22,42,50,19,7,7,14,9,2,6,6,8,3,8,10,15,2,18,4,11,8,2,7,15,27,20,22,42,50,19,1,0,0,1,0,0,0,0,0,0,0,0,0,1,1,162
2571,0,17266.754854000003,4207.303526999999,13077.461891999996,5662,0,0,1,0,1,1,1,0,0,0,0,0,0,0,0,1,0,0,0,0,0,1,0,0,1,0,0,0,0,0,1,1,0,0,36,147,111,0.7551020408163265,3.0833333333333335,0.02040816326530612,0,0,1.0,0, 0, 0, 0, 0, 0,1,5,9,11,2,3,9,8,2,9,6,11,3,4,3,4,4,2,7,8,13,18,16,34,35,8,1,5,9,11,2,3,9,8,2,9,6,11,3,4,3,4,4,2,7,8,13,18,16,34,35,8,1,5,9,11,2,3,9,8,2,9,6,11,3,4,3,4,4,2,7,8,13,18,16,34,35,8,1,0,0,1,0,0,0,0,0,0,0,0,0,1,1,111
2573,0,4274.055838000002,1097.5651620000003,3194.501241000001,14579,0,0,1,1,0,0,1,0,0,0,0,0,0,0,0,1,0,0,0,0,0,0,0,0,0,0,0,0,0,0,1,1,0,0,9,39,30,0.7692307692307693,3.3333333333333335,0.05128205128205128,0,0,1.0,0, 0, 0, 0, 0, 0,1,2,2,0,2,1,2,4,0,0,3,0,0,2,0,4,2,0,1,4,3,4,2,6,12,6,1,2,2,0,2,1,2,4,0,0,3,0,0,2,0,4,2,0,1,4,3,4,2,6,12,6,1,2,2,0,2,1,2,4,0,0,3,0,0,2,0,4,2,0,1,4,3,4,2,6,12,6,0,0,0,0,0,0,0,0,0,0,0,0,0,1,1,30
2577,0,28069.619811999997,7113.662369999999,20973.96800700001,271,1,0,0,0,1,0,1,0,0,0,0,0,0,0,0,1,0,0,0,0,0,0,0,0,0,0,0,0,0,0,1,1,0,0,62,250,188,0.752,3.032258064516129,0.008,0,0,1.0,0, 0, 0, 0, 0, 0,28,15,15,2,1,6,9,9,8,9,24,6,2,8,7,11,6,4,5,13,17,24,21,45,85,17,28,15,15,2,1,6,9,9,8,9,24,6,2,8,7,11,6,4,5,13,17,24,21,45,85,17,28,15,15,2,1,6,9,9,8,9,24,6,2,8,7,11,6,4,5,13,17,24,21,45,85,17,0,0,0,0,0,0,0,0,0,0,0,0,0,1,1,188
2578,0,32554.511489000015,8084.0840320000025,24488.438022,1020,0,0,1,0,1,1,1,0,0,0,0,0,0,0,0,1,0,0,0,0,0,0,0,0,0,0,0,0,0,0,1,1,0,0,74,299,225,0.7525083612040134,3.0405405405405403,0.010033444816053512,3,25.5,1.0,0, 0, 0, 0, 0, 0,21,15,15,7,2,8,11,19,8,12,28,3,7,11,13,17,12,2,2,12,15,26,18,44,99,29,21,15,15,7,2,8,11,19,8,12,28,3,7,11,13,17,12,2,2,12,15,26,18,44,99,29,21,15,15,7,2,8,11,19,8,12,28,3,7,11,13,17,12,2,2,12,15,26,18,44,99,29,0,0,0,0,0,0,0,0,0,0,0,0,0,1,1,225
2580,0,32240.07059100001,7683.717250999998,24574.363905000006,972,0,0,0,0,1,1,1,0,0,0,0,0,0,0,0,1,0,0,0,0,0,0,0,0,0,0,0,0,0,0,1,1,0,0,75,300,225,0.75,3.0,0.016666666666666666,3,2.0,0.9233333333333333,0, 1, 0, 1, 0, 0,19,19,15,5,1,3,16,23,3,8,21,4,4,6,12,15,22,6,6,17,18,31,23,54,92,37,19,19,15,5,1,3,16,23,3,8,21,4,4,6,12,15,22,6,6,17,18,31,23,54,92,37,19,19,15,5,1,3,16,23,3,8,21,4,4,6,12,15,22,6,6,17,18,31,23,54,92,37,0,0,0,0,0,0,0,0,0,0,0,0,0,1,1,225
2581,0,9990.242426000003,2393.244682,7615.008309000002,5,1,1,0,1,0,0,0,1,0,0,0,0,0,0,0,1,0,0,0,0,0,0,0,0,0,0,0,0,0,0,1,1,0,0,22,91,69,0.7582417582417582,3.1363636363636362,0.01098901098901099,0,0,1.0,0, 0, 0, 0, 0, 0,6,6,8,1,1,2,5,5,1,1,11,2,1,2,1,3,1,1,0,11,3,13,8,21,35,4,6,6,8,1,1,2,5,5,1,1,11,2,1,2,1,3,1,1,0,11,3,13,8,21,35,4,6,6,8,1,1,2,5,5,1,1,11,2,1,2,1,3,1,1,0,11,3,13,8,21,35,4,0,0,0,0,0,0,0,0,0,0,0,0,0,1,1,69
2584,0,6501.172800999998,1604.870845,4914.312521000001,5445,0,0,1,0,1,1,1,0,0,0,0,0,0,0,1,1,0,0,0,0,0,0,0,0,0,0,0,0,0,0,1,1,0,0,14,57,43,0.7543859649122807,3.0714285714285716,0.05263157894736842,2,22.0,1.0,0, 0, 0, 0, 0, 0,3,3,1,0,3,2,5,2,0,3,0,1,1,1,2,3,4,1,3,5,5,6,4,10,14,7,3,3,1,0,3,2,5,2,0,3,0,1,1,1,2,3,4,1,3,5,5,6,4,10,14,7,3,3,1,0,3,2,5,2,0,3,0,1,1,1,2,3,4,1,3,5,5,6,4,10,14,7,0,0,0,0,0,0,0,0,0,0,0,0,0,1,1,43
2586,0,30496.967568999993,7459.024900999996,23055.953233000026,8674,0,0,1,0,1,0,1,0,0,0,0,0,0,0,0,1,0,0,0,0,0,0,0,0,0,1,0,1,0,1,1,1,0,0,68,274,206,0.7518248175182481,3.0294117647058822,0.0072992700729927005,1,0,1.0,0, 0, 0, 0, 0, 0,23,24,17,5,1,7,10,12,8,10,21,3,4,10,17,7,14,1,2,10,13,27,27,54,80,21,23,24,17,5,1,7,10,12,8,10,21,3,4,10,17,7,14,1,2,10,13,27,27,54,80,21,23,24,17,5,1,7,10,12,8,10,21,3,4,10,17,7,14,1,2,10,13,27,27,54,80,21,0,0,0,0,0,0,0,1,0,1,0,1,1,1,1,206
2587,0,28827.067702999986,7315.789424999999,21529.288842999995,393,1,0,0,0,1,1,1,0,0,0,0,0,0,0,0,1,0,0,0,0,0,0,0,0,0,1,0,1,0,1,1,1,0,0,64,256,192,0.75,3.0,0.01953125,0,0,1.0,0, 0, 0, 0, 0, 0,28,33,13,4,4,4,3,14,4,12,12,5,4,3,9,8,17,4,5,6,12,16,38,54,76,25,28,33,13,4,4,4,3,14,4,12,12,5,4,3,9,8,17,4,5,6,12,16,38,54,76,25,28,33,13,4,4,4,3,14,4,12,12,5,4,3,9,8,17,4,5,6,12,16,38,54,76,25,0,0,0,0,0,0,0,1,0,1,0,1,1,1,1,192
2588,0,10521.225996999996,2574.3158889999995,7964.920673000002,1,1,1,0,1,0,0,0,1,0,0,0,0,0,0,0,1,0,0,0,0,0,0,0,0,0,1,0,1,0,1,1,1,0,0,23,93,70,0.7526881720430108,3.0434782608695654,0.010752688172043012,0,0,1.0,0, 0, 0, 0, 0, 0,6,6,8,1,1,2,6,5,1,3,10,0,1,2,3,4,2,2,3,4,7,14,6,20,29,6,6,6,8,1,1,2,6,5,1,3,10,0,1,2,3,4,2,2,3,4,7,14,6,20,29,6,6,6,8,1,1,2,6,5,1,3,10,0,1,2,3,4,2,2,3,4,7,14,6,20,29,6,0,0,0,0,0,0,0,1,0,1,0,1,1,1,1,70
2589,0,12120.168771000004,3196.5618249999998,8941.617511000008,8433,0,0,1,0,1,0,1,0,0,0,0,0,0,0,0,1,0,0,0,0,0,0,0,0,0,1,0,1,0,1,1,1,0,0,29,116,87,0.75,3.0,0.017241379310344827,2,20.0,1.0,0, 0, 0, 0, 0, 0,18,12,2,1,1,1,3,9,2,2,4,1,3,2,4,11,3,1,0,7,3,5,13,18,43,14,18,12,2,1,1,1,3,9,2,2,4,1,3,2,4,11,3,1,0,7,3,5,13,18,43,14,18,12,2,1,1,1,3,9,2,2,4,1,3,2,4,11,3,1,0,7,3,5,13,18,43,14,0,0,0,0,0,0,0,1,0,1,0,1,1,1,1,87
2591,0,6960.528418000002,1796.956699,5181.582283999999,9564,0,0,1,0,1,0,1,0,0,0,0,0,0,0,0,1,0,0,0,0,0,0,0,0,0,0,0,1,0,0,1,1,0,0,16,65,49,0.7538461538461538,3.0625,0.03076923076923077,1,0,1.0,0, 0, 0, 0, 0, 0,7,2,3,2,1,5,3,4,1,2,5,1,1,0,1,2,4,0,1,4,1,6,3,9,23,6,7,2,3,2,1,5,3,4,1,2,5,1,1,0,1,2,4,0,1,4,1,6,3,9,23,6,7,2,3,2,1,5,3,4,1,2,5,1,1,0,1,2,4,0,1,4,1,6,3,9,23,6,0,0,0,0,0,0,0,0,0,1,0,1,0,1,1,49
2593,0,30393.048782000027,7312.827503000005,23098.231844000016,4932,0,0,1,0,1,1,1,0,0,0,0,0,0,0,0,1,0,0,0,0,0,0,0,0,0,0,0,1,0,0,1,1,0,0,68,274,206,0.7518248175182481,3.0294117647058822,0.010948905109489052,1,0,1.0,0, 0, 0, 0, 0, 0,17,14,13,7,2,7,13,19,8,10,11,4,4,13,9,16,8,3,11,17,27,26,18,44,78,24,17,14,13,7,2,7,13,19,8,10,11,4,4,13,9,16,8,3,11,17,27,26,18,44,78,24,17,14,13,7,2,7,13,19,8,10,11,4,4,13,9,16,8,3,11,17,27,26,18,44,78,24,0,0,0,0,0,0,0,0,0,1,0,1,0,1,1,206
2594,0,30898.89651600003,7691.705061000001,23225.20202000001,4025,0,0,1,0,1,1,1,0,0,1,0,0,0,0,1,1,0,0,0,0,0,0,0,0,0,0,0,1,0,0,1,1,0,0,71,284,213,0.75,3.0,0.02112676056338028,5,62.75,0.23591549295774647,0, 0, 1, 0, 0, 0,18,20,21,10,5,6,3,24,7,7,17,2,6,10,14,16,9,3,5,10,18,24,22,46,82,25,18,20,21,10,5,6,3,24,7,7,17,2,6,10,14,16,9,3,5,10,18,24,22,46,82,25,18,20,21,10,5,6,3,24,7,7,17,2,6,10,14,16,9,3,5,10,18,24,22,46,82,25,0,0,0,0,0,0,0,0,0,1,0,1,0,1,1,213
2596,0,28718.413413,7151.471117999997,21584.95286000002,246,1,0,0,0,1,0,1,0,0,0,0,0,0,0,0,1,0,0,0,0,0,0,0,0,0,0,0,1,0,0,1,1,0,0,62,250,188,0.752,3.032258064516129,0.008,1,0,1.0,0, 0, 0, 0, 0, 0,19,18,13,3,2,11,11,12,7,9,22,1,4,5,8,9,7,7,7,13,19,24,19,43,79,16,19,18,13,3,2,11,11,12,7,9,22,1,4,5,8,9,7,7,7,13,19,24,19,43,79,16,19,18,13,3,2,11,11,12,7,9,22,1,4,5,8,9,7,7,7,13,19,24,19,43,79,16,0,0,0,0,0,0,0,0,0,1,0,1,0,1,1,188
2597,0,27966.46480300001,7004.489581999998,20979.985785999994,7196,0,0,1,0,1,1,1,0,0,0,0,0,0,0,0,1,0,0,0,0,0,0,0,0,0,0,0,1,0,0,1,1,0,0,63,253,190,0.7509881422924901,3.015873015873016,0.011857707509881422,2,133.0,0.9604743083003953,0, 0, 1, 0, 0, 0,18,16,11,8,1,6,13,16,6,11,24,3,2,8,14,9,6,4,1,13,13,24,19,43,84,15,18,16,11,8,1,6,13,16,6,11,24,3,2,8,14,9,6,4,1,13,13,24,19,43,84,15,18,16,11,8,1,6,13,16,6,11,24,3,2,8,14,9,6,4,1,13,13,24,19,43,84,15,0,0,0,0,0,0,0,0,0,1,0,1,0,1,1,190
2598,0,32823.36253100005,7983.198032999996,24858.17506300001,7968,0,0,1,0,1,0,1,0,0,0,0,0,0,0,0,1,0,0,0,0,0,0,0,0,0,0,0,1,0,0,1,1,0,0,72,291,219,0.7525773195876289,3.0416666666666665,0.006872852233676976,0,0,1.0,0, 0, 0, 0, 0, 0,24,12,14,8,0,14,17,16,8,7,17,6,10,5,10,7,5,5,13,21,23,31,18,49,95,12,24,12,14,8,0,14,17,16,8,7,17,6,10,5,10,7,5,5,13,21,23,31,18,49,95,12,24,12,14,8,0,14,17,16,8,7,17,6,10,5,10,7,5,5,13,21,23,31,18,49,95,12,0,0,0,0,0,0,0,0,0,1,0,1,0,1,1,219
2600,0,30857.497140000007,7884.943631999999,22990.564073000023,4539,0,0,1,0,1,1,1,0,0,0,0,0,0,0,1,1,0,0,0,0,0,0,0,0,0,0,0,1,0,0,1,1,0,0,67,270,203,0.7518518518518519,3.029850746268657,0.014814814814814815,1,0,1.0,0, 0, 0, 0, 0, 0,17,15,18,5,2,8,14,13,5,10,22,9,7,8,13,11,7,3,6,10,17,32,24,56,79,18,17,15,18,5,2,8,14,13,5,10,22,9,7,8,13,11,7,3,6,10,17,32,24,56,79,18,17,15,18,5,2,8,14,13,5,10,22,9,7,8,13,11,7,3,6,10,17,32,24,56,79,18,0,0,0,0,0,0,0,0,0,1,0,0,0,1,1,203
2601,0,18692.98361899999,4954.644578,13756.349605999996,104,1,1,0,1,0,0,1,0,0,0,0,0,0,0,0,1,0,0,0,0,0,0,0,0,0,0,0,1,0,0,1,1,0,0,42,168,126,0.75,3.0,0.011904761904761904,2,64.0,1.0,0, 0, 0, 0, 0, 0,15,9,2,3,2,4,3,14,5,8,19,2,6,4,6,4,6,5,1,8,10,5,11,16,70,10,15,9,2,3,2,4,3,14,5,8,19,2,6,4,6,4,6,5,1,8,10,5,11,16,70,10,15,9,2,3,2,4,3,14,5,8,19,2,6,4,6,4,6,5,1,8,10,5,11,16,70,10,0,0,0,0,0,0,0,0,0,1,0,0,0,1,1,126
2603,0,22798.095993999992,5556.816716999998,17259.289842000002,170,1,0,0,0,1,1,1,0,0,0,0,0,0,0,0,1,0,0,0,0,0,0,0,0,0,0,0,1,0,0,1,1,0,0,53,215,162,0.7534883720930232,3.056603773584906,0.013953488372093023,1,0,1.0,0, 0, 0, 0, 0, 0,28,10,6,3,2,11,7,12,5,8,24,6,5,3,6,6,5,0,3,12,6,13,16,29,89,11,28,10,6,3,2,11,7,12,5,8,24,6,5,3,6,6,5,0,3,12,6,13,16,29,89,11,28,10,6,3,2,11,7,12,5,8,24,6,5,3,6,6,5,0,3,12,6,13,16,29,89,11,0,0,0,0,0,0,0,0,0,1,0,0,0,1,1,162
2604,0,11763.95778,2950.4761719999997,8831.492173000004,2692,0,0,1,0,1,1,1,0,0,0,0,0,0,0,0,1,0,0,0,0,0,0,0,0,0,0,0,1,0,0,1,1,0,0,27,108,81,0.75,3.0,0.027777777777777776,1,0,1.0,0, 0, 0, 0, 0, 0,15,5,5,1,1,4,4,6,2,5,7,3,1,2,1,6,2,3,3,5,8,9,8,17,39,8,15,5,5,1,1,4,4,6,2,5,7,3,1,2,1,6,2,3,3,5,8,9,8,17,39,8,15,5,5,1,1,4,4,6,2,5,7,3,1,2,1,6,2,3,3,5,8,9,8,17,39,8,0,0,0,0,0,0,0,0,0,1,0,0,0,1,1,81
2605,0,14432.340036000001,3485.8122860000008,10964.538315000003,3191,0,0,1,0,1,0,1,0,0,0,0,0,0,0,0,1,0,0,0,0,0,0,0,0,0,0,0,1,0,0,1,1,0,0,31,127,96,0.7559055118110236,3.096774193548387,0.015748031496062992,2,106.0,1.0,0, 0, 0, 0, 0, 0,13,8,5,0,1,7,7,4,4,3,9,6,6,4,2,5,5,0,3,4,7,12,14,26,39,10,13,8,5,0,1,7,7,4,4,3,9,6,6,4,2,5,5,0,3,4,7,12,14,26,39,10,13,8,5,0,1,7,7,4,4,3,9,6,6,4,2,5,5,0,3,4,7,12,14,26,39,10,0,0,0,0,0,0,0,0,0,1,0,0,0,1,1,96
2607,0,28217.03029600002,7396.526519,20838.514342000024,13909,0,0,1,0,1,1,1,0,1,0,0,0,0,0,0,1,0,0,0,0,0,0,0,0,0,0,0,1,0,0,1,1,0,0,68,272,204,0.75,3.0,0.01838235294117647,4,67.0,0.5073529411764706,0, 0, 0, 1, 1, 0,27,5,10,12,3,7,5,31,1,10,18,8,5,8,12,7,13,2,6,14,16,15,13,28,105,20,27,5,10,12,3,7,5,31,1,10,18,8,5,8,12,7,13,2,6,14,16,15,13,28,105,20,27,5,10,12,3,7,5,31,1,10,18,8,5,8,12,7,13,2,6,14,16,15,13,28,105,20,0,0,0,0,0,0,0,0,0,1,0,0,0,1,1,204
2610,0,16744.026996999997,4210.308228999999,12551.729332999996,7445,0,0,1,1,0,0,0,1,0,0,0,0,0,0,0,1,0,0,0,0,0,1,0,0,1,0,0,0,0,0,1,1,0,0,38,153,115,0.7516339869281046,3.026315789473684,0.006535947712418301,1,0,1.0,0, 0, 0, 0, 0, 0,7,10,6,0,1,10,6,11,0,6,12,5,1,1,3,9,9,1,3,14,5,12,15,27,51,18,7,10,6,0,1,10,6,11,0,6,12,5,1,1,3,9,9,1,3,14,5,12,15,27,51,18,7,10,6,0,1,10,6,11,0,6,12,5,1,1,3,9,9,1,3,14,5,12,15,27,51,18,1,0,0,1,0,0,1,0,0,0,0,0,0,1,1,115
2611,0,29310.87704199999,7148.718117999999,22180.169489,4760,0,0,1,0,1,1,1,0,0,0,0,0,0,0,0,1,0,0,0,0,0,1,0,0,1,0,0,0,0,0,1,1,0,0,66,264,198,0.75,3.0,0.022727272727272728,2,9.0,1.0,0, 0, 0, 0, 0, 0,24,16,16,8,5,7,12,15,4,14,24,5,3,6,7,7,5,1,12,7,19,28,21,49,87,12,24,16,16,8,5,7,12,15,4,14,24,5,3,6,7,7,5,1,12,7,19,28,21,49,87,12,24,16,16,8,5,7,12,15,4,14,24,5,3,6,7,7,5,1,12,7,19,28,21,49,87,12,1,0,0,1,0,0,1,0,0,0,0,0,0,1,1,198
2613,0,28867.50400199999,7191.516336999998,21693.998230000016,243,1,0,0,0,1,0,0,1,0,0,0,0,0,0,1,1,0,0,0,0,0,1,0,0,1,0,0,0,0,0,1,1,0,0,62,250,188,0.752,3.032258064516129,0.004,0,0,1.0,0, 0, 0, 0, 0, 0,17,18,12,3,1,13,12,13,7,10,22,2,4,5,10,10,7,7,7,8,19,24,20,44,74,17,17,18,12,3,1,13,12,13,7,10,22,2,4,5,10,10,7,7,7,8,19,24,20,44,74,17,17,18,12,3,1,13,12,13,7,10,22,2,4,5,10,10,7,7,7,8,19,24,20,44,74,17,1,0,0,1,0,0,1,0,0,0,0,0,0,1,1,188
2614,0,28336.267719999993,7071.528223000001,21282.750062000014,243,1,0,0,0,1,0,0,1,0,0,0,0,0,0,1,1,0,0,0,0,0,1,0,0,1,0,0,0,0,0,1,1,0,0,61,245,184,0.7510204081632653,3.0163934426229506,0.004081632653061225,0,0,1.0,0, 0, 0, 0, 0, 0,16,18,12,2,1,13,12,13,7,9,21,2,4,5,10,10,7,7,7,8,19,24,20,44,71,17,16,18,12,2,1,13,12,13,7,9,21,2,4,5,10,10,7,7,7,8,19,24,20,44,71,17,16,18,12,2,1,13,12,13,7,9,21,2,4,5,10,10,7,7,7,8,19,24,20,44,71,17,1,0,0,1,0,0,1,0,0,0,0,0,0,1,1,184
2615,0,10240.139397000003,2719.296535,7538.853427000001,29,1,1,0,0,1,0,0,1,0,0,0,0,0,0,0,1,0,0,0,0,0,1,0,0,1,0,0,0,0,0,1,1,0,0,22,91,69,0.7582417582417582,3.1363636363636362,0.0,0,0,1.0,0, 0, 0, 0, 0, 0,8,2,5,1,0,4,8,7,2,7,8,2,2,2,3,1,1,1,1,4,4,13,4,17,36,2,8,2,5,1,0,4,8,7,2,7,8,2,2,2,3,1,1,1,1,4,4,13,4,17,36,2,8,2,5,1,0,4,8,7,2,7,8,2,2,2,3,1,1,1,1,4,4,13,4,17,36,2,1,0,0,1,0,0,1,0,0,0,0,0,0,1,1,69
2616,0,5751.31006,1526.9258419999996,4242.394783000001,1941,0,0,1,1,0,0,0,1,0,0,0,0,0,0,0,1,0,0,0,0,0,1,0,0,1,0,0,0,0,0,1,1,0,0,13,52,39,0.75,3.0,0.019230769230769232,1,0,1.0,0, 0, 0, 0, 0, 0,4,1,0,1,1,1,0,5,1,5,6,1,0,3,2,0,1,1,2,4,6,0,2,2,24,1,4,1,0,1,1,1,0,5,1,5,6,1,0,3,2,0,1,1,2,4,6,0,2,2,24,1,4,1,0,1,1,1,0,5,1,5,6,1,0,3,2,0,1,1,2,4,6,0,2,2,24,1,1,0,0,1,0,0,1,0,0,0,0,0,0,1,1,39
2617,0,23510.512436999987,5486.828992000001,18041.694009999985,11203,0,0,1,0,1,1,1,0,0,0,0,0,0,0,1,1,0,0,0,0,0,1,0,0,1,0,0,0,0,0,1,1,0,0,56,226,170,0.7522123893805309,3.0357142857142856,0.017699115044247787,2,109.0,1.0,0, 0, 0, 0, 0, 0,27,8,9,6,3,7,10,9,3,8,31,3,3,2,10,5,8,2,1,15,5,19,11,30,93,13,27,8,9,6,3,7,10,9,3,8,31,3,3,2,10,5,8,2,1,15,5,19,11,30,93,13,27,8,9,6,3,7,10,9,3,8,31,3,3,2,10,5,8,2,1,15,5,19,11,30,93,13,1,0,0,1,0,0,1,0,0,0,0,0,0,1,1,170
2620,0,26623.89044099998,6071.208190999999,20570.692815,7535,0,0,1,0,1,1,1,0,0,0,0,0,0,0,0,1,0,0,0,0,0,0,0,0,0,0,0,0,0,0,1,1,0,0,63,254,191,0.7519685039370079,3.0317460317460316,0.011811023622047244,0,0,1.0,0, 0, 0, 0, 0, 0,25,8,9,7,2,5,10,13,9,14,20,7,6,3,5,15,7,4,3,19,10,19,15,34,97,22,25,8,9,7,2,5,10,13,9,14,20,7,6,3,5,15,7,4,3,19,10,19,15,34,97,22,25,8,9,7,2,5,10,13,9,14,20,7,6,3,5,15,7,4,3,19,10,19,15,34,97,22,0,0,0,0,0,0,0,0,0,0,0,0,0,1,1,191
2621,0,27091.128438999982,6168.249720999998,20940.889282999997,7523,0,0,1,0,1,1,1,0,0,0,0,0,0,0,0,1,0,0,0,0,0,0,0,0,0,0,0,0,0,0,1,1,0,0,64,258,194,0.751937984496124,3.03125,0.011627906976744186,0,0,1.0,0, 0, 0, 0, 0, 0,25,9,10,7,2,5,10,13,9,14,20,7,6,3,5,15,7,4,3,20,10,20,16,36,98,22,25,9,10,7,2,5,10,13,9,14,20,7,6,3,5,15,7,4,3,20,10,20,16,36,98,22,25,9,10,7,2,5,10,13,9,14,20,7,6,3,5,15,7,4,3,20,10,20,16,36,98,22,0,0,0,0,0,0,0,0,0,0,0,0,0,1,1,194
2622,0,28072.264566999995,7033.376274999999,21056.898857000007,5793,0,0,1,0,1,1,1,0,0,0,0,0,0,0,1,1,0,0,0,0,0,0,0,0,0,0,0,0,0,0,1,1,0,0,64,258,194,0.751937984496124,3.03125,0.011627906976744186,1,0,1.0,0, 0, 0, 0, 0, 0,27,17,5,4,2,3,17,19,1,11,15,4,4,6,13,9,10,6,5,16,17,22,21,43,92,19,27,17,5,4,2,3,17,19,1,11,15,4,4,6,13,9,10,6,5,16,17,22,21,43,92,19,27,17,5,4,2,3,17,19,1,11,15,4,4,6,13,9,10,6,5,16,17,22,21,43,92,19,0,0,0,0,0,0,0,0,0,0,0,0,0,1,1,194
2623,0,26661.271728,7129.422550999999,19549.859742000004,270,1,0,0,0,1,1,1,0,0,0,0,0,0,0,0,1,0,0,0,0,0,0,0,0,0,0,0,0,0,0,1,1,0,0,58,234,176,0.7521367521367521,3.0344827586206895,0.017094017094017096,2,2.0,1.0,0, 0, 0, 0, 0, 0,27,17,14,2,4,4,9,9,8,6,16,2,2,6,8,9,9,5,4,15,15,23,19,42,75,18,27,17,14,2,4,4,9,9,8,6,16,2,2,6,8,9,9,5,4,15,15,23,19,42,75,18,27,17,14,2,4,4,9,9,8,6,16,2,2,6,8,9,9,5,4,15,15,23,19,42,75,18,0,0,0,0,0,0,0,0,0,0,0,0,0,1,1,176
2624,0,9942.215932999992,2521.3547179999996,7438.871780000001,8,1,1,0,1,0,0,1,0,0,0,1,0,0,0,0,1,0,0,0,0,0,0,0,0,0,0,0,0,0,0,1,1,0,0,23,93,70,0.7526881720430108,3.0434782608695654,0.021505376344086023,1,0,0.44086021505376344,0, 1, 0, 0, 0, 0,6,3,5,3,2,3,6,5,0,2,11,0,1,1,1,3,3,0,1,14,2,11,3,14,39,6,6,3,5,3,2,3,6,5,0,2,11,0,1,1,1,3,3,0,1,14,2,11,3,14,39,6,6,3,5,3,2,3,6,5,0,2,11,0,1,1,1,3,3,0,1,14,2,11,3,14,39,6,0,0,0,0,0,0,0,0,0,0,0,0,0,1,1,70
2625,0,12099.103729,3199.6230289999994,8917.491264999999,70,1,1,0,1,0,1,1,0,0,0,1,0,0,0,0,1,0,0,0,0,0,0,0,0,0,0,0,0,0,0,1,1,0,1,28,112,84,0.75,3.0,0.03571428571428571,2,1.0,0.0625,0, 2, 0, 0, 0, 0,13,7,6,1,4,3,6,6,2,4,7,2,0,2,4,4,5,0,1,7,3,12,9,21,37,9,13,7,6,1,4,3,6,6,2,4,7,2,0,2,4,4,5,0,1,7,3,12,9,21,37,9,13,7,6,1,4,3,6,6,2,4,7,2,0,2,4,4,5,0,1,7,3,12,9,21,37,9,0,0,0,0,0,0,0,0,0,0,0,0,0,1,1,84
2626,0,10813.495249000001,2830.4283370000003,8001.077476999995,106,1,1,0,1,0,1,1,0,0,0,1,0,0,0,0,1,0,0,0,0,0,0,0,0,0,0,0,0,0,0,1,1,0,1,25,100,75,0.75,3.0,0.04,2,1.0,0.07,0, 2, 0, 0, 0, 0,12,7,4,0,4,3,6,6,2,3,6,2,0,2,4,2,4,0,1,7,3,10,9,19,34,6,12,7,4,0,4,3,6,6,2,3,6,2,0,2,4,2,4,0,1,7,3,10,9,19,34,6,12,7,4,0,4,3,6,6,2,3,6,2,0,2,4,2,4,0,1,7,3,10,9,19,34,6,0,0,0,0,0,0,0,0,0,0,0,0,0,1,1,75
2627,0,11179.547412000004,2858.3592109999995,8339.198765999998,3269,0,0,1,0,1,1,1,0,1,0,1,0,0,0,0,1,0,0,0,0,0,0,0,0,0,0,0,0,0,0,1,1,0,1,24,97,73,0.7525773195876289,3.0416666666666665,0.041237113402061855,0,0,0.3711340206185567,0, 1, 0, 0, 1, 0,6,12,2,1,3,2,7,6,2,1,7,1,1,2,3,7,3,2,1,4,5,9,13,22,25,10,6,12,2,1,3,2,7,6,2,1,7,1,1,2,3,7,3,2,1,4,5,9,13,22,25,10,6,12,2,1,3,2,7,6,2,1,7,1,1,2,3,7,3,2,1,4,5,9,13,22,25,10,0,0,0,0,0,0,0,0,0,0,0,0,0,1,1,73
2630,0,16757.992343,4160.219807,12615.783100999994,7632,0,0,1,1,0,0,0,1,0,0,0,0,0,0,0,1,0,0,0,0,0,1,0,0,1,0,0,0,0,0,1,1,0,0,38,153,115,0.7516339869281046,3.026315789473684,0.006535947712418301,1,0,1.0,0, 0, 0, 0, 0, 0,7,11,7,0,1,9,5,11,1,7,12,5,1,1,3,9,8,1,3,13,5,12,16,28,51,17,7,11,7,0,1,9,5,11,1,7,12,5,1,1,3,9,8,1,3,13,5,12,16,28,51,17,7,11,7,0,1,9,5,11,1,7,12,5,1,1,3,9,8,1,3,13,5,12,16,28,51,17,1,0,0,1,0,0,1,0,0,0,0,0,0,1,1,115
2631,0,29216.522961,6914.508515999996,22320.02501,4868,0,0,1,0,1,1,1,0,0,0,0,0,0,0,0,1,0,0,0,0,0,1,0,0,1,0,0,0,0,0,1,1,0,0,66,264,198,0.75,3.0,0.022727272727272728,3,100.0,1.0,0, 0, 0, 0, 0, 0,23,16,18,11,5,8,10,13,4,13,22,3,3,8,8,8,5,1,12,7,21,28,19,47,81,13,23,16,18,11,5,8,10,13,4,13,22,3,3,8,8,8,5,1,12,7,21,28,19,47,81,13,23,16,18,11,5,8,10,13,4,13,22,3,3,8,8,8,5,1,12,7,21,28,19,47,81,13,1,0,0,1,0,0,1,0,0,0,0,0,0,1,1,198
2632,0,28899.516297999984,7209.512983,21708.013880000013,264,1,0,0,0,1,0,0,1,0,0,0,0,0,0,1,1,0,0,0,0,0,1,0,0,1,0,0,0,0,0,1,1,0,0,62,250,188,0.752,3.032258064516129,0.004,0,0,1.0,0, 0, 0, 0, 0, 0,18,18,12,3,1,13,12,12,7,10,22,2,4,5,10,10,7,7,7,8,19,24,20,44,74,17,18,18,12,3,1,13,12,12,7,10,22,2,4,5,10,10,7,7,7,8,19,24,20,44,74,17,18,18,12,3,1,13,12,12,7,10,22,2,4,5,10,10,7,7,7,8,19,24,20,44,74,17,1,0,0,1,0,0,1,0,0,0,0,0,0,1,1,188
2633,0,10295.181596999999,2719.296535,7593.895626999999,8,1,1,0,0,1,0,0,1,0,0,0,0,0,0,0,1,0,0,0,0,0,1,0,0,1,0,0,0,0,0,1,1,0,0,22,91,69,0.7582417582417582,3.1363636363636362,0.0,0,0,1.0,0, 0, 0, 0, 0, 0,7,2,5,1,0,5,8,7,2,7,8,2,2,2,3,1,0,1,1,5,4,13,4,17,36,1,7,2,5,1,0,5,8,7,2,7,8,2,2,2,3,1,0,1,1,5,4,13,4,17,36,1,7,2,5,1,0,5,8,7,2,7,8,2,2,2,3,1,0,1,1,5,4,13,4,17,36,1,1,0,0,1,0,0,1,0,0,0,0,0,0,1,1,69
2634,0,5737.294409999999,1526.9258419999996,4228.379133000001,1857,0,0,1,1,0,0,0,1,0,0,0,0,0,0,0,1,0,0,0,0,0,1,0,0,1,0,0,0,0,0,1,1,0,0,13,52,39,0.75,3.0,0.019230769230769232,1,0,1.0,0, 0, 0, 0, 0, 0,3,1,0,1,1,1,0,6,1,5,6,1,0,3,2,0,1,1,2,4,6,0,2,2,24,1,3,1,0,1,1,1,0,6,1,5,6,1,0,3,2,0,1,1,2,4,6,0,2,2,24,1,3,1,0,1,1,1,0,6,1,5,6,1,0,3,2,0,1,1,2,4,6,0,2,2,24,1,1,0,0,1,0,0,1,0,0,0,0,0,0,1,1,39
2635,0,11536.018635,2737.4108939999996,8816.618305999995,2146,0,0,1,1,0,0,0,1,0,0,0,0,0,0,0,1,0,0,0,0,0,1,0,0,1,0,0,0,0,0,1,1,0,0,26,106,80,0.7547169811320755,3.076923076923077,0.009433962264150943,1,0,1.0,0, 0, 0, 0, 0, 0,8,4,1,2,1,5,6,4,2,5,7,6,3,2,5,8,4,1,1,5,4,7,10,17,32,12,8,4,1,2,1,5,6,4,2,5,7,6,3,2,5,8,4,1,1,5,4,7,10,17,32,12,8,4,1,2,1,5,6,4,2,5,7,6,3,2,5,8,4,1,1,5,4,7,10,17,32,12,1,0,0,1,0,0,1,0,0,0,0,0,0,1,1,80
2637,0,26568.473438999994,6431.241030999998,20155.242972999993,4371,0,0,1,1,0,1,1,0,0,0,0,0,0,0,1,1,0,0,0,0,0,1,0,0,1,0,0,0,0,0,1,1,0,0,58,232,174,0.75,3.0,0.02586206896551724,2,62.0,1.0,0, 0, 0, 0, 0, 0,13,17,6,3,6,8,10,14,6,5,23,5,2,6,13,10,4,8,8,7,22,16,22,38,64,14,13,17,6,3,6,8,10,14,6,5,23,5,2,6,13,10,4,8,8,7,22,16,22,38,64,14,13,17,6,3,6,8,10,14,6,5,23,5,2,6,13,10,4,8,8,7,22,16,22,38,64,14,1,0,0,1,0,0,1,0,0,0,0,0,0,1,1,174
2638,0,16715.995697000002,4196.292579,12537.713682999994,7561,0,0,1,1,0,0,0,1,0,0,0,0,0,0,0,1,0,0,0,0,0,1,0,0,1,0,0,0,0,0,1,1,0,0,38,153,115,0.7516339869281046,3.026315789473684,0.006535947712418301,1,0,1.0,0, 0, 0, 0, 0, 0,7,10,7,0,1,10,5,11,0,6,12,5,1,1,3,9,9,1,3,14,5,12,15,27,51,18,7,10,7,0,1,10,5,11,0,6,12,5,1,1,3,9,9,1,3,14,5,12,15,27,51,18,7,10,7,0,1,10,5,11,0,6,12,5,1,1,3,9,9,1,3,14,5,12,15,27,51,18,1,0,0,1,0,0,1,0,0,0,0,0,0,1,1,115
2639,0,29163.569183000003,7097.620529,22083.959219,4811,0,0,1,0,1,1,1,0,0,0,0,0,0,0,0,1,0,0,0,0,0,1,0,0,1,0,0,0,0,0,1,1,0,0,66,264,198,0.75,3.0,0.022727272727272728,2,9.0,1.0,0, 0, 0, 0, 0, 0,23,15,13,11,5,7,14,17,3,13,20,3,3,7,7,6,6,1,13,11,21,27,18,45,87,12,23,15,13,11,5,7,14,17,3,13,20,3,3,7,7,6,6,1,13,11,21,27,18,45,87,12,23,15,13,11,5,7,14,17,3,13,20,3,3,7,7,6,6,1,13,11,21,27,18,45,87,12,1,0,0,1,0,0,1,0,0,0,0,0,0,1,1,198
2640,0,28955.585425999987,7135.519114999998,21838.076876000014,243,1,0,0,0,1,0,0,1,0,0,0,0,0,0,1,1,0,0,0,0,0,1,0,0,1,0,0,0,0,0,1,1,0,0,62,250,188,0.752,3.032258064516129,0.004,0,0,1.0,0, 0, 0, 0, 0, 0,16,18,12,2,1,13,14,12,7,10,22,3,4,5,10,10,7,7,7,8,19,26,21,47,72,17,16,18,12,2,1,13,14,12,7,10,22,3,4,5,10,10,7,7,7,8,19,26,21,47,72,17,16,18,12,2,1,13,14,12,7,10,22,3,4,5,10,10,7,7,7,8,19,26,21,47,72,17,1,0,0,1,0,0,1,0,0,0,0,0,0,1,1,188
2641,0,10210.128832000002,2719.296535,7508.842862,29,1,1,0,0,1,0,0,1,0,0,0,0,0,0,0,1,0,0,0,0,0,1,0,0,1,0,0,0,0,0,1,1,0,0,22,91,69,0.7582417582417582,3.1363636363636362,0.0,0,0,1.0,0, 0, 0, 0, 0, 0,9,2,5,1,0,4,8,7,2,7,8,2,2,2,3,1,0,1,1,4,4,13,4,17,37,1,9,2,5,1,0,4,8,7,2,7,8,2,2,2,3,1,0,1,1,4,4,13,4,17,37,1,9,2,5,1,0,4,8,7,2,7,8,2,2,2,3,1,0,1,1,4,4,13,4,17,37,1,1,0,0,1,0,0,1,0,0,0,0,0,0,1,1,69
2642,0,5751.31006,1526.9258419999996,4242.394783000001,1947,0,0,1,1,0,0,0,1,0,0,0,0,0,0,0,1,0,0,0,0,0,1,0,0,1,0,0,0,0,0,1,1,0,0,13,52,39,0.75,3.0,0.019230769230769232,1,0,1.0,0, 0, 0, 0, 0, 0,4,1,0,1,1,1,0,5,1,5,6,1,0,3,2,0,1,1,2,4,6,0,2,2,24,1,4,1,0,1,1,1,0,5,1,5,6,1,0,3,2,0,1,1,2,4,6,0,2,2,24,1,4,1,0,1,1,1,0,5,1,5,6,1,0,3,2,0,1,1,2,4,6,0,2,2,24,1,1,0,0,1,0,0,1,0,0,0,0,0,0,1,1,39
2643,0,11602.976827999999,2858.452424,8762.534968999998,2188,0,0,1,1,0,0,0,1,0,0,0,0,0,0,0,1,0,0,0,0,0,1,0,0,1,0,0,0,0,0,1,1,0,0,26,106,80,0.7547169811320755,3.076923076923077,0.009433962264150943,0,0,1.0,0, 0, 0, 0, 0, 0,11,4,3,3,1,4,5,3,2,3,8,6,3,2,4,7,4,1,1,5,4,8,10,18,33,11,11,4,3,3,1,4,5,3,2,3,8,6,3,2,4,7,4,1,1,5,4,8,10,18,33,11,11,4,3,3,1,4,5,3,2,3,8,6,3,2,4,7,4,1,1,5,4,8,10,18,33,11,1,0,0,1,0,0,1,0,0,0,0,0,0,1,1,80
2645,0,3575.812764999999,895.42871,2698.39462,9620,0,0,1,1,0,0,0,1,0,0,0,0,0,0,0,1,0,0,0,0,0,1,0,0,1,0,0,0,0,0,1,1,0,0,8,35,27,0.7714285714285715,3.375,0.02857142857142857,0,0,1.0,0, 0, 0, 0, 0, 0,7,4,0,2,1,1,1,5,0,0,0,1,0,0,1,0,0,0,1,3,1,1,5,6,15,0,7,4,0,2,1,1,1,5,0,0,0,1,0,0,1,0,0,0,1,3,1,1,5,6,15,0,7,4,0,2,1,1,1,5,0,0,0,1,0,0,1,0,0,0,1,3,1,1,5,6,15,0,1,0,0,1,0,0,1,0,0,0,0,0,0,1,1,27
2647,0,29751.060051000004,7537.930441999999,22231.14017399998,8420,0,0,1,1,0,1,1,0,0,0,0,0,1,0,0,1,0,0,0,0,0,0,0,0,0,0,0,0,0,0,1,1,0,0,64,257,193,0.7509727626459144,3.015625,0.01556420233463035,0,0,1.0,0, 0, 0, 0, 0, 0,19,14,10,7,4,7,20,5,6,5,25,8,5,12,6,15,7,3,4,11,19,30,22,52,70,22,19,14,10,7,4,7,20,5,6,5,25,8,5,12,6,15,7,3,4,11,19,30,22,52,70,22,19,14,10,7,4,7,20,5,6,5,25,8,5,12,6,15,7,3,4,11,19,30,22,52,70,22,0,0,0,0,0,0,0,0,0,0,0,0,0,1,1,193
2648,0,28583.631418999994,7488.776627000001,21112.865357000002,298,1,0,0,0,1,0,1,0,0,0,0,0,0,0,0,1,0,0,0,0,0,0,0,0,0,0,0,0,0,0,1,1,0,0,63,252,189,0.75,3.0,0.007936507936507936,0,0,1.0,0, 0, 0, 0, 0, 0,21,15,11,4,1,5,14,13,2,8,19,9,3,8,11,12,11,4,7,11,19,25,24,49,75,23,21,15,11,4,1,5,14,13,2,8,19,9,3,8,11,12,11,4,7,11,19,25,24,49,75,23,21,15,11,4,1,5,14,13,2,8,19,9,3,8,11,12,11,4,7,11,19,25,24,49,75,23,0,0,0,0,0,0,0,0,0,0,0,0,0,1,1,189
2649,0,11774.10005,3036.5749600000004,8755.535655,4,1,1,0,1,0,0,0,1,0,0,0,0,0,0,0,1,0,0,0,0,0,0,0,0,0,0,0,0,0,0,1,1,0,0,25,101,76,0.7524752475247525,3.04,0.009900990099009901,0,0,1.0,0, 0, 0, 0, 0, 0,6,3,7,1,1,3,6,2,2,7,9,4,0,2,4,4,3,2,4,6,8,13,7,20,30,7,6,3,7,1,1,3,6,2,2,7,9,4,0,2,4,4,3,2,4,6,8,13,7,20,30,7,6,3,7,1,1,3,6,2,2,7,9,4,0,2,4,4,3,2,4,6,8,13,7,20,30,7,0,0,0,0,0,0,0,0,0,0,0,0,0,1,1,76
2650,0,20207.234059999995,5120.610046999999,15104.634577999996,578,0,0,0,1,0,0,1,0,0,0,0,0,0,0,0,1,0,0,0,0,0,0,0,0,0,0,0,0,0,0,1,1,0,0,43,173,130,0.7514450867052023,3.0232558139534884,0.011560693641618497,2,72.0,1.0,0, 0, 0, 0, 0, 0,7,6,8,7,2,6,8,7,4,10,12,7,2,6,6,7,5,3,8,9,17,16,13,29,47,12,7,6,8,7,2,6,8,7,4,10,12,7,2,6,6,7,5,3,8,9,17,16,13,29,47,12,7,6,8,7,2,6,8,7,4,10,12,7,2,6,6,7,5,3,8,9,17,16,13,29,47,12,0,0,0,0,0,0,0,0,0,0,0,0,0,1,1,130
2651,0,31488.621426000012,8021.884623999997,23484.747367,1101,0,0,1,0,1,0,1,0,0,0,0,0,0,0,1,1,0,0,0,0,0,0,0,0,0,0,0,0,0,0,1,1,0,0,71,286,215,0.7517482517482518,3.028169014084507,0.006993006993006993,1,0,1.0,0, 0, 0, 0, 0, 0,19,8,15,9,1,6,12,22,5,9,11,16,6,12,10,12,14,5,4,19,21,27,24,51,86,26,19,8,15,9,1,6,12,22,5,9,11,16,6,12,10,12,14,5,4,19,21,27,24,51,86,26,19,8,15,9,1,6,12,22,5,9,11,16,6,12,10,12,14,5,4,19,21,27,24,51,86,26,0,0,0,0,0,0,0,0,0,0,0,0,0,1,1,215
2654,0,9575.830601,2419.1956059999998,7174.645560000001,7545,0,0,1,0,1,1,1,0,0,1,0,0,0,0,0,1,0,0,0,0,0,0,0,0,0,0,0,0,0,0,1,1,0,0,22,88,66,0.75,3.0,0.03409090909090909,1,0,0.32954545454545453,0, 0, 1, 0, 0, 0,5,4,6,3,2,2,3,4,0,5,2,6,0,4,2,6,7,0,0,5,4,9,10,19,21,13,5,4,6,3,2,2,3,4,0,5,2,6,0,4,2,6,7,0,0,5,4,9,10,19,21,13,5,4,6,3,2,2,3,4,0,5,2,6,0,4,2,6,7,0,0,5,4,9,10,19,21,13,0,0,0,0,0,0,0,0,0,0,0,0,0,1,1,66
2655,0,6439.480585999998,1468.7860510000003,4988.705099999999,8457,0,0,1,1,0,1,1,0,0,0,0,1,0,0,0,1,0,0,0,0,0,0,0,0,0,0,0,0,0,0,1,1,0,0,15,62,47,0.7580645161290323,3.1333333333333333,0.04838709677419355,1,0,1.0,1, 0, 0, 0, 0, 0,3,7,0,1,3,0,1,8,2,1,6,1,1,1,5,0,3,0,0,4,1,1,8,9,23,3,3,7,0,1,3,0,1,8,2,1,6,1,1,1,5,0,3,0,0,4,1,1,8,9,23,3,3,7,0,1,3,0,1,8,2,1,6,1,1,1,5,0,3,0,0,4,1,1,8,9,23,3,0,0,0,0,0,0,0,0,0,0,0,0,0,1,1,47
2661,0,18534.330055,4210.013764999999,14342.326854999998,4,1,1,0,1,0,0,0,1,0,0,0,0,0,0,0,1,0,0,0,0,0,0,0,0,0,0,0,0,0,0,1,1,0,0,45,180,135,0.75,3.0,0.005555555555555556,0,0,1.0,0, 0, 0, 0, 0, 0,18,10,4,3,1,13,10,16,0,7,9,3,2,5,5,2,18,1,1,7,7,14,13,27,59,20,18,10,4,3,1,13,10,16,0,7,9,3,2,5,5,2,18,1,1,7,7,14,13,27,59,20,18,10,4,3,1,13,10,16,0,7,9,3,2,5,5,2,18,1,1,7,7,14,13,27,59,20,0,0,0,0,0,0,0,0,0,0,0,0,0,1,1,135
2662,0,27684.29321599999,6984.601147,20717.702634000005,535,0,0,0,1,0,0,0,1,0,0,0,0,0,0,0,1,0,0,0,0,0,0,0,0,0,0,0,0,0,0,1,1,0,0,61,246,185,0.7520325203252033,3.0327868852459017,0.0040650406504065045,1,0,1.0,0, 0, 0, 0, 0, 0,20,16,10,3,1,6,15,12,3,6,24,4,2,8,10,10,13,3,7,12,18,25,20,45,76,23,20,16,10,3,1,6,15,12,3,6,24,4,2,8,10,10,13,3,7,12,18,25,20,45,76,23,20,16,10,3,1,6,15,12,3,6,24,4,2,8,10,10,13,3,7,12,18,25,20,45,76,23,0,0,0,0,0,0,0,0,0,0,0,0,0,1,1,185
2663,0,28368.394311999997,7284.869838999999,21101.535037999987,8333,0,0,1,0,1,1,1,0,0,0,0,0,0,0,0,1,0,0,0,0,0,0,0,0,0,0,0,0,0,0,1,1,0,0,70,281,211,0.7508896797153025,3.0142857142857142,0.017793594306049824,4,39.333333333333336,1.0,0, 0, 0, 0, 0, 1,27,6,9,13,3,11,6,27,3,11,10,6,5,2,12,14,22,0,3,21,5,15,12,27,101,36,27,6,9,13,3,11,6,27,3,11,10,6,5,2,12,14,22,0,3,21,5,15,12,27,101,36,27,6,9,13,3,11,6,27,3,11,10,6,5,2,12,14,22,0,3,21,5,15,12,27,101,36,0,0,0,0,0,0,0,0,0,0,0,0,0,1,1,211
2665,0,25856.20668300002,6505.349423999999,19368.86782400001,6656,0,0,1,1,0,0,1,0,0,0,0,0,0,0,0,1,0,0,0,0,0,0,0,0,0,0,0,0,1,0,1,1,0,0,59,238,179,0.7521008403361344,3.0338983050847457,0.008403361344537815,1,0,1.0,0, 0, 0, 0, 0, 0,25,14,8,6,2,4,11,17,4,4,21,4,3,8,11,11,8,4,4,10,16,19,18,37,80,19,25,14,8,6,2,4,11,17,4,4,21,4,3,8,11,11,8,4,4,10,16,19,18,37,80,19,25,14,8,6,2,4,11,17,4,4,21,4,3,8,11,11,8,4,4,10,16,19,18,37,80,19,0,0,0,0,0,0,0,0,0,0,1,0,0,0,1,179
2666,0,15319.490089000008,3528.6222439999992,11808.878410000005,152,1,0,0,0,1,1,1,0,0,0,0,0,0,0,0,1,0,0,0,0,0,0,0,0,0,0,0,0,1,0,1,1,0,0,38,152,114,0.75,3.0,0.019736842105263157,1,0,1.0,0, 0, 0, 0, 0, 0,28,8,4,2,2,6,7,11,4,1,12,0,1,4,7,6,3,3,1,4,8,11,8,19,57,9,28,8,4,2,2,6,7,11,4,1,12,0,1,4,7,6,3,3,1,4,8,11,8,19,57,9,28,8,4,2,2,6,7,11,4,1,12,0,1,4,7,6,3,3,1,4,8,11,8,19,57,9,0,0,0,0,0,0,0,0,0,0,1,0,0,0,1,114
2667,0,5731.318053,1329.7213849999996,4419.6072330000015,304,1,0,0,1,0,0,0,1,0,0,0,0,0,0,0,1,0,0,0,0,0,0,0,0,0,0,0,0,1,0,1,1,0,0,13,54,41,0.7592592592592593,3.1538461538461537,0.018518518518518517,0,0,1.0,0, 0, 0, 0, 0, 0,8,4,1,0,1,0,0,3,0,3,9,2,0,2,0,1,2,0,2,3,4,1,6,7,26,3,8,4,1,0,1,0,0,3,0,3,9,2,0,2,0,1,2,0,2,3,4,1,6,7,26,3,8,4,1,0,1,0,0,3,0,3,9,2,0,2,0,1,2,0,2,3,4,1,6,7,26,3,0,0,0,0,0,0,0,0,0,0,1,0,0,0,1,41
2671,0,8587.494247000006,2097.08296,6508.4218519999995,6036,0,0,1,1,0,0,1,0,0,0,0,0,0,0,0,1,0,0,0,0,0,0,0,0,0,0,0,0,0,0,1,1,0,0,19,76,57,0.75,3.0,0.02631578947368421,2,1.0,1.0,0, 0, 0, 0, 0, 0,10,8,2,1,2,1,2,3,1,2,6,1,0,3,4,1,2,1,4,3,8,4,9,13,24,3,10,8,2,1,2,1,2,3,1,2,6,1,0,3,4,1,2,1,4,3,8,4,9,13,24,3,10,8,2,1,2,1,2,3,1,2,6,1,0,3,4,1,2,1,4,3,8,4,9,13,24,3,0,0,0,0,0,0,0,0,0,0,0,0,0,0,1,57
2672,0,19988.129431999994,4784.297324999999,15221.842671999997,4976,0,0,1,0,1,1,1,0,0,1,0,0,0,0,1,1,0,0,0,0,0,0,0,0,0,0,0,0,0,0,1,1,0,0,45,182,137,0.7527472527472527,3.0444444444444443,0.016483516483516484,0,0,0.24725274725274726,0, 0, 1, 0, 0, 0,17,9,7,4,2,2,7,11,2,6,17,4,3,2,14,4,5,6,7,8,15,14,13,27,62,9,17,9,7,4,2,2,7,11,2,6,17,4,3,2,14,4,5,6,7,8,15,14,13,27,62,9,17,9,7,4,2,2,7,11,2,6,17,4,3,2,14,4,5,6,7,8,15,14,13,27,62,9,0,0,0,0,0,0,0,0,0,0,0,0,0,0,1,137
2673,0,29657.233911999992,7373.547573000002,22301.696904000008,4069,0,0,1,0,1,0,1,0,0,0,0,0,0,0,0,1,0,0,0,0,0,0,0,0,0,0,0,0,0,0,1,1,0,0,66,266,200,0.7518796992481203,3.0303030303030303,0.007518796992481203,1,0,1.0,0, 0, 0, 0, 0, 0,19,16,13,9,1,8,8,11,3,10,27,2,4,2,13,7,15,3,10,19,15,21,18,39,90,22,19,16,13,9,1,8,8,11,3,10,27,2,4,2,13,7,15,3,10,19,15,21,18,39,90,22,19,16,13,9,1,8,8,11,3,10,27,2,4,2,13,7,15,3,10,19,15,21,18,39,90,22,0,0,0,0,0,0,0,0,0,0,0,0,0,0,1,200
2674,0,16923.315259000006,3869.9635120000003,13071.362311999997,3539,0,0,1,1,0,0,1,0,0,0,1,0,0,0,0,1,0,0,0,0,0,0,0,0,0,0,0,0,0,0,1,1,0,0,38,155,117,0.7548387096774194,3.0789473684210527,0.012903225806451613,0,0,0.5419354838709678,0, 1, 0, 0, 0, 0,8,6,6,6,2,2,5,10,3,2,6,6,5,8,10,7,6,0,8,11,16,11,12,23,42,13,8,6,6,6,2,2,5,10,3,2,6,6,5,8,10,7,6,0,8,11,16,11,12,23,42,13,8,6,6,6,2,2,5,10,3,2,6,6,5,8,10,7,6,0,8,11,16,11,12,23,42,13,0,0,0,0,0,0,0,0,0,0,0,0,0,0,1,117
2675,0,10750.355772000004,2706.296794000001,8062.069543000004,35,1,1,0,0,1,1,1,0,0,0,0,0,0,0,1,1,0,0,0,0,0,0,0,0,0,0,0,0,0,0,1,1,0,0,23,95,72,0.7578947368421053,3.130434782608696,0.031578947368421054,1,0,1.0,0, 0, 0, 0, 0, 0,5,5,5,2,3,3,4,6,2,4,7,2,1,2,5,2,3,2,2,7,6,9,7,16,30,5,5,5,5,2,3,3,4,6,2,4,7,2,1,2,5,2,3,2,2,7,6,9,7,16,30,5,5,5,5,2,3,3,4,6,2,4,7,2,1,2,5,2,3,2,2,7,6,9,7,16,30,5,0,0,0,0,0,0,0,0,0,0,0,0,0,0,1,72
2680,0,27342.111326000017,6501.324682000002,20858.797209000004,6942,0,0,1,0,1,0,1,0,0,0,0,0,0,0,0,1,0,0,0,0,0,0,0,0,0,0,0,1,0,0,1,1,0,0,64,259,195,0.752895752895753,3.046875,0.007722007722007722,0,0,1.0,0, 0, 0, 0, 0, 0,26,19,9,1,0,9,11,21,8,9,16,2,4,4,7,10,19,2,3,15,9,20,21,41,91,29,26,19,9,1,0,9,11,21,8,9,16,2,4,4,7,10,19,2,3,15,9,20,21,41,91,29,26,19,9,1,0,9,11,21,8,9,16,2,4,4,7,10,19,2,3,15,9,20,21,41,91,29,0,0,0,0,0,0,0,0,0,1,0,1,0,1,1,195
2681,0,27896.381352000022,6670.419704000004,21243.972213000012,6927,0,0,1,0,1,0,1,0,0,0,0,0,0,0,0,1,0,0,0,0,0,0,0,0,0,0,0,1,0,0,1,1,0,0,66,264,198,0.75,3.0,0.007575757575757576,0,0,1.0,0, 0, 0, 0, 0, 0,26,19,9,1,0,9,11,21,9,9,16,2,4,5,7,10,20,2,3,15,10,20,21,41,91,30,26,19,9,1,0,9,11,21,9,9,16,2,4,5,7,10,20,2,3,15,10,20,21,41,91,30,26,19,9,1,0,9,11,21,9,9,16,2,4,5,7,10,20,2,3,15,10,20,21,41,91,30,0,0,0,0,0,0,0,0,0,1,0,1,0,1,1,198
2686,0,5899.905438999995,1529.7707519999997,4388.145251999999,168,1,0,0,1,0,1,1,0,0,0,0,0,1,0,0,1,0,0,0,0,0,0,0,0,0,0,0,1,0,0,1,1,0,0,13,53,40,0.7547169811320755,3.076923076923077,0.05660377358490566,1,0,1.0,0, 0, 0, 0, 0, 0,1,7,0,1,3,1,1,5,2,0,1,1,3,0,5,4,2,0,0,3,0,1,8,9,13,6,1,7,0,1,3,1,1,5,2,0,1,1,3,0,5,4,2,0,0,3,0,1,8,9,13,6,1,7,0,1,3,1,1,5,2,0,1,1,3,0,5,4,2,0,0,3,0,1,8,9,13,6,0,0,0,0,0,0,0,0,0,1,0,1,0,1,1,40
2689,0,27475.312438,6942.579350000001,20550.74365300001,280,1,0,0,1,0,0,0,1,0,0,0,0,0,0,0,1,0,0,0,0,0,0,0,0,0,0,0,1,0,0,1,1,0,0,61,245,184,0.7510204081632653,3.0163934426229506,0.004081632653061225,1,0,1.0,0, 0, 0, 0, 0, 0,24,18,14,0,1,4,11,11,3,6,24,5,2,8,12,8,12,3,7,11,18,25,23,48,78,20,24,18,14,0,1,4,11,11,3,6,24,5,2,8,12,8,12,3,7,11,18,25,23,48,78,20,24,18,14,0,1,4,11,11,3,6,24,5,2,8,12,8,12,3,7,11,18,25,23,48,78,20,0,0,0,0,0,0,0,0,0,1,0,1,0,1,1,184
2690,0,5476.697474999998,1415.7051749999998,4079.0028650000004,1993,0,0,1,0,1,0,1,0,0,0,0,0,0,0,1,1,0,0,0,0,0,0,0,0,0,0,0,1,0,0,1,1,0,0,12,49,37,0.7551020408163265,3.0833333333333335,0.04081632653061224,2,34.0,1.0,0, 0, 0, 0, 0, 0,2,0,0,3,2,1,4,2,0,2,2,3,2,0,7,1,1,1,1,3,2,4,3,7,13,2,2,0,0,3,2,1,4,2,0,2,2,3,2,0,7,1,1,1,1,3,2,4,3,7,13,2,2,0,0,3,2,1,4,2,0,2,2,3,2,0,7,1,1,1,1,3,2,4,3,7,13,2,0,0,0,0,0,0,0,0,0,1,0,1,0,1,1,37
2693,0,27444.992163000003,6705.269236999999,20757.733491000003,3613,0,0,1,0,1,1,1,0,0,0,0,0,0,0,0,1,0,0,0,0,0,0,0,0,0,0,0,1,0,0,1,1,0,0,63,255,192,0.7529411764705882,3.0476190476190474,0.0196078431372549,0,0,0.8823529411764706,0, 1, 0, 0, 0, 0,21,14,10,5,1,6,13,21,3,6,24,7,6,10,7,9,12,1,3,13,14,23,21,44,91,21,21,14,10,5,1,6,13,21,3,6,24,7,6,10,7,9,12,1,3,13,14,23,21,44,91,21,21,14,10,5,1,6,13,21,3,6,24,7,6,10,7,9,12,1,3,13,14,23,21,44,91,21,0,0,0,0,0,0,0,0,0,1,0,1,0,1,1,192
2694,0,12325.877774999994,3274.6743370000004,9069.214003000001,5728,0,0,1,0,1,1,1,0,0,0,0,0,0,0,0,1,0,0,0,0,0,0,0,0,0,0,0,0,0,0,1,1,0,0,28,115,87,0.7565217391304347,3.107142857142857,0.02608695652173913,3,54.0,1.0,0, 0, 0, 0, 0, 0,10,1,8,3,2,2,6,12,3,8,6,1,3,3,2,5,6,1,2,3,6,14,2,16,42,11,10,1,8,3,2,2,6,12,3,8,6,1,3,3,2,5,6,1,2,3,6,14,2,16,42,11,10,1,8,3,2,2,6,12,3,8,6,1,3,3,2,5,6,1,2,3,6,14,2,16,42,11,0,0,0,0,0,0,0,0,0,0,0,0,0,1,1,87
2698,0,29416.22444199999,7603.136738999997,21831.098268000005,1346,0,0,1,1,0,1,1,0,0,0,0,0,0,0,1,1,0,0,0,0,0,0,0,0,0,0,0,0,0,0,1,1,0,0,69,277,208,0.7509025270758123,3.0144927536231885,0.01444043321299639,5,30.0,1.0,0, 0, 0, 0, 0, 0,39,5,11,10,4,13,5,12,4,12,12,12,4,9,11,10,16,2,3,14,14,16,17,33,93,26,39,5,11,10,4,13,5,12,4,12,12,12,4,9,11,10,16,2,3,14,14,16,17,33,93,26,39,5,11,10,4,13,5,12,4,12,12,12,4,9,11,10,16,2,3,14,14,16,17,33,93,26,0,0,0,0,0,0,0,0,0,0,0,0,0,1,1,208
2700,0,11183.881011000005,2878.633602,8323.257973999998,4,1,1,0,1,0,0,0,1,0,0,0,0,0,0,0,1,0,0,0,0,0,0,0,0,0,0,0,0,0,0,1,1,0,0,24,98,74,0.7551020408163265,3.0833333333333335,0.01020408163265306,0,0,1.0,0, 0, 0, 0, 0, 0,9,5,7,1,1,3,7,3,0,6,8,2,0,3,2,5,2,2,2,6,7,14,7,21,32,7,9,5,7,1,1,3,7,3,0,6,8,2,0,3,2,5,2,2,2,6,7,14,7,21,32,7,9,5,7,1,1,3,7,3,0,6,8,2,0,3,2,5,2,2,2,6,7,14,7,21,32,7,0,0,0,0,0,0,0,0,0,0,0,0,0,1,1,74
2701,0,28062.997138,7154.492599999998,20926.515103000005,289,1,0,0,0,1,1,1,0,0,0,0,0,0,0,0,1,0,0,0,0,0,0,0,0,0,0,0,0,0,0,1,1,0,0,63,252,189,0.75,3.0,0.011904761904761904,0,0,1.0,0, 0, 0, 0, 0, 0,32,13,14,2,2,6,13,10,5,9,19,6,4,9,11,9,9,4,6,6,19,27,19,46,80,18,32,13,14,2,2,6,13,10,5,9,19,6,4,9,11,9,9,4,6,6,19,27,19,46,80,18,32,13,14,2,2,6,13,10,5,9,19,6,4,9,11,9,9,4,6,6,19,27,19,46,80,18,0,0,0,0,0,0,0,0,0,0,0,0,0,1,1,189
2702,0,29393.741416999994,7374.708833000001,22037.043149,289,1,0,0,0,1,1,1,0,0,0,0,0,0,0,0,1,0,0,0,0,0,0,0,0,0,0,0,0,0,0,1,1,0,0,66,264,198,0.75,3.0,0.011363636363636364,0,0,1.0,0, 0, 0, 0, 0, 0,33,14,14,3,3,7,13,10,5,10,19,6,4,9,11,9,9,4,8,7,21,27,20,47,83,18,33,14,14,3,3,7,13,10,5,10,19,6,4,9,11,9,9,4,8,7,21,27,20,47,83,18,33,14,14,3,3,7,13,10,5,10,19,6,4,9,11,9,9,4,8,7,21,27,20,47,83,18,0,0,0,0,0,0,0,0,0,0,0,0,0,1,1,198
2703,0,3604.886653000002,961.5531410000001,2661.3440769999997,2130,0,0,1,1,0,0,0,1,0,0,0,0,0,0,1,1,0,0,0,0,0,0,0,0,0,0,0,0,0,0,1,1,0,0,7,31,24,0.7741935483870968,3.4285714285714284,0.03225806451612903,0,0,1.0,0, 0, 0, 0, 0, 0,3,2,0,0,1,1,2,1,0,2,1,1,2,0,3,1,2,0,1,1,1,2,3,5,10,3,3,2,0,0,1,1,2,1,0,2,1,1,2,0,3,1,2,0,1,1,1,2,3,5,10,3,3,2,0,0,1,1,2,1,0,2,1,1,2,0,3,1,2,0,1,1,1,2,3,5,10,3,0,0,0,0,0,0,0,0,0,0,0,0,0,1,1,24
2704,0,20555.39702299998,4887.512539999999,15685.895047999998,2394,0,0,1,1,0,0,1,0,0,1,0,0,0,0,0,1,0,0,0,0,0,0,0,0,0,0,0,0,0,0,1,1,0,0,46,186,140,0.7526881720430108,3.0434782608695654,0.010752688172043012,0,0,0.24731182795698925,0, 0, 1, 0, 0, 0,17,8,5,8,2,2,8,11,0,6,8,10,3,4,8,7,11,8,6,8,18,13,18,31,53,18,17,8,5,8,2,2,8,11,0,6,8,10,3,4,8,7,11,8,6,8,18,13,18,31,53,18,17,8,5,8,2,2,8,11,0,6,8,10,3,4,8,7,11,8,6,8,18,13,18,31,53,18,0,0,0,0,0,0,0,0,0,0,0,0,0,1,1,140
2705,0,32354.64514200001,7540.750236,24831.905471,2951,0,0,1,0,1,1,1,0,0,0,0,0,0,0,0,1,0,0,0,0,0,0,0,0,0,0,0,0,0,0,1,1,0,0,74,297,223,0.7508417508417509,3.0135135135135136,0.010101010101010102,3,22.5,1.0,0, 0, 0, 0, 0, 0,21,14,11,13,1,6,13,15,2,12,20,14,9,2,12,7,17,3,11,20,16,24,28,52,97,24,21,14,11,13,1,6,13,15,2,12,20,14,9,2,12,7,17,3,11,20,16,24,28,52,97,24,21,14,11,13,1,6,13,15,2,12,20,14,9,2,12,7,17,3,11,20,16,24,28,52,97,24,0,0,0,0,0,0,0,0,0,0,0,0,0,1,1,223
2706,0,18827.154141000003,4562.464451999999,14282.70025400001,3816,0,0,1,1,0,1,1,0,0,0,1,0,0,0,0,1,0,0,0,0,0,0,0,0,0,0,0,0,0,0,1,1,0,0,43,174,131,0.7528735632183908,3.046511627906977,0.022988505747126436,0,0,0.5689655172413793,0, 1, 0, 0, 0, 0,15,7,12,7,4,2,5,14,4,2,6,8,3,3,7,7,6,1,10,8,14,17,15,32,48,13,15,7,12,7,4,2,5,14,4,2,6,8,3,3,7,7,6,1,10,8,14,17,15,32,48,13,15,7,12,7,4,2,5,14,4,2,6,8,3,3,7,7,6,1,10,8,14,17,15,32,48,13,0,0,0,0,0,0,0,0,0,0,0,0,0,1,1,131
2707,0,13815.300797000002,3352.8554110000005,10480.455951000005,331,1,0,0,1,0,0,0,1,0,0,0,0,0,0,0,1,0,0,0,0,0,1,0,0,1,0,0,0,0,0,1,1,0,0,30,121,91,0.7520661157024794,3.033333333333333,0.008264462809917356,1,0,1.0,0, 0, 0, 0, 0, 0,9,7,3,5,1,8,6,6,2,6,9,6,1,5,0,7,0,2,3,5,10,9,13,22,36,7,9,7,3,5,1,8,6,6,2,6,9,6,1,5,0,7,0,2,3,5,10,9,13,22,36,7,9,7,3,5,1,8,6,6,2,6,9,6,1,5,0,7,0,2,3,5,10,9,13,22,36,7,1,0,0,1,0,0,0,0,0,0,0,0,0,1,1,91
2708,0,11580.066449,2726.4173749999995,8871.659638999998,27,1,1,0,1,0,0,0,1,0,0,0,0,0,0,0,1,0,0,0,0,0,1,0,0,1,0,0,0,0,0,1,1,0,0,26,106,80,0.7547169811320755,3.076923076923077,0.009433962264150943,0,0,1.0,0, 0, 0, 0, 0, 0,7,4,4,2,1,6,5,3,2,4,9,6,1,2,4,9,3,1,1,6,4,9,10,19,30,12,7,4,4,2,1,6,5,3,2,4,9,6,1,2,4,9,3,1,1,6,4,9,10,19,30,12,7,4,4,2,1,6,5,3,2,4,9,6,1,2,4,9,3,1,1,6,4,9,10,19,30,12,1,0,0,1,0,0,0,0,0,0,0,0,0,1,1,80
2709,0,10326.169650000003,2719.2787759999997,7624.901438999998,29,1,1,0,0,1,0,0,1,0,0,0,0,0,0,0,1,0,0,0,0,0,1,0,0,1,0,0,0,0,0,1,1,0,0,22,91,69,0.7582417582417582,3.1363636363636362,0.0,0,0,1.0,0, 0, 0, 0, 0, 0,9,2,4,1,0,6,9,6,2,7,8,2,2,2,2,1,0,1,1,4,4,13,4,17,36,1,9,2,4,1,0,6,9,6,2,7,8,2,2,2,2,1,0,1,1,4,4,13,4,17,36,1,9,2,4,1,0,6,9,6,2,7,8,2,2,2,2,1,0,1,1,4,4,13,4,17,36,1,1,0,0,1,0,0,0,0,0,0,0,0,0,1,1,69
2710,0,29169.586882999993,7289.593343,21898.004105000018,243,1,0,0,0,1,0,0,1,0,0,0,0,0,0,1,1,0,0,0,0,0,1,0,0,1,0,0,0,0,0,1,1,0,0,62,250,188,0.752,3.032258064516129,0.004,0,0,1.0,0, 0, 0, 0, 0, 0,15,18,13,3,1,14,13,12,7,10,22,1,4,5,11,10,6,7,8,8,20,26,19,45,71,16,15,18,13,3,1,14,13,12,7,10,22,1,4,5,11,10,6,7,8,8,20,26,19,45,71,16,15,18,13,3,1,14,13,12,7,10,22,1,4,5,11,10,6,7,8,8,20,26,19,45,71,16,1,0,0,1,0,0,0,0,0,0,0,0,0,1,1,188
2711,0,28882.578509000003,7041.657188999998,21858.931884999998,4730,0,0,1,0,1,1,1,0,0,0,0,0,0,0,0,1,0,0,0,0,0,1,0,0,1,0,0,0,0,0,1,1,0,0,66,264,198,0.75,3.0,0.022727272727272728,2,9.0,1.0,0, 0, 0, 0, 0, 0,25,14,15,9,5,4,10,14,6,12,22,4,3,7,8,11,6,1,11,11,19,25,18,43,87,17,25,14,15,9,5,4,10,14,6,12,22,4,3,7,8,11,6,1,11,11,19,25,18,43,87,17,25,14,15,9,5,4,10,14,6,12,22,4,3,7,8,11,6,1,11,11,19,25,18,43,87,17,1,0,0,1,0,0,0,0,0,0,0,0,0,1,1,198
2712,0,16596.885810999996,4247.299454,12367.596921999997,7531,0,0,1,1,0,0,0,1,0,0,0,0,0,0,0,1,0,0,0,0,0,1,0,0,1,0,0,0,0,0,1,1,0,0,38,152,114,0.75,3.0,0.006578947368421052,1,0,1.0,0, 0, 0, 0, 0, 0,7,9,7,0,1,10,5,11,0,6,12,5,1,1,3,10,8,1,3,14,5,12,14,26,51,18,7,9,7,0,1,10,5,11,0,6,12,5,1,1,3,10,8,1,3,14,5,12,14,26,51,18,7,9,7,0,1,10,5,11,0,6,12,5,1,1,3,10,8,1,3,14,5,12,14,26,51,18,1,0,0,1,0,0,0,0,0,0,0,0,0,1,1,114
2715,0,14875.820344999998,3559.992103,11333.838806999993,4897,0,0,1,1,0,0,1,0,0,0,0,0,0,0,0,1,0,0,0,0,0,0,0,0,0,0,0,1,0,0,1,1,0,0,33,135,102,0.7555555555555555,3.090909090909091,0.014814814814814815,1,0,1.0,0, 0, 0, 0, 0, 0,10,3,6,4,2,11,7,5,2,10,9,4,5,5,2,2,4,0,0,11,5,13,7,20,50,6,10,3,6,4,2,11,7,5,2,10,9,4,5,5,2,2,4,0,0,11,5,13,7,20,50,6,10,3,6,4,2,11,7,5,2,10,9,4,5,5,2,2,4,0,0,11,5,13,7,20,50,6,0,0,0,0,0,0,1,0,0,1,0,1,0,1,1,102
2717,0,3358.6914429999997,833.479307,2543.222701,246,1,0,0,1,0,0,0,1,0,0,0,0,0,0,0,1,0,0,0,0,0,0,0,0,0,0,0,1,0,0,1,1,0,0,7,30,23,0.7666666666666667,3.2857142857142856,0.03333333333333333,2,1.0,1.0,0, 0, 0, 0, 0, 0,3,2,1,0,1,1,2,1,1,1,0,0,0,2,3,0,4,0,0,1,2,3,2,5,6,4,3,2,1,0,1,1,2,1,1,1,0,0,0,2,3,0,4,0,0,1,2,3,2,5,6,4,3,2,1,0,1,1,2,1,1,1,0,0,0,2,3,0,4,0,0,1,2,3,2,5,6,4,0,0,0,0,0,0,1,0,0,1,0,1,0,1,1,23
2719,0,14868.751673999997,3757.6736819999996,11129.088556999997,6349,0,0,1,0,1,0,1,0,0,0,0,0,0,0,0,1,0,0,0,0,0,0,0,0,0,0,0,1,0,0,1,1,0,0,32,128,96,0.75,3.0,0.015625,0,0,1.0,0, 0, 0, 0, 0, 0,6,4,11,1,1,4,12,7,6,3,5,2,2,4,5,2,5,1,7,8,12,23,6,29,31,7,6,4,11,1,1,4,12,7,6,3,5,2,2,4,5,2,5,1,7,8,12,23,6,29,31,7,6,4,11,1,1,4,12,7,6,3,5,2,2,4,5,2,5,1,7,8,12,23,6,29,31,7,0,0,0,0,0,0,1,0,0,1,0,1,0,1,1,96
2721,0,16161.616511999993,4047.2085130000014,12132.418563999992,7324,0,0,1,1,0,0,0,1,0,0,0,0,0,0,0,1,0,0,0,0,0,1,0,0,1,0,0,0,0,0,1,1,0,0,37,148,111,0.75,3.0,0.006756756756756757,1,0,1.0,0, 0, 0, 0, 0, 0,7,9,7,1,1,10,5,11,1,6,13,4,1,1,3,8,8,1,3,11,5,12,13,25,49,16,7,9,7,1,1,10,5,11,1,6,13,4,1,1,3,8,8,1,3,11,5,12,13,25,49,16,7,9,7,1,1,10,5,11,1,6,13,4,1,1,3,8,8,1,3,11,5,12,13,25,49,16,1,0,0,1,0,0,0,0,0,0,0,0,0,1,1,111
2722,0,28691.305971000005,6915.505102999998,21793.811433,4668,0,0,1,0,1,1,1,0,0,0,0,0,0,0,0,1,0,0,0,0,0,1,0,0,1,0,0,0,0,0,1,1,0,0,66,264,198,0.75,3.0,0.022727272727272728,2,9.0,1.0,0, 0, 0, 0, 0, 0,27,12,14,8,5,10,12,16,6,9,21,4,3,8,8,6,5,1,10,13,19,26,16,42,89,11,27,12,14,8,5,10,12,16,6,9,21,4,3,8,8,6,5,1,10,13,19,26,16,42,89,11,27,12,14,8,5,10,12,16,6,9,21,4,3,8,8,6,5,1,10,13,19,26,16,42,89,11,1,0,0,1,0,0,0,0,0,0,0,0,0,1,1,198
2724,0,28995.664346999987,7162.566400999997,21851.108511000017,264,1,0,0,0,1,0,0,1,0,0,0,0,0,0,1,1,0,0,0,0,0,1,0,0,1,0,0,0,0,0,1,1,0,0,62,250,188,0.752,3.032258064516129,0.004,0,0,1.0,0, 0, 0, 0, 0, 0,15,18,12,3,1,13,13,12,7,10,22,3,4,5,10,10,7,7,7,9,19,25,21,46,72,17,15,18,12,3,1,13,13,12,7,10,22,3,4,5,10,10,7,7,7,9,19,25,21,46,72,17,15,18,12,3,1,13,13,12,7,10,22,3,4,5,10,10,7,7,7,9,19,25,21,46,72,17,1,0,0,1,0,0,0,0,0,0,0,0,0,1,1,188
2725,0,10300.208145000002,2793.344547,7524.874162999998,8,1,1,0,0,1,0,0,1,0,0,0,0,0,0,0,1,0,0,0,0,0,1,0,0,1,0,0,0,0,0,1,1,0,0,22,91,69,0.7582417582417582,3.1363636363636362,0.0,0,0,1.0,0, 0, 0, 0, 0, 0,8,2,6,1,0,3,7,7,2,7,8,3,2,2,3,1,1,1,1,4,4,13,5,18,36,2,8,2,6,1,0,3,7,7,2,7,8,3,2,2,3,1,1,1,1,4,4,13,5,18,36,2,8,2,6,1,0,3,7,7,2,7,8,3,2,2,3,1,1,1,1,4,4,13,5,18,36,2,1,0,0,1,0,0,0,0,0,0,0,0,0,1,1,69
2726,0,5751.31006,1492.9414919999997,4276.379133000001,5,1,1,0,1,0,0,0,1,0,0,0,0,0,0,0,1,0,0,0,0,0,1,0,0,1,0,0,0,0,0,1,1,0,0,13,52,39,0.75,3.0,0.019230769230769232,1,0,1.0,0, 0, 0, 0, 0, 0,3,1,0,1,1,1,0,6,1,5,6,1,0,4,2,0,1,1,2,3,7,0,2,2,23,1,3,1,0,1,1,1,0,6,1,5,6,1,0,4,2,0,1,1,2,3,7,0,2,2,23,1,3,1,0,1,1,1,0,6,1,5,6,1,0,4,2,0,1,1,2,3,7,0,2,2,23,1,1,0,0,1,0,0,0,0,0,0,0,0,0,1,1,39
2727,0,11677.126605999998,2844.495626,8850.641544999993,257,1,0,0,1,0,0,0,1,0,0,0,0,0,0,0,1,0,0,0,0,0,1,0,0,1,0,0,0,0,0,1,1,0,0,26,105,79,0.7523809523809524,3.0384615384615383,0.009523809523809525,1,0,1.0,0, 0, 0, 0, 0, 0,6,4,2,1,1,6,6,3,2,4,9,7,2,1,4,10,4,1,2,4,4,8,11,19,28,14,6,4,2,1,1,6,6,3,2,4,9,7,2,1,4,10,4,1,2,4,4,8,11,19,28,14,6,4,2,1,1,6,6,3,2,4,9,7,2,1,4,10,4,1,2,4,4,8,11,19,28,14,1,0,0,1,0,0,0,0,0,0,0,0,0,1,1,79
2730,0,33710.167341999986,8446.455325,25281.722581999995,2621,0,0,1,1,0,0,0,1,0,0,0,0,0,0,0,1,0,0,0,0,0,1,0,0,1,0,0,0,0,0,1,1,0,0,74,299,225,0.7525083612040134,3.0405405405405403,0.0033444816053511705,0,0,1.0,0, 0, 0, 0, 0, 0,14,17,7,6,1,19,16,13,6,8,38,9,6,3,15,10,11,2,3,21,8,23,26,49,100,21,14,17,7,6,1,19,16,13,6,8,38,9,6,3,15,10,11,2,3,21,8,23,26,49,100,21,14,17,7,6,1,19,16,13,6,8,38,9,6,3,15,10,11,2,3,21,8,23,26,49,100,21,1,0,0,1,0,0,0,0,0,0,0,0,0,1,1,225
2733,0,32422.474457000026,7994.895054000002,24445.589968000008,1020,0,0,1,0,1,1,1,0,0,0,0,1,0,0,0,1,0,0,0,0,0,0,0,0,0,0,0,0,0,0,1,1,0,1,74,297,223,0.7508417508417509,3.0135135135135136,0.026936026936026935,6,75.8,0.9225589225589226,1, 1, 0, 1, 0, 1,19,19,16,3,4,8,17,21,6,7,33,4,3,3,13,8,15,2,6,16,11,33,23,56,99,23,19,19,16,3,4,8,17,21,6,7,33,4,3,3,13,8,15,2,6,16,11,33,23,56,99,23,19,19,16,3,4,8,17,21,6,7,33,4,3,3,13,8,15,2,6,16,11,33,23,56,99,23,0,0,0,0,0,0,0,0,0,0,0,0,0,1,1,223
2734,0,27573.936391000003,7046.518227,20545.428729,293,1,0,0,1,0,1,1,0,0,0,0,0,0,0,0,1,0,0,0,0,0,0,0,0,0,0,0,0,0,0,1,1,0,0,59,239,180,0.7531380753138075,3.0508474576271185,0.012552301255230125,0,0,1.0,0, 0, 0, 0, 0, 0,25,22,16,2,3,6,13,9,5,9,15,2,2,5,9,4,9,5,6,13,16,29,24,53,73,13,25,22,16,2,3,6,13,9,5,9,15,2,2,5,9,4,9,5,6,13,16,29,24,53,73,13,25,22,16,2,3,6,13,9,5,9,15,2,2,5,9,4,9,5,6,13,16,29,24,53,73,13,0,0,0,0,0,0,0,0,0,0,0,0,0,1,1,180
2735,0,12211.298838999995,3042.5965719999995,9186.712832,8,1,1,0,1,0,0,1,0,0,0,0,0,0,0,0,1,0,0,0,0,0,0,0,0,0,0,0,0,0,0,1,1,0,0,27,109,82,0.7522935779816514,3.037037037037037,0.01834862385321101,0,0,1.0,0, 0, 0, 0, 0, 0,6,9,9,1,2,2,5,5,3,2,11,2,2,2,2,4,5,0,1,9,3,14,11,25,35,9,6,9,9,1,2,2,5,5,3,2,11,2,2,2,2,4,5,0,1,9,3,14,11,25,35,9,6,9,9,1,2,2,5,5,3,2,11,2,2,2,2,4,5,0,1,9,3,14,11,25,35,9,0,0,0,0,0,0,0,0,0,0,0,0,0,1,1,82
2737,0,13283.827139999994,3219.6572910000004,10082.180413999995,1963,0,0,1,0,1,0,1,0,0,0,0,0,0,0,1,1,0,0,0,0,0,0,0,0,0,0,0,0,0,0,1,1,0,0,30,122,92,0.7540983606557377,3.066666666666667,0.01639344262295082,3,19.0,1.0,0, 0, 0, 0, 0, 0,7,11,2,5,2,4,5,8,4,4,7,1,1,1,7,6,9,0,2,6,3,7,12,19,33,15,7,11,2,5,2,4,5,8,4,4,7,1,1,1,7,6,9,0,2,6,3,7,12,19,33,15,7,11,2,5,2,4,5,8,4,4,7,1,1,1,7,6,9,0,2,6,3,7,12,19,33,15,0,0,0,0,0,0,0,0,0,0,0,0,0,1,1,92
2738,0,30623.796852000018,7731.9498159999985,22909.857600999992,4650,0,0,1,1,0,1,1,0,0,0,0,0,0,0,0,1,0,0,0,0,0,0,0,0,0,0,0,0,0,0,1,1,0,0,74,299,225,0.7525083612040134,3.0405405405405403,0.010033444816053512,0,0,1.0,0, 0, 0, 0, 0, 0,32,10,13,2,3,3,13,29,5,17,13,8,2,6,12,9,20,0,5,23,11,26,18,44,116,29,32,10,13,2,3,3,13,29,5,17,13,8,2,6,12,9,20,0,5,23,11,26,18,44,116,29,32,10,13,2,3,3,13,29,5,17,13,8,2,6,12,9,20,0,5,23,11,26,18,44,116,29,0,0,0,0,0,0,0,0,0,0,0,0,0,1,1,225
2740,0,4235.194318000001,1284.650957,2968.5539259999996,11922,0,0,1,1,0,0,0,1,0,0,0,0,0,0,0,1,0,0,0,0,0,0,0,0,0,1,0,1,0,1,1,1,0,0,10,40,30,0.75,3.0,0.025,1,0,1.0,0, 0, 0, 0, 0, 0,8,1,2,1,1,1,1,1,0,1,5,0,0,0,1,1,4,0,0,2,0,3,1,4,17,5,8,1,2,1,1,1,1,1,0,1,5,0,0,0,1,1,4,0,0,2,0,3,1,4,17,5,8,1,2,1,1,1,1,1,0,1,5,0,0,0,1,1,4,0,0,2,0,3,1,4,17,5,0,0,0,0,0,0,0,1,0,1,0,1,1,1,1,30
2741,0,27364.957097000013,6866.415948,20516.55171400001,279,1,0,0,0,1,1,1,0,0,0,0,0,0,0,0,1,0,0,0,0,0,0,0,0,0,1,0,1,0,1,1,1,0,0,59,239,180,0.7531380753138075,3.0508474576271185,0.012552301255230125,0,0,1.0,0, 0, 0, 0, 0, 0,21,15,12,2,2,8,12,10,7,11,20,4,1,6,10,10,5,7,6,11,19,24,19,43,74,15,21,15,12,2,2,8,12,10,7,11,20,4,1,6,10,10,5,7,6,11,19,24,19,43,74,15,21,15,12,2,2,8,12,10,7,11,20,4,1,6,10,10,5,7,6,11,19,24,19,43,74,15,0,0,0,0,0,0,0,1,0,1,0,1,1,1,1,180
2742,0,10537.257296999995,2574.3158889999995,7980.951973000003,1,1,1,0,1,0,0,0,1,0,0,0,0,0,0,0,1,0,0,0,0,0,0,0,0,0,1,0,1,0,1,1,1,0,0,23,93,70,0.7526881720430108,3.0434782608695654,0.010752688172043012,0,0,1.0,0, 0, 0, 0, 0, 0,6,6,8,1,1,2,6,5,1,3,11,0,1,2,2,4,2,2,3,4,7,14,6,20,30,6,6,6,8,1,1,2,6,5,1,3,11,0,1,2,2,4,2,2,3,4,7,14,6,20,30,6,6,6,8,1,1,2,6,5,1,3,11,0,1,2,2,4,2,2,3,4,7,14,6,20,30,6,0,0,0,0,0,0,0,1,0,1,0,1,1,1,1,70
2743,0,30515.96214899999,7459.024900999996,23074.94781300002,8619,0,0,1,0,1,0,1,0,0,0,0,0,0,0,0,1,0,0,0,0,0,0,0,0,0,1,0,1,0,1,1,1,0,0,68,274,206,0.7518248175182481,3.0294117647058822,0.0072992700729927005,1,0,1.0,0, 0, 0, 0, 0, 0,24,24,17,4,1,7,11,11,8,11,20,3,4,10,16,8,14,1,2,10,13,28,27,55,80,22,24,24,17,4,1,7,11,11,8,11,20,3,4,10,16,8,14,1,2,10,13,28,27,55,80,22,24,24,17,4,1,7,11,11,8,11,20,3,4,10,16,8,14,1,2,10,13,28,27,55,80,22,0,0,0,0,0,0,0,1,0,1,0,1,1,1,1,206
2744,0,3224.50278,837.3690889999998,2405.144256,11965,0,0,1,1,0,0,0,1,0,0,0,0,0,0,0,1,0,0,0,0,0,0,0,0,0,1,0,1,0,1,1,1,0,0,7,29,22,0.7586206896551724,3.142857142857143,0.034482758620689655,0,0,1.0,0, 0, 0, 0, 0, 0,3,2,2,0,1,0,1,3,1,2,1,0,2,2,1,0,0,0,0,1,2,3,2,5,12,0,3,2,2,0,1,0,1,3,1,2,1,0,2,2,1,0,0,0,0,1,2,3,2,5,12,0,3,2,2,0,1,0,1,3,1,2,1,0,2,2,1,0,0,0,0,1,2,3,2,5,12,0,0,0,0,0,0,0,0,1,0,1,0,1,1,1,1,22
2748,0,16774.111008999993,4236.182540999998,12555.939032999997,8406,0,0,1,1,0,0,0,1,0,0,0,0,0,0,0,1,0,0,0,0,0,1,0,0,1,0,0,0,0,0,1,1,0,0,40,163,123,0.754601226993865,3.075,0.006134969325153374,1,0,1.0,0, 0, 0, 0, 0, 0,22,3,0,4,1,5,0,14,3,8,20,3,2,8,4,7,7,1,2,9,11,0,6,6,75,14,22,3,0,4,1,5,0,14,3,8,20,3,2,8,4,7,7,1,2,9,11,0,6,6,75,14,22,3,0,4,1,5,0,14,3,8,20,3,2,8,4,7,7,1,2,9,11,0,6,6,75,14,1,0,0,1,0,0,1,0,0,0,0,0,0,1,1,123
2752,0,10366.193559000003,2774.313582,7609.890542,29,1,1,0,0,1,0,0,1,0,0,0,0,0,0,0,1,0,0,0,0,0,1,0,0,1,0,0,0,0,0,1,1,0,0,22,91,69,0.7582417582417582,3.1363636363636362,0.0,0,0,1.0,0, 0, 0, 0, 0, 0,8,2,7,1,0,4,7,6,2,7,8,3,2,2,3,1,0,1,1,4,4,14,5,19,35,1,8,2,7,1,0,4,7,6,2,7,8,3,2,2,3,1,0,1,1,4,4,14,5,19,35,1,8,2,7,1,0,4,7,6,2,7,8,3,2,2,3,1,0,1,1,4,4,14,5,19,35,1,1,0,0,1,0,0,1,0,0,0,0,0,0,1,1,69
2753,0,28895.527910999986,7161.534765999998,21752.003710000015,243,1,0,0,0,1,0,0,1,0,0,0,0,0,0,1,1,0,0,0,0,0,1,0,0,1,0,0,0,0,0,1,1,0,0,62,250,188,0.752,3.032258064516129,0.004,0,0,1.0,0, 0, 0, 0, 0, 0,17,18,13,3,1,13,12,12,7,10,22,2,4,5,10,10,7,7,7,8,19,25,20,45,73,17,17,18,13,3,1,13,12,12,7,10,22,2,4,5,10,10,7,7,7,8,19,25,20,45,73,17,17,18,13,3,1,13,12,12,7,10,22,2,4,5,10,10,7,7,7,8,19,25,20,45,73,17,1,0,0,1,0,0,1,0,0,0,0,0,0,1,1,188
2754,0,29178.639587999987,7271.660954999998,21924.989197999992,4930,0,0,1,0,1,1,1,0,0,0,0,0,0,0,0,1,0,0,0,0,0,1,0,0,1,0,0,0,0,0,1,1,0,0,66,264,198,0.75,3.0,0.01893939393939394,2,9.0,1.0,0, 0, 0, 0, 0, 0,28,13,14,10,4,8,14,15,6,12,25,4,2,5,8,7,2,1,12,8,18,28,17,45,90,9,28,13,14,10,4,8,14,15,6,12,25,4,2,5,8,7,2,1,12,8,18,28,17,45,90,9,28,13,14,10,4,8,14,15,6,12,25,4,2,5,8,7,2,1,12,8,18,28,17,45,90,9,1,0,0,1,0,0,1,0,0,0,0,0,0,1,1,198
2755,0,14197.987328,3764.6511550000005,10451.346738000004,7778,0,0,1,0,1,0,1,0,0,0,0,0,0,0,0,1,0,0,0,0,0,1,0,0,1,0,0,0,0,0,1,1,0,0,30,121,91,0.7520661157024794,3.033333333333333,0.01652892561983471,1,0,1.0,0, 0, 0, 0, 0, 0,4,10,6,2,1,3,6,12,4,3,12,3,1,3,5,2,3,1,6,4,10,12,13,25,36,5,4,10,6,2,1,3,6,12,4,3,12,3,1,3,5,2,3,1,6,4,10,12,13,25,36,5,4,10,6,2,1,3,6,12,4,3,12,3,1,3,5,2,3,1,6,4,10,12,13,25,36,5,1,0,0,1,0,0,1,0,0,0,0,0,0,1,1,91
2757,0,26973.842955000015,6846.531549,20145.321970999994,7870,0,0,1,1,0,1,1,0,0,0,0,0,0,0,0,1,0,0,0,0,0,0,0,0,0,0,0,0,1,0,1,1,0,0,63,255,192,0.7529411764705882,3.0476190476190474,0.011764705882352941,2,1.0,1.0,0, 0, 0, 0, 0, 0,21,17,9,7,3,4,10,21,2,10,14,3,2,3,13,17,13,2,4,17,9,19,20,39,85,30,21,17,9,7,3,4,10,21,2,10,14,3,2,3,13,17,13,2,4,17,9,19,20,39,85,30,21,17,9,7,3,4,10,21,2,10,14,3,2,3,13,17,13,2,4,17,9,19,20,39,85,30,0,0,0,0,0,0,0,0,0,0,1,0,0,1,1,192
2760,0,31240.081832000018,7711.872132,23546.220265000007,990,0,0,0,0,1,1,1,0,0,0,0,0,0,0,1,1,0,0,0,0,0,0,0,0,0,0,0,0,1,0,1,1,0,0,73,295,222,0.752542372881356,3.041095890410959,0.01694915254237288,3,2.0,0.9220338983050848,0, 1, 0, 1, 0, 0,35,18,20,3,1,2,11,18,5,8,26,2,2,2,17,7,17,5,4,19,11,31,20,51,108,24,35,18,20,3,1,2,11,18,5,8,26,2,2,2,17,7,17,5,4,19,11,31,20,51,108,24,35,18,20,3,1,2,11,18,5,8,26,2,2,2,17,7,17,5,4,19,11,31,20,51,108,24,0,0,0,0,0,0,0,0,0,0,1,0,0,1,1,222
2761,0,24949.998568999996,6569.5083220000015,18398.500812,301,1,0,0,1,0,0,1,0,0,0,0,0,0,0,0,1,0,0,0,0,0,0,0,0,0,0,0,0,1,0,1,1,0,0,54,216,162,0.75,3.0,0.009259259259259259,0,0,1.0,0, 0, 0, 0, 0, 0,19,21,11,1,2,5,15,13,3,5,22,1,2,3,8,5,6,5,5,10,13,26,22,48,71,11,19,21,11,1,2,5,15,13,3,5,22,1,2,3,8,5,6,5,5,10,13,26,22,48,71,11,19,21,11,1,2,5,15,13,3,5,22,1,2,3,8,5,6,5,5,10,13,26,22,48,71,11,0,0,0,0,0,0,0,0,0,0,1,0,0,1,1,162
2762,0,10204.274213,2610.469297,7611.815481,23,1,1,0,1,0,0,0,1,0,0,0,0,0,0,0,1,0,0,0,0,0,0,0,0,0,0,0,0,1,0,1,1,0,0,23,93,70,0.7526881720430108,3.0434782608695654,0.010752688172043012,0,0,1.0,0, 0, 0, 0, 0, 0,7,6,9,1,1,1,6,6,1,3,6,0,1,1,3,2,3,2,0,11,3,15,6,21,34,5,7,6,9,1,1,1,6,6,1,3,6,0,1,1,3,2,3,2,0,11,3,15,6,21,34,5,7,6,9,1,1,1,6,6,1,3,6,0,1,1,3,2,3,2,0,11,3,15,6,21,34,5,0,0,0,0,0,0,0,0,0,0,1,0,0,1,1,70
2763,0,16591.684022999987,4140.165068,12469.529520000011,27,1,1,0,1,0,0,0,1,0,0,0,0,0,0,0,1,0,0,0,0,0,0,0,0,0,0,0,0,1,0,1,1,0,0,38,155,117,0.7548387096774194,3.0789473684210527,0.0064516129032258064,1,0,1.0,0, 0, 0, 0, 0, 0,26,11,6,2,1,4,8,7,2,2,20,1,2,0,5,6,5,2,3,4,5,14,12,26,61,11,26,11,6,2,1,4,8,7,2,2,20,1,2,0,5,6,5,2,3,4,5,14,12,26,61,11,26,11,6,2,1,4,8,7,2,2,20,1,2,0,5,6,5,2,3,4,5,14,12,26,61,11,0,0,0,0,0,0,0,0,0,0,1,0,0,1,1,117
2764,0,29009.981989000014,7244.6624390000015,21783.330115000008,1934,0,0,1,1,0,0,1,0,0,0,0,0,0,0,0,1,0,0,0,0,0,0,0,0,0,0,0,0,1,0,1,1,0,0,66,267,201,0.7528089887640449,3.0454545454545454,0.00749063670411985,0,0,1.0,0, 0, 0, 0, 0, 0,28,17,17,4,2,7,10,10,8,7,20,1,2,7,18,7,9,2,1,24,10,27,18,45,91,16,28,17,17,4,2,7,10,10,8,7,20,1,2,7,18,7,9,2,1,24,10,27,18,45,91,16,28,17,17,4,2,7,10,10,8,7,20,1,2,7,18,7,9,2,1,24,10,27,18,45,91,16,0,0,0,0,0,0,0,0,0,0,1,0,0,1,1,201
2769,0,32422.474457000026,7994.895054000002,24445.589968000008,1020,0,0,1,0,1,1,1,0,0,0,0,1,0,0,0,1,0,0,0,0,0,0,0,0,0,0,0,0,0,0,1,1,0,1,74,297,223,0.7508417508417509,3.0135135135135136,0.026936026936026935,6,75.8,0.9225589225589226,1, 1, 0, 1, 0, 1,19,19,16,3,4,8,17,21,6,7,33,4,3,3,13,8,15,2,6,16,11,33,23,56,99,23,19,19,16,3,4,8,17,21,6,7,33,4,3,3,13,8,15,2,6,16,11,33,23,56,99,23,19,19,16,3,4,8,17,21,6,7,33,4,3,3,13,8,15,2,6,16,11,33,23,56,99,23,0,0,0,0,0,0,0,0,0,0,0,0,0,1,1,223
2770,0,27573.936391000003,7046.518227,20545.428729,293,1,0,0,1,0,1,1,0,0,0,0,0,0,0,0,1,0,0,0,0,0,0,0,0,0,0,0,0,0,0,1,1,0,0,59,239,180,0.7531380753138075,3.0508474576271185,0.012552301255230125,0,0,1.0,0, 0, 0, 0, 0, 0,25,22,16,2,3,6,13,9,5,9,15,2,2,5,9,4,9,5,6,13,16,29,24,53,73,13,25,22,16,2,3,6,13,9,5,9,15,2,2,5,9,4,9,5,6,13,16,29,24,53,73,13,25,22,16,2,3,6,13,9,5,9,15,2,2,5,9,4,9,5,6,13,16,29,24,53,73,13,0,0,0,0,0,0,0,0,0,0,0,0,0,1,1,180
2771,0,12211.298838999995,3042.5965719999995,9186.712832,8,1,1,0,1,0,0,1,0,0,0,0,0,0,0,0,1,0,0,0,0,0,0,0,0,0,0,0,0,0,0,1,1,0,0,27,109,82,0.7522935779816514,3.037037037037037,0.01834862385321101,0,0,1.0,0, 0, 0, 0, 0, 0,6,9,9,1,2,2,5,5,3,2,11,2,2,2,2,4,5,0,1,9,3,14,11,25,35,9,6,9,9,1,2,2,5,5,3,2,11,2,2,2,2,4,5,0,1,9,3,14,11,25,35,9,6,9,9,1,2,2,5,5,3,2,11,2,2,2,2,4,5,0,1,9,3,14,11,25,35,9,0,0,0,0,0,0,0,0,0,0,0,0,0,1,1,82
2773,0,13283.827139999994,3219.6572910000004,10082.180413999995,1963,0,0,1,0,1,0,1,0,0,0,0,0,0,0,1,1,0,0,0,0,0,0,0,0,0,0,0,0,0,0,1,1,0,0,30,122,92,0.7540983606557377,3.066666666666667,0.01639344262295082,3,19.0,1.0,0, 0, 0, 0, 0, 0,7,11,2,5,2,4,5,8,4,4,7,1,1,1,7,6,9,0,2,6,3,7,12,19,33,15,7,11,2,5,2,4,5,8,4,4,7,1,1,1,7,6,9,0,2,6,3,7,12,19,33,15,7,11,2,5,2,4,5,8,4,4,7,1,1,1,7,6,9,0,2,6,3,7,12,19,33,15,0,0,0,0,0,0,0,0,0,0,0,0,0,1,1,92
2774,0,30623.796852000018,7731.9498159999985,22909.857600999992,4650,0,0,1,1,0,1,1,0,0,0,0,0,0,0,0,1,0,0,0,0,0,0,0,0,0,0,0,0,0,0,1,1,0,0,74,299,225,0.7525083612040134,3.0405405405405403,0.010033444816053512,0,0,1.0,0, 0, 0, 0, 0, 0,32,10,13,2,3,3,13,29,5,17,13,8,2,6,12,9,20,0,5,23,11,26,18,44,116,29,32,10,13,2,3,3,13,29,5,17,13,8,2,6,12,9,20,0,5,23,11,26,18,44,116,29,32,10,13,2,3,3,13,29,5,17,13,8,2,6,12,9,20,0,5,23,11,26,18,44,116,29,0,0,0,0,0,0,0,0,0,0,0,0,0,1,1,225
2777,0,12910.037390999994,3255.628984000001,9672.418971999994,5585,0,0,1,0,1,1,1,0,0,0,1,0,0,0,1,1,0,0,0,0,0,0,0,0,0,0,0,0,1,0,1,1,0,1,28,112,84,0.75,3.0,0.0625,3,18.5,0.09821428571428571,0, 1, 0, 1, 0, 0,3,4,4,3,6,5,4,6,4,2,8,1,3,5,8,6,2,1,6,3,12,8,5,13,25,8,3,4,4,3,6,5,4,6,4,2,8,1,3,5,8,6,2,1,6,3,12,8,5,13,25,8,3,4,4,3,6,5,4,6,4,2,8,1,3,5,8,6,2,1,6,3,12,8,5,13,25,8,0,0,0,0,0,0,0,0,0,0,1,0,0,1,1,84
2780,0,17607.86761300001,4531.271559,13094.606618999998,2133,0,0,1,0,1,1,1,0,0,0,0,0,0,0,1,1,0,0,0,0,0,0,0,0,0,0,0,0,1,0,1,1,0,0,39,159,120,0.7547169811320755,3.076923076923077,0.018867924528301886,3,15.5,0.779874213836478,0, 1, 0, 0, 0, 0,18,5,10,7,0,9,6,2,0,6,13,2,3,4,10,11,1,3,1,9,8,16,7,23,51,12,18,5,10,7,0,9,6,2,0,6,13,2,3,4,10,11,1,3,1,9,8,16,7,23,51,12,18,5,10,7,0,9,6,2,0,6,13,2,3,4,10,11,1,3,1,9,8,16,7,23,51,12,0,0,0,0,0,0,0,0,0,0,1,0,0,1,1,120
2782,0,10524.588683000005,2514.2682689999997,8028.330979000001,57,1,1,0,0,1,0,1,0,0,0,0,0,0,0,0,1,0,0,0,0,0,0,0,0,0,0,0,0,1,0,1,1,0,0,23,92,69,0.75,3.0,0.021739130434782608,1,0,1.0,0, 0, 0, 0, 0, 0,4,7,3,1,1,7,7,3,1,5,10,4,1,1,3,3,2,0,2,4,3,10,11,21,27,5,4,7,3,1,1,7,7,3,1,5,10,4,1,1,3,3,2,0,2,4,3,10,11,21,27,5,4,7,3,1,1,7,7,3,1,5,10,4,1,1,3,3,2,0,2,4,3,10,11,21,27,5,0,0,0,0,0,0,0,0,0,0,1,0,0,1,1,69
2783,0,28374.591349999995,7372.725698999998,21019.876215999993,346,1,0,0,1,0,0,0,1,0,0,0,0,0,0,1,1,0,0,0,0,0,0,0,0,0,0,0,0,1,0,1,1,0,0,62,249,187,0.751004016064257,3.0161290322580645,0.004016064257028112,0,0,1.0,0, 0, 0, 0, 0, 0,25,15,15,1,1,6,11,12,7,7,23,8,1,8,10,9,8,6,5,9,19,26,23,49,77,17,25,15,15,1,1,6,11,12,7,7,23,8,1,8,10,9,8,6,5,9,19,26,23,49,77,17,25,15,15,1,1,6,11,12,7,7,23,8,1,8,10,9,8,6,5,9,19,26,23,49,77,17,0,0,0,0,0,0,0,0,0,0,1,0,0,1,1,187
2784,0,28772.807884,7404.704294000001,21386.114154999992,346,1,0,0,1,0,0,0,1,0,0,0,0,0,0,1,1,0,0,0,0,0,0,0,0,0,0,0,0,1,0,1,1,0,0,63,253,190,0.7509881422924901,3.015873015873016,0.003952569169960474,0,0,1.0,0, 0, 0, 0, 0, 0,25,16,15,1,1,6,11,12,7,8,23,8,1,8,11,9,8,6,5,9,19,26,24,50,78,17,25,16,15,1,1,6,11,12,7,8,23,8,1,8,11,9,8,6,5,9,19,26,24,50,78,17,25,16,15,1,1,6,11,12,7,8,23,8,1,8,11,9,8,6,5,9,19,26,24,50,78,17,0,0,0,0,0,0,0,0,0,0,1,0,0,1,1,190
2789,0,27459.918799999992,6862.398568999998,20615.530796,257,1,0,0,0,1,1,1,0,0,0,0,0,0,0,1,1,0,0,0,0,0,0,0,0,0,0,0,0,0,0,1,1,0,0,59,239,180,0.7531380753138075,3.0508474576271185,0.016736401673640166,0,0,1.0,0, 0, 0, 0, 0, 0,17,20,12,2,3,5,15,10,5,9,19,3,2,6,8,8,15,5,5,11,16,27,23,50,68,23,17,20,12,2,3,5,15,10,5,9,19,3,2,6,8,8,15,5,5,11,16,27,23,50,68,23,17,20,12,2,3,5,15,10,5,9,19,3,2,6,8,8,15,5,5,11,16,27,23,50,68,23,0,0,0,0,0,0,0,0,0,0,0,0,0,1,1,180
2790,0,11016.612345999998,2822.4578199999996,8212.165091,8,1,1,0,1,0,0,0,1,0,0,0,0,0,0,0,1,0,0,0,0,0,0,0,0,0,0,0,0,0,0,1,1,0,0,24,98,74,0.7551020408163265,3.0833333333333335,0.01020408163265306,0,0,1.0,0, 0, 0, 0, 0, 0,8,7,7,1,1,2,6,7,2,6,6,1,1,1,1,2,4,1,3,7,5,13,8,21,35,6,8,7,7,1,1,2,6,7,2,6,6,1,1,1,1,2,4,1,3,7,5,13,8,21,35,6,8,7,7,1,1,2,6,7,2,6,6,1,1,1,1,2,4,1,3,7,5,13,8,21,35,6,0,0,0,0,0,0,0,0,0,0,0,0,0,1,1,74
2791,0,10272.205869999998,2654.3169519999997,7635.899483,8,1,1,0,1,0,0,0,1,0,0,0,0,0,0,0,1,0,0,0,0,0,0,0,0,0,0,0,0,0,0,1,1,0,0,23,92,69,0.75,3.0,0.010869565217391304,0,0,1.0,0, 0, 0, 0, 0, 0,6,6,6,1,1,2,6,7,2,6,6,1,1,1,1,2,4,1,2,7,4,12,7,19,33,6,6,6,6,1,1,2,6,7,2,6,6,1,1,1,1,2,4,1,2,7,4,12,7,19,33,6,6,6,6,1,1,2,6,7,2,6,6,1,1,1,1,2,4,1,2,7,4,12,7,19,33,6,0,0,0,0,0,0,0,0,0,0,0,0,0,1,1,69
2792,1,7626.258445999997,1846.8367019999994,5797.432308999998,4,1,1,0,0,1,1,1,0,1,0,1,1,0,0,0,1,0,0,0,0,0,0,0,0,0,0,0,0,0,0,1,1,0,1,17,68,51,0.75,3.0,0.1323529411764706,4,16.333333333333332,0.11764705882352941,1, 3, 0, 0, 2, 1,3,3,1,1,9,1,4,2,4,1,1,1,2,0,7,1,3,0,4,3,4,5,4,9,12,4,3,3,1,1,9,1,4,2,4,1,1,1,2,0,7,1,3,0,4,3,4,5,4,9,12,4,3,3,1,1,9,1,4,2,4,1,1,1,2,0,7,1,3,0,4,3,4,5,4,9,12,4,0,0,0,0,0,0,0,0,0,0,0,0,0,1,1,51
2793,0,17896.363273999992,4345.373454999999,13569.000383999997,1972,0,0,1,0,1,0,1,0,0,0,0,0,0,0,0,1,0,0,0,0,0,0,0,0,0,0,0,0,0,0,1,1,0,0,40,162,122,0.7530864197530864,3.05,0.012345679012345678,2,75.0,1.0,0, 0, 0, 0, 0, 0,13,10,4,2,1,3,6,8,4,3,10,5,6,8,7,7,9,0,4,12,12,10,15,25,52,16,13,10,4,2,1,3,6,8,4,3,10,5,6,8,7,7,9,0,4,12,12,10,15,25,52,16,13,10,4,2,1,3,6,8,4,3,10,5,6,8,7,7,9,0,4,12,12,10,15,25,52,16,0,0,0,0,0,0,0,0,0,0,0,0,0,1,1,122
2794,0,14455.153408999995,3422.8060599999994,11050.357913999995,5368,0,0,1,1,0,0,1,0,0,0,0,0,0,0,0,1,0,0,0,0,0,0,0,0,0,0,0,0,0,0,1,1,0,0,33,134,101,0.753731343283582,3.0606060606060606,0.014925373134328358,1,0,1.0,0, 0, 0, 0, 0, 0,8,3,9,7,2,5,4,6,1,6,3,3,2,2,8,3,11,2,4,12,8,13,6,19,37,14,8,3,9,7,2,5,4,6,1,6,3,3,2,2,8,3,11,2,4,12,8,13,6,19,37,14,8,3,9,7,2,5,4,6,1,6,3,3,2,2,8,3,11,2,4,12,8,13,6,19,37,14,0,0,0,0,0,0,0,0,0,0,0,0,0,1,1,101
2795,0,26629.25539500003,6546.352187999998,20100.913772000007,14251,0,0,1,0,1,1,1,0,0,0,0,0,1,0,0,1,0,0,0,0,0,0,0,0,0,0,0,0,0,0,1,1,0,0,63,254,191,0.7519685039370079,3.0317460317460316,0.011811023622047244,1,0,1.0,0, 0, 0, 0, 0, 0,32,7,6,10,2,8,11,20,6,10,11,4,3,5,17,8,11,5,6,9,16,17,11,28,85,19,32,7,6,10,2,8,11,20,6,10,11,4,3,5,17,8,11,5,6,9,16,17,11,28,85,19,32,7,6,10,2,8,11,20,6,10,11,4,3,5,17,8,11,5,6,9,16,17,11,28,85,19,0,0,0,0,0,0,0,0,0,0,0,0,0,1,1,191
2796,0,6538.2709939999995,1747.9297729999996,4808.351786000002,16408,0,0,1,0,1,1,1,0,0,0,0,0,0,0,0,1,0,0,0,0,0,0,0,0,0,0,0,0,0,0,1,1,0,0,15,60,45,0.75,3.0,0.05,2,14.0,1.0,0, 0, 0, 0, 0, 1,9,6,1,4,2,0,0,2,1,1,2,0,1,0,1,3,9,1,1,1,2,1,6,7,16,12,9,6,1,4,2,0,0,2,1,1,2,0,1,0,1,3,9,1,1,1,2,1,6,7,16,12,9,6,1,4,2,0,0,2,1,1,2,0,1,0,1,3,9,1,1,1,2,1,6,7,16,12,0,0,0,0,0,0,0,0,0,0,0,0,0,1,1,45
2798,0,7427.567592,1774.8195929999995,5670.758564000001,16591,0,0,1,1,0,0,1,0,0,0,0,0,0,0,0,1,0,0,0,0,0,0,0,0,0,0,0,0,0,0,1,1,0,0,18,72,54,0.75,3.0,0.027777777777777776,1,0,1.0,0, 0, 0, 0, 0, 0,7,5,1,4,2,0,1,4,0,3,3,0,3,0,3,6,8,1,1,2,2,2,5,7,22,14,7,5,1,4,2,0,1,4,0,3,3,0,3,0,3,6,8,1,1,2,2,2,5,7,22,14,7,5,1,4,2,0,1,4,0,3,3,0,3,0,3,6,8,1,1,2,2,2,5,7,22,14,0,0,0,0,0,0,0,0,0,0,0,0,0,1,1,54
2804,0,10092.106278000005,2625.2117599999997,7484.905083000001,4,1,1,0,0,1,0,1,0,0,0,0,0,0,0,0,1,0,0,0,0,0,0,0,0,0,0,0,0,0,0,1,1,0,0,22,91,69,0.7582417582417582,3.1363636363636362,0.02197802197802198,0,0,1.0,0, 0, 0, 0, 0, 0,11,5,4,1,1,2,7,6,0,5,9,3,2,2,2,3,1,1,1,3,4,11,8,19,36,4,11,5,4,1,1,2,7,6,0,5,9,3,2,2,2,3,1,1,1,3,4,11,8,19,36,4,11,5,4,1,1,2,7,6,0,5,9,3,2,2,2,3,1,1,1,3,4,11,8,19,36,4,0,0,0,0,0,0,0,0,0,0,0,0,0,0,1,69
2805,0,30165.236717000014,7585.651087999998,22597.596194000012,271,1,0,0,1,0,0,1,0,0,0,0,0,0,0,0,1,0,0,0,0,0,0,0,0,0,0,0,0,0,0,1,1,0,0,65,263,198,0.752851711026616,3.046153846153846,0.0076045627376425855,0,0,1.0,0, 0, 0, 0, 0, 0,20,18,11,7,2,10,13,15,5,13,16,5,4,8,9,5,8,6,7,16,21,24,23,47,84,13,20,18,11,7,2,10,13,15,5,13,16,5,4,8,9,5,8,6,7,16,21,24,23,47,84,13,20,18,11,7,2,10,13,15,5,13,16,5,4,8,9,5,8,6,7,16,21,24,23,47,84,13,0,0,0,0,0,0,0,0,0,0,0,0,0,0,1,198
2806,0,31941.257712000006,8156.903130000003,23802.365146999993,4595,0,0,1,0,1,1,1,0,0,0,0,0,0,0,0,1,0,0,0,0,0,0,0,0,0,0,0,0,0,0,1,1,0,0,69,277,208,0.7509025270758123,3.0144927536231885,0.018050541516245487,1,0,0.9638989169675091,0, 0, 1, 0, 0, 0,20,14,13,6,1,16,12,13,3,15,23,12,6,8,9,7,8,2,11,9,21,25,26,51,86,15,20,14,13,6,1,16,12,13,3,15,23,12,6,8,9,7,8,2,11,9,21,25,26,51,86,15,20,14,13,6,1,16,12,13,3,15,23,12,6,8,9,7,8,2,11,9,21,25,26,51,86,15,0,0,0,0,0,0,0,0,0,0,0,0,0,0,1,208
2807,0,30901.058192000008,7470.733130000002,23448.335627,5433,0,0,1,1,0,1,1,0,0,0,0,1,0,0,0,1,0,0,0,0,0,0,0,0,0,0,0,0,0,0,1,1,0,0,67,269,202,0.7509293680297398,3.014925373134328,0.011152416356877323,0,0,1.0,1, 0, 0, 0, 0, 0,19,22,16,3,3,9,9,10,4,12,26,7,4,9,10,8,7,7,5,12,21,25,29,54,83,15,19,22,16,3,3,9,9,10,4,12,26,7,4,9,10,8,7,7,5,12,21,25,29,54,83,15,19,22,16,3,3,9,9,10,4,12,26,7,4,9,10,8,7,7,5,12,21,25,29,54,83,15,0,0,0,0,0,0,0,0,0,0,0,0,0,0,1,202
2808,0,7363.729249000004,1955.988728,5425.751085999999,9669,0,0,1,1,0,0,1,0,0,0,0,0,0,0,0,1,0,0,0,0,0,0,0,0,0,1,0,1,0,1,1,1,0,0,16,67,51,0.7611940298507462,3.1875,0.029850746268656716,0,0,1.0,0, 0, 0, 0, 0, 0,5,4,4,0,2,2,2,2,2,2,4,0,0,1,5,4,6,0,0,6,1,6,4,10,19,10,5,4,4,0,2,2,2,2,2,2,4,0,0,1,5,4,6,0,0,6,1,6,4,10,19,10,5,4,4,0,2,2,2,2,2,2,4,0,0,1,5,4,6,0,0,6,1,6,4,10,19,10,0,0,0,0,0,0,0,1,0,1,0,1,1,1,1,51
2809,0,29383.603994999987,7553.981701999998,21847.632858000008,8884,0,0,1,0,1,1,1,0,0,0,0,0,1,0,0,1,0,0,0,0,0,0,0,0,0,1,0,1,0,1,1,1,0,0,65,262,197,0.7519083969465649,3.0307692307692307,0.015267175572519083,0,0,1.0,0, 0, 0, 0, 0, 0,19,7,1,6,3,7,5,15,1,7,41,3,11,12,11,12,7,6,8,15,26,6,10,16,108,19,19,7,1,6,3,7,5,15,1,7,41,3,11,12,11,12,7,6,8,15,26,6,10,16,108,19,19,7,1,6,3,7,5,15,1,7,41,3,11,12,11,12,7,6,8,15,26,6,10,16,108,19,0,0,0,0,0,0,0,1,0,1,0,1,1,1,1,197
2810,0,7592.504397999994,2079.0539839999997,5531.460978999998,7360,0,0,1,0,1,1,1,0,0,1,0,0,0,0,0,1,0,0,0,0,0,0,0,0,0,1,0,1,0,1,1,1,0,0,19,77,58,0.7532467532467533,3.0526315789473686,0.03896103896103896,2,1.0,0.06493506493506493,0, 0, 1, 0, 0, 0,7,2,6,1,2,1,3,13,0,1,3,1,2,1,6,3,5,0,0,1,1,9,3,12,27,8,7,2,6,1,2,1,3,13,0,1,3,1,2,1,6,3,5,0,0,1,1,9,3,12,27,8,7,2,6,1,2,1,3,13,0,1,3,1,2,1,6,3,5,0,0,1,1,9,3,12,27,8,0,0,0,0,0,0,0,1,0,1,0,1,1,1,1,58
2811,0,24445.126786,5877.114087,18586.023264,6729,0,0,1,0,1,1,1,0,0,0,0,0,0,0,0,1,0,0,0,0,0,0,0,0,0,1,0,1,0,1,1,1,0,0,55,223,168,0.7533632286995515,3.0545454545454547,0.02242152466367713,2,2.0,1.0,0, 0, 0, 0, 0, 0,23,20,9,4,3,9,7,12,5,5,30,2,3,2,10,5,4,3,2,10,7,16,22,38,83,9,23,20,9,4,3,9,7,12,5,5,30,2,3,2,10,5,4,3,2,10,7,16,22,38,83,9,23,20,9,4,3,9,7,12,5,5,30,2,3,2,10,5,4,3,2,10,7,16,22,38,83,9,0,0,0,0,0,0,0,1,0,1,0,1,1,1,1,168
2815,0,10463.293756000006,2787.439116,7693.865205000002,11,1,1,0,0,1,0,0,1,0,0,0,0,0,0,0,1,0,0,0,0,0,0,0,0,0,1,0,1,0,1,1,1,0,0,23,93,70,0.7526881720430108,3.0434782608695654,0.0,0,0,1.0,0, 0, 0, 0, 0, 0,10,5,7,1,0,3,7,6,3,1,11,0,1,1,2,1,2,1,2,6,4,14,5,19,35,3,10,5,7,1,0,3,7,6,3,1,11,0,1,1,2,1,2,1,2,6,4,14,5,19,35,3,10,5,7,1,0,3,7,6,3,1,11,0,1,1,2,1,2,1,2,6,4,14,5,19,35,3,0,0,0,0,0,0,0,1,0,1,0,1,1,1,1,70
2816,0,29108.74438099999,7133.495600999995,21993.259345000013,289,1,0,0,0,1,0,1,0,0,0,0,0,0,0,0,1,0,0,0,0,0,0,0,0,0,1,0,1,0,1,1,1,0,0,64,258,194,0.751937984496124,3.03125,0.007751937984496124,0,0,1.0,0, 0, 0, 0, 0, 0,26,18,14,2,2,9,12,12,9,6,24,4,2,5,7,8,8,7,6,13,18,26,22,48,83,16,26,18,14,2,2,9,12,12,9,6,24,4,2,5,7,8,8,7,6,13,18,26,22,48,83,16,26,18,14,2,2,9,12,12,9,6,24,4,2,5,7,8,8,7,6,13,18,26,22,48,83,16,0,0,0,0,0,0,0,1,0,1,0,1,1,1,1,194
2817,0,10104.03419,2465.190536,7656.854219000002,2099,0,0,1,1,0,0,1,0,0,0,0,0,0,0,1,1,0,0,0,0,0,0,0,0,0,1,0,1,0,1,1,1,0,0,23,92,69,0.75,3.0,0.021739130434782608,1,0,1.0,0, 0, 0, 0, 0, 1,5,9,3,1,2,4,2,6,1,2,5,1,1,2,7,6,7,1,2,2,5,5,10,15,21,13,5,9,3,1,2,4,2,6,1,2,5,1,1,2,7,6,7,1,2,2,5,5,10,15,21,13,5,9,3,1,2,4,2,6,1,2,5,1,1,2,7,6,7,1,2,2,5,5,10,15,21,13,0,0,0,0,0,0,0,1,0,1,0,1,1,1,1,69
2818,0,18967.620857999987,4786.291486,14199.339937000012,2480,0,0,1,0,1,1,1,0,0,0,0,0,0,0,0,1,0,0,0,0,0,0,0,0,0,1,0,1,0,1,1,1,0,0,41,166,125,0.7530120481927711,3.048780487804878,0.03614457831325301,2,92.0,1.0,0, 0, 0, 0, 0, 0,22,14,3,2,5,6,12,2,7,2,19,2,2,5,6,5,2,1,2,6,8,15,16,31,53,7,22,14,3,2,5,6,12,2,7,2,19,2,2,5,6,5,2,1,2,6,8,15,16,31,53,7,22,14,3,2,5,6,12,2,7,2,19,2,2,5,6,5,2,1,2,6,8,15,16,31,53,7,0,0,0,0,0,0,0,1,0,1,0,1,1,1,1,125
2819,0,15635.115757999994,3888.0913170000003,11765.035006000011,2567,0,0,1,0,1,1,1,0,0,0,0,0,0,0,0,1,0,0,0,0,0,0,0,0,0,1,0,1,0,1,1,1,0,0,34,137,103,0.7518248175182481,3.0294117647058822,0.0364963503649635,1,0,1.0,0, 0, 0, 0, 0, 0,19,10,3,2,4,5,10,1,7,1,17,2,1,5,4,4,1,1,2,4,8,13,12,25,43,5,19,10,3,2,4,5,10,1,7,1,17,2,1,5,4,4,1,1,2,4,8,13,12,25,43,5,19,10,3,2,4,5,10,1,7,1,17,2,1,5,4,4,1,1,2,4,8,13,12,25,43,5,0,0,0,0,0,0,0,1,0,1,0,1,1,1,1,103
2822,0,10819.286121999992,2405.146758,8432.149929000003,4868,0,0,1,0,1,0,1,0,0,0,0,0,0,0,0,1,0,0,0,0,0,0,0,0,0,0,0,1,0,0,1,1,0,0,23,95,72,0.7578947368421053,3.130434782608696,0.021052631578947368,0,0,1.0,0, 0, 0, 0, 0, 0,3,7,6,3,1,5,5,6,4,2,6,2,0,4,1,2,6,1,3,5,8,11,9,20,22,8,3,7,6,3,1,5,5,6,4,2,6,2,0,4,1,2,6,1,3,5,8,11,9,20,22,8,3,7,6,3,1,5,5,6,4,2,6,2,0,4,1,2,6,1,3,5,8,11,9,20,22,8,0,0,0,0,0,0,1,0,0,1,0,1,0,1,1,72
2824,0,29371.615515999983,7497.647142999997,21891.978938000022,277,1,0,0,0,1,1,1,0,0,0,0,0,0,0,0,1,0,0,0,0,0,0,0,0,0,0,0,1,0,0,1,1,0,0,62,251,189,0.7529880478087649,3.0483870967741935,0.01195219123505976,1,0,1.0,0, 0, 0, 0, 0, 0,19,16,13,3,2,10,15,10,10,9,20,2,2,8,8,8,9,7,6,12,21,28,18,46,72,17,19,16,13,3,2,10,15,10,10,9,20,2,2,8,8,8,9,7,6,12,21,28,18,46,72,17,19,16,13,3,2,10,15,10,10,9,20,2,2,8,8,8,9,7,6,12,21,28,18,46,72,17,0,0,0,0,0,0,1,0,0,1,0,1,0,1,1,189
2825,0,27252.377265,6786.295374999998,20484.09245499999,7669,0,0,1,1,0,1,1,0,0,0,0,0,0,0,0,1,0,0,0,0,0,0,0,0,0,0,0,1,0,0,1,1,0,0,60,241,181,0.7510373443983402,3.0166666666666666,0.012448132780082987,0,0,1.0,0, 0, 0, 0, 0, 0,17,9,13,12,3,5,7,10,12,3,18,10,4,9,7,8,15,3,6,10,18,20,19,39,62,23,17,9,13,12,3,5,7,10,12,3,18,10,4,9,7,8,15,3,6,10,18,20,19,39,62,23,17,9,13,12,3,5,7,10,12,3,18,10,4,9,7,8,15,3,6,10,18,20,19,39,62,23,0,0,0,0,0,0,1,0,0,1,0,1,0,1,1,181
2826,0,23309.300178,5850.009071000002,17477.301671999994,8407,0,0,1,1,0,1,1,0,0,1,0,0,0,0,0,1,0,0,0,0,0,0,0,0,0,0,0,1,0,0,1,1,0,1,53,212,159,0.75,3.0,0.02830188679245283,4,10.333333333333334,0.419811320754717,0, 0, 1, 0, 0, 1,13,7,9,13,6,2,12,11,4,8,12,5,7,3,6,10,13,3,4,11,10,21,12,33,62,23,13,7,9,13,6,2,12,11,4,8,12,5,7,3,6,10,13,3,4,11,10,21,12,33,62,23,13,7,9,13,6,2,12,11,4,8,12,5,7,3,6,10,13,3,4,11,10,21,12,33,62,23,0,0,0,0,0,0,1,0,0,1,0,1,0,1,1,159
2831,0,5067.297816,1198.50455,3886.8038310000006,1946,0,0,1,0,1,0,1,0,0,0,0,0,0,0,1,1,0,0,0,0,0,0,0,0,0,0,0,1,0,0,1,1,0,0,11,44,33,0.75,3.0,0.045454545454545456,2,16.0,1.0,0, 0, 0, 0, 0, 0,1,2,1,1,1,0,7,3,0,3,1,2,3,1,2,1,1,1,1,1,3,8,4,12,12,2,1,2,1,1,1,0,7,3,0,3,1,2,3,1,2,1,1,1,1,1,3,8,4,12,12,2,1,2,1,1,1,0,7,3,0,3,1,2,3,1,2,1,1,1,1,1,3,8,4,12,12,2,0,0,0,0,0,0,0,0,0,1,0,1,0,1,1,33
2833,0,31921.30106800005,7643.741946000004,24295.569687000017,1026,0,0,1,0,1,1,1,0,0,0,0,0,0,0,0,1,0,0,0,0,0,0,0,0,0,0,0,1,0,0,1,1,0,0,74,298,224,0.7516778523489933,3.027027027027027,0.013422818791946308,4,115.66666666666667,0.9161073825503355,0, 1, 0, 1, 0, 0,24,16,17,6,1,10,12,20,5,13,24,5,7,7,11,9,12,2,3,20,12,29,21,50,108,21,24,16,17,6,1,10,12,20,5,13,24,5,7,7,11,9,12,2,3,20,12,29,21,50,108,21,24,16,17,6,1,10,12,20,5,13,24,5,7,7,11,9,12,2,3,20,12,29,21,50,108,21,0,0,0,0,0,0,0,0,0,1,0,1,0,1,1,224
2834,0,31466.01545100006,7556.7099180000005,23927.31609800001,1026,0,0,1,0,1,1,1,0,0,0,0,0,0,0,0,1,0,0,0,0,0,0,0,0,0,0,0,1,0,0,1,1,0,0,73,294,221,0.7517006802721088,3.0273972602739727,0.013605442176870748,4,115.66666666666667,0.9285714285714286,0, 1, 0, 1, 0, 0,24,15,17,6,1,10,12,20,5,13,23,5,7,7,11,9,12,2,3,19,12,29,20,49,106,21,24,15,17,6,1,10,12,20,5,13,23,5,7,7,11,9,12,2,3,19,12,29,20,49,106,21,24,15,17,6,1,10,12,20,5,13,23,5,7,7,11,9,12,2,3,19,12,29,20,49,106,21,0,0,0,0,0,0,0,0,0,1,0,1,0,1,1,221
2838,0,22149.70040500001,5565.444353999998,16602.266615999997,7595,0,0,1,0,1,1,1,0,0,0,0,0,0,0,1,1,0,0,0,0,0,0,0,0,0,0,0,1,0,0,1,1,0,0,48,194,146,0.7525773195876289,3.0416666666666665,0.02577319587628866,4,54.0,0.9432989690721649,0, 1, 0, 0, 0, 0,14,8,9,9,3,10,7,9,4,11,8,9,4,9,7,6,8,4,2,5,15,16,17,33,51,14,14,8,9,9,3,10,7,9,4,11,8,9,4,9,7,6,8,4,2,5,15,16,17,33,51,14,14,8,9,9,3,10,7,9,4,11,8,9,4,9,7,6,8,4,2,5,15,16,17,33,51,14,0,0,0,0,0,0,0,0,0,1,0,1,0,1,1,146
2839,0,30733.312790000025,7590.912584999997,23160.410770000002,8286,0,0,1,1,0,1,1,0,0,0,0,0,0,0,0,1,0,0,0,0,0,0,0,0,0,0,0,1,0,0,1,1,0,0,69,276,207,0.75,3.0,0.010869565217391304,0,0,1.0,0, 0, 0, 0, 0, 0,23,12,16,4,3,6,16,12,6,12,19,5,10,13,9,9,12,1,6,13,20,32,17,49,89,21,23,12,16,4,3,6,16,12,6,12,19,5,10,13,9,9,12,1,6,13,20,32,17,49,89,21,23,12,16,4,3,6,16,12,6,12,19,5,10,13,9,9,12,1,6,13,20,32,17,49,89,21,0,0,0,0,0,0,0,0,0,1,0,1,0,1,1,207
2840,0,4656.293398000001,1068.421591,3605.8823719999996,4388,0,0,1,0,1,0,1,0,0,0,0,0,0,0,0,1,0,0,0,0,0,0,0,0,0,0,0,0,0,0,1,1,0,0,10,41,31,0.7560975609756098,3.1,0.04878048780487805,1,0,1.0,0, 0, 0, 0, 0, 0,3,4,1,2,1,1,1,1,1,1,2,2,1,2,1,2,1,0,1,3,3,2,6,8,11,3,3,4,1,2,1,1,1,1,1,1,2,2,1,2,1,2,1,0,1,3,3,2,6,8,11,3,3,4,1,2,1,1,1,1,1,1,2,2,1,2,1,2,1,0,1,3,3,2,6,8,11,3,0,0,0,0,0,0,0,0,0,0,0,0,0,1,1,31
2841,0,33305.41996599998,7845.059031000001,25478.371500000012,3496,0,0,1,0,1,1,1,0,0,0,0,0,0,0,0,1,0,0,0,0,0,0,0,0,0,0,0,0,0,0,1,1,0,0,74,299,225,0.7525083612040134,3.0405405405405403,0.013377926421404682,2,132.0,1.0,0, 0, 0, 0, 0, 0,21,22,13,3,3,7,13,10,11,9,32,2,3,9,15,14,10,4,5,19,18,26,24,50,94,24,21,22,13,3,3,7,13,10,11,9,32,2,3,9,15,14,10,4,5,19,18,26,24,50,94,24,21,22,13,3,3,7,13,10,11,9,32,2,3,9,15,14,10,4,5,19,18,26,24,50,94,24,0,0,0,0,0,0,0,0,0,0,0,0,0,1,1,225
2842,0,10084.351673000003,2574.4614329999995,7527.900804999999,1314,0,0,1,1,0,0,1,0,0,0,0,0,0,0,0,1,0,0,0,0,0,0,0,0,0,0,0,0,0,0,1,1,0,0,23,93,70,0.7526881720430108,3.0434782608695654,0.021505376344086023,1,0,1.0,0, 0, 0, 0, 0, 0,12,12,2,2,2,2,3,9,1,5,1,1,0,3,6,4,1,1,1,2,5,5,13,18,29,5,12,12,2,2,2,2,3,9,1,5,1,1,0,3,6,4,1,1,1,2,5,5,13,18,29,5,12,12,2,2,2,2,3,9,1,5,1,1,0,3,6,4,1,1,1,2,5,5,13,18,29,5,0,0,0,0,0,0,0,0,0,0,0,0,0,1,1,70
2843,0,29118.731543999962,6919.409304,22217.33280499999,1115,0,0,1,0,1,1,1,0,0,1,0,0,1,0,0,1,0,0,0,0,0,0,0,0,0,0,0,0,0,0,1,1,0,1,67,271,204,0.7527675276752768,3.044776119402985,0.03690036900369004,6,49.4,0.4022140221402214,0, 0, 1, 1, 0, 1,24,27,8,3,9,5,5,11,3,10,9,7,3,4,25,25,11,4,3,8,11,13,34,47,65,36,24,27,8,3,9,5,5,11,3,10,9,7,3,4,25,25,11,4,3,8,11,13,34,47,65,36,24,27,8,3,9,5,5,11,3,10,9,7,3,4,25,25,11,4,3,8,11,13,34,47,65,36,0,0,0,0,0,0,0,0,0,0,0,0,0,1,1,204
2844,0,11329.952,2867.5552099999995,8480.407355000001,4,1,1,0,1,0,0,0,1,0,0,0,0,0,0,0,1,0,0,0,0,0,0,0,0,0,0,0,0,0,0,1,1,0,0,25,102,77,0.7549019607843137,3.08,0.00980392156862745,0,0,1.0,0, 0, 0, 0, 0, 0,11,5,6,0,1,4,8,2,0,4,8,3,2,1,3,3,5,1,1,9,3,14,8,22,36,8,11,5,6,0,1,4,8,2,0,4,8,3,2,1,3,3,5,1,1,9,3,14,8,22,36,8,11,5,6,0,1,4,8,2,0,4,8,3,2,1,3,3,5,1,1,9,3,14,8,22,36,8,0,0,0,0,0,0,0,0,0,0,0,0,0,1,1,77
2845,0,28465.481521,6967.603118999999,21515.888967,314,1,0,0,1,0,0,1,0,0,0,0,0,0,0,0,1,0,0,0,0,0,0,0,0,0,0,0,0,0,0,1,1,0,0,62,251,189,0.7529880478087649,3.0483870967741935,0.00796812749003984,0,0,1.0,0, 0, 0, 0, 0, 0,18,15,11,6,2,4,16,11,8,11,18,6,3,9,10,9,12,3,7,10,19,27,21,48,71,21,18,15,11,6,2,4,16,11,8,11,18,6,3,9,10,9,12,3,7,10,19,27,21,48,71,21,18,15,11,6,2,4,16,11,8,11,18,6,3,9,10,9,12,3,7,10,19,27,21,48,71,21,0,0,0,0,0,0,0,0,0,0,0,0,0,1,1,189
2846,0,29266.88699299999,6908.626891,22376.270667000004,314,1,0,0,1,0,0,1,0,0,0,0,0,0,0,0,1,0,0,0,0,0,0,0,0,0,0,0,0,0,0,1,1,0,0,64,259,195,0.752895752895753,3.046875,0.007722007722007722,0,0,1.0,0, 0, 0, 0, 0, 0,18,16,11,6,2,5,16,11,8,11,18,6,3,9,10,10,12,3,10,10,22,27,22,49,71,22,18,16,11,6,2,5,16,11,8,11,18,6,3,9,10,10,12,3,10,10,22,27,22,49,71,22,18,16,11,6,2,5,16,11,8,11,18,6,3,9,10,10,12,3,10,10,22,27,22,49,71,22,0,0,0,0,0,0,0,0,0,0,0,0,0,1,1,195
2847,0,2985.477081,702.352315,2301.1353309999995,2165,0,0,1,1,0,0,0,1,0,0,0,0,0,0,1,1,0,0,0,0,0,0,0,0,0,0,0,0,0,0,1,1,0,0,6,26,20,0.7692307692307693,3.3333333333333335,0.038461538461538464,1,0,1.0,0, 0, 0, 0, 0, 0,1,1,0,1,1,0,2,1,0,2,0,2,3,0,0,1,1,0,1,3,1,2,3,5,10,2,1,1,0,1,1,0,2,1,0,2,0,2,3,0,0,1,1,0,1,3,1,2,3,5,10,2,1,1,0,1,1,0,2,1,0,2,0,2,3,0,0,1,1,0,1,3,1,2,3,5,10,2,0,0,0,0,0,0,0,0,0,0,0,0,0,1,1,20
2849,0,20947.25964500001,4988.389521999999,15976.880688000001,4464,0,0,1,0,1,1,1,0,0,0,1,0,0,0,0,1,0,0,0,0,0,0,0,0,0,0,0,0,0,0,1,1,0,0,47,189,142,0.7513227513227513,3.021276595744681,0.021164021164021163,1,0,0.3439153439153439,0, 2, 0, 0, 0, 0,19,11,12,8,2,9,6,7,2,5,11,7,6,6,9,3,9,0,6,4,12,18,18,36,52,12,19,11,12,8,2,9,6,7,2,5,11,7,6,6,9,3,9,0,6,4,12,18,18,36,52,12,19,11,12,8,2,9,6,7,2,5,11,7,6,6,9,3,9,0,6,4,12,18,18,36,52,12,0,0,0,0,0,0,0,0,0,0,0,0,0,1,1,142
2851,0,5539.554754,1550.773592,4006.7917270000016,5811,0,0,1,0,1,0,1,0,0,0,0,0,0,0,0,1,0,0,0,0,0,0,0,0,0,0,0,0,0,0,1,1,0,0,12,48,36,0.75,3.0,0.041666666666666664,0,0,1.0,0, 0, 0, 0, 0, 0,4,0,3,2,1,0,5,3,1,2,3,0,1,2,0,2,1,1,2,3,5,8,0,8,16,3,4,0,3,2,1,0,5,3,1,2,3,0,1,2,0,2,1,1,2,3,5,8,0,8,16,3,4,0,3,2,1,0,5,3,1,2,3,0,1,2,0,2,1,1,2,3,5,8,0,8,16,3,0,0,0,0,0,0,0,0,0,0,0,0,0,1,1,36
2852,0,21032.86915900001,5238.6771739999995,15812.202550000002,5190,0,0,1,1,0,0,0,1,0,0,0,0,0,0,1,1,0,0,0,0,0,0,0,0,0,0,0,0,0,0,1,1,0,0,47,189,142,0.7513227513227513,3.021276595744681,0.005291005291005291,0,0,1.0,0, 0, 0, 0, 0, 0,12,7,11,0,1,2,9,13,3,7,17,6,2,6,13,5,6,7,3,12,16,20,13,33,63,11,12,7,11,0,1,2,9,13,3,7,17,6,2,6,13,5,6,7,3,12,16,20,13,33,63,11,12,7,11,0,1,2,9,13,3,7,17,6,2,6,13,5,6,7,3,12,16,20,13,33,63,11,0,0,0,0,0,0,0,0,0,0,0,0,0,1,1,142
2855,0,28257.359152000005,7323.707983,20951.66173400001,291,1,0,0,1,0,0,0,1,0,0,0,0,0,0,0,1,0,0,0,0,0,0,0,0,0,0,0,0,0,0,1,1,0,0,60,240,180,0.75,3.0,0.004166666666666667,1,0,1.0,0, 0, 0, 0, 0, 0,19,14,13,5,1,9,14,10,5,12,16,8,3,7,8,5,8,9,5,9,21,27,22,49,69,13,19,14,13,5,1,9,14,10,5,12,16,8,3,7,8,5,8,9,5,9,21,27,22,49,69,13,19,14,13,5,1,9,14,10,5,12,16,8,3,7,8,5,8,9,5,9,21,27,22,49,69,13,0,0,0,0,0,0,0,0,0,0,0,0,0,1,1,180
2856,0,10053.158055,2640.32577,7430.842849999999,17,1,1,0,1,0,0,0,1,0,0,0,0,0,0,0,1,0,0,0,0,0,0,0,0,0,0,0,0,0,0,1,1,0,0,22,88,66,0.75,3.0,0.011363636363636364,0,0,1.0,0, 0, 0, 0, 0, 0,3,0,3,4,1,3,9,5,2,6,8,5,0,2,3,2,1,1,2,6,5,12,5,17,28,3,3,0,3,4,1,3,9,5,2,6,8,5,0,2,3,2,1,1,2,6,5,12,5,17,28,3,3,0,3,4,1,3,9,5,2,6,8,5,0,2,3,2,1,1,2,6,5,12,5,17,28,3,0,0,0,0,0,0,0,0,0,0,0,0,0,1,1,66
2860,0,32413.49404800002,8094.104768000005,24337.399844999996,1020,0,0,1,0,1,1,1,0,0,0,0,0,0,0,0,1,0,0,0,0,0,0,0,0,0,0,0,0,0,0,1,1,0,0,74,299,225,0.7525083612040134,3.0405405405405403,0.010033444816053512,3,25.5,1.0,0, 0, 0, 0, 0, 0,21,14,14,6,2,9,11,20,8,11,29,3,7,10,14,17,12,2,2,13,14,25,17,42,101,29,21,14,14,6,2,9,11,20,8,11,29,3,7,10,14,17,12,2,2,13,14,25,17,42,101,29,21,14,14,6,2,9,11,20,8,11,29,3,7,10,14,17,12,2,2,13,14,25,17,42,101,29,0,0,0,0,0,0,0,0,0,0,0,0,0,1,1,225
2861,0,28087.630376999998,7113.662369999999,20991.97857200001,271,1,0,0,0,1,0,1,0,0,0,0,0,0,0,0,1,0,0,0,0,0,0,0,0,0,0,0,0,0,0,1,1,0,0,62,250,188,0.752,3.032258064516129,0.008,0,0,1.0,0, 0, 0, 0, 0, 0,27,15,15,2,1,6,9,9,8,8,25,6,2,8,6,12,6,4,5,14,17,24,21,45,85,18,27,15,15,2,1,6,9,9,8,8,25,6,2,8,6,12,6,4,5,14,17,24,21,45,85,18,27,15,15,2,1,6,9,9,8,8,25,6,2,8,6,12,6,4,5,14,17,24,21,45,85,18,0,0,0,0,0,0,0,0,0,0,0,0,0,1,1,188
2864,0,6279.146928999999,1619.806469,4677.351024999998,6605,0,0,1,0,1,0,1,0,0,0,0,0,0,0,0,1,0,0,0,0,0,0,0,0,0,0,0,0,0,0,1,1,0,0,14,59,45,0.7627118644067796,3.2142857142857144,0.03389830508474576,3,5.0,1.0,0, 0, 0, 0, 0, 0,12,4,2,1,1,1,2,4,0,2,3,1,0,0,3,3,1,1,3,1,4,4,5,9,22,4,12,4,2,1,1,1,2,4,0,2,3,1,0,0,3,3,1,1,3,1,4,4,5,9,22,4,12,4,2,1,1,1,2,4,0,2,3,1,0,0,3,3,1,1,3,1,4,4,5,9,22,4,0,0,0,0,0,0,0,0,0,0,0,0,0,1,1,45
2869,0,27259.029402999993,7095.753569,20181.28639900001,268,1,0,0,1,0,0,0,1,0,0,0,0,0,0,0,1,0,0,0,0,0,0,0,0,0,0,0,0,0,0,1,1,0,0,59,239,180,0.7531380753138075,3.0508474576271185,0.0041841004184100415,0,0,1.0,0, 0, 0, 0, 0, 0,19,17,13,2,1,4,14,11,3,7,22,1,2,8,10,11,13,3,7,12,18,27,18,45,73,24,19,17,13,2,1,4,14,11,3,7,22,1,2,8,10,11,13,3,7,12,18,27,18,45,73,24,19,17,13,2,1,4,14,11,3,7,22,1,2,8,10,11,13,3,7,12,18,27,18,45,73,24,0,0,0,0,0,0,0,0,0,0,0,0,0,1,1,180
2871,0,22052.362713,5653.936851000001,16416.436427,5035,0,0,1,1,0,0,1,0,0,0,0,0,0,0,1,1,0,0,0,0,0,0,0,0,0,0,0,0,0,0,1,1,0,0,50,201,151,0.7512437810945274,3.02,0.009950248756218905,1,0,1.0,0, 0, 0, 0, 0, 0,17,11,8,4,2,5,11,13,3,8,16,2,2,6,14,6,8,3,2,10,11,19,13,32,66,14,17,11,8,4,2,5,11,13,3,8,16,2,2,6,14,6,8,3,2,10,11,19,13,32,66,14,17,11,8,4,2,5,11,13,3,8,16,2,2,6,14,6,8,3,2,10,11,19,13,32,66,14,0,0,0,0,0,0,0,0,0,0,0,0,0,1,1,151
2874,0,18885.19467,4578.346839000001,14324.858396,6662,0,0,1,1,0,1,1,0,0,0,1,0,0,0,0,1,0,0,0,0,0,0,0,0,0,0,0,0,0,0,1,1,0,0,43,174,131,0.7528735632183908,3.046511627906977,0.022988505747126436,0,0,0.5747126436781609,0, 1, 0, 0, 0, 0,12,8,9,4,4,1,8,13,3,4,6,7,4,2,8,7,12,1,9,9,12,17,15,32,48,19,12,8,9,4,4,1,8,13,3,4,6,7,4,2,8,7,12,1,9,9,12,17,15,32,48,19,12,8,9,4,4,1,8,13,3,4,6,7,4,2,8,7,12,1,9,9,12,17,15,32,48,19,0,0,0,0,0,0,0,0,0,0,0,0,0,1,1,131
2875,0,20004.882331000004,4868.637483,15154.255412999999,6635,0,0,1,1,0,1,1,0,0,0,1,0,0,0,0,1,0,0,0,0,0,0,0,0,0,0,0,0,0,0,1,1,0,0,45,183,138,0.7540983606557377,3.066666666666667,0.02185792349726776,0,0,0.546448087431694,0, 1, 0, 0, 0, 0,12,8,10,4,4,1,9,14,3,4,7,8,4,2,8,7,13,2,9,9,13,19,16,35,50,20,12,8,10,4,4,1,9,14,3,4,7,8,4,2,8,7,13,2,9,9,13,19,16,35,50,20,12,8,10,4,4,1,9,14,3,4,7,8,4,2,8,7,13,2,9,9,13,19,16,35,50,20,0,0,0,0,0,0,0,0,0,0,0,0,0,1,1,138
2880,0,7344.666787999995,1672.914349,5689.763004,24,1,1,0,0,1,1,1,0,0,0,0,0,0,0,0,1,0,0,0,0,0,0,0,0,0,0,0,0,0,0,1,1,0,0,16,66,50,0.7575757575757576,3.125,0.06060606060606061,2,25.0,1.0,0, 0, 0, 0, 0, 0,7,5,4,3,3,2,3,2,1,3,1,2,0,0,4,2,0,3,1,4,4,7,7,14,17,2,7,5,4,3,3,2,3,2,1,3,1,2,0,0,4,2,0,3,1,4,4,7,7,14,17,2,7,5,4,3,3,2,3,2,1,3,1,2,0,0,4,2,0,3,1,4,4,7,7,14,17,2,0,0,0,0,0,0,0,0,0,0,0,0,0,1,1,50
2881,0,20684.42124499999,5139.591689,15562.840121,1686,0,0,1,0,1,1,1,0,0,0,1,1,0,0,1,1,0,0,0,0,0,0,0,0,0,0,0,0,0,0,1,1,0,1,48,192,144,0.75,3.0,0.041666666666666664,5,24.5,0.484375,1, 2, 0, 1, 0, 0,18,7,6,3,6,2,9,10,5,8,10,9,3,6,10,11,6,2,3,10,11,15,16,31,59,17,18,7,6,3,6,2,9,10,5,8,10,9,3,6,10,11,6,2,3,10,11,15,16,31,59,17,18,7,6,3,6,2,9,10,5,8,10,9,3,6,10,11,6,2,3,10,11,15,16,31,59,17,0,0,0,0,0,0,0,0,0,0,0,0,0,1,1,144
2882,0,13201.566195000005,2886.455881,10333.120878999998,3445,0,0,1,1,0,1,1,0,0,0,0,1,0,0,0,1,0,0,0,0,0,0,0,0,0,0,0,0,0,0,1,1,0,0,31,124,93,0.75,3.0,0.03225806451612903,1,0,1.0,1, 0, 0, 0, 0, 0,12,8,3,3,4,4,7,5,0,6,5,4,5,3,4,6,4,0,4,6,7,10,12,22,39,10,12,8,3,3,4,4,7,5,0,6,5,4,5,3,4,6,4,0,4,6,7,10,12,22,39,10,12,8,3,3,4,4,7,5,0,6,5,4,5,3,4,6,4,0,4,6,7,10,12,22,39,10,0,0,0,0,0,0,0,0,0,0,0,0,0,1,1,93
2883,0,13632.750047000001,2931.4959710000003,10719.264641,3445,0,0,1,1,0,1,1,0,0,0,0,1,0,0,0,1,0,0,0,0,0,0,0,0,0,0,0,0,0,0,1,1,0,0,32,129,97,0.751937984496124,3.03125,0.031007751937984496,1,0,1.0,1, 0, 0, 0, 0, 0,14,8,4,3,4,4,8,5,0,6,5,4,5,3,4,6,4,0,4,6,7,12,12,24,41,10,14,8,4,3,4,4,8,5,0,6,5,4,5,3,4,6,4,0,4,6,7,12,12,24,41,10,14,8,4,3,4,4,8,5,0,6,5,4,5,3,4,6,4,0,4,6,7,12,12,24,41,10,0,0,0,0,0,0,0,0,0,0,0,0,0,1,1,97
2885,0,27470.121930000005,7050.589935000001,20437.54256000001,4637,0,0,1,0,1,1,1,0,0,0,0,0,0,0,0,1,0,0,0,0,0,0,0,0,0,0,0,0,0,0,1,1,0,0,60,243,183,0.7530864197530864,3.05,0.012345679012345678,0,0,1.0,0, 0, 0, 0, 0, 0,28,19,9,2,2,4,16,10,8,5,19,2,2,8,11,7,7,3,5,16,16,25,21,46,80,14,28,19,9,2,2,4,16,10,8,5,19,2,2,8,11,7,7,3,5,16,16,25,21,46,80,14,28,19,9,2,2,4,16,10,8,5,19,2,2,8,11,7,7,3,5,16,16,25,21,46,80,14,0,0,0,0,0,0,0,0,0,0,0,0,0,1,1,183
2886,0,31044.112433000017,7959.039910000005,23103.08308800001,5365,0,0,1,0,1,1,1,0,0,0,0,0,0,0,0,1,0,0,0,0,0,0,0,0,0,0,0,0,0,0,1,1,0,0,73,295,222,0.752542372881356,3.041095890410959,0.013559322033898305,3,84.5,0.9220338983050848,0, 1, 0, 1, 0, 0,33,14,11,7,1,1,15,23,5,17,23,4,5,6,16,13,9,1,3,15,10,26,18,44,116,22,33,14,11,7,1,1,15,23,5,17,23,4,5,6,16,13,9,1,3,15,10,26,18,44,116,22,33,14,11,7,1,1,15,23,5,17,23,4,5,6,16,13,9,1,3,15,10,26,18,44,116,22,0,0,0,0,0,0,0,0,0,0,0,0,0,1,1,222
2889,0,27108.674490999976,6750.410400999998,20376.274654999987,2304,0,0,1,0,1,1,1,0,0,0,1,0,0,0,0,1,0,0,0,0,0,0,0,0,0,0,0,0,0,0,1,1,0,1,62,249,187,0.751004016064257,3.0161290322580645,0.040160642570281124,3,31.0,0.020080321285140562,0, 2, 0, 0, 0, 0,13,10,13,8,9,6,11,10,3,14,22,6,3,5,11,14,14,1,2,12,8,24,16,40,74,28,13,10,13,8,9,6,11,10,3,14,22,6,3,5,11,14,14,1,2,12,8,24,16,40,74,28,13,10,13,8,9,6,11,10,3,14,22,6,3,5,11,14,14,1,2,12,8,24,16,40,74,28,0,0,0,0,0,0,0,0,0,0,0,0,0,1,1,187
2892,0,10469.130667999996,2775.267268,7711.873965,29,1,1,0,0,1,1,1,0,0,0,0,0,0,0,0,1,0,0,0,0,0,0,0,0,0,0,0,0,0,0,1,1,0,0,23,92,69,0.75,3.0,0.03260869565217391,0,0,1.0,0, 0, 0, 0, 0, 0,3,3,4,4,2,2,9,5,0,6,10,3,1,2,1,6,3,1,1,3,4,13,6,19,28,9,3,3,4,4,2,2,9,5,0,6,10,3,1,2,1,6,3,1,1,3,4,13,6,19,28,9,3,3,4,4,2,2,9,5,0,6,10,3,1,2,1,6,3,1,1,3,4,13,6,19,28,9,0,0,0,0,0,0,0,0,0,0,0,0,0,1,1,69
2893,0,30396.594123000024,7519.880662,22894.724026000004,1109,0,0,1,0,1,1,1,0,0,1,0,0,0,0,0,1,0,0,0,0,0,0,0,0,0,0,0,0,0,0,1,1,0,0,71,286,215,0.7517482517482518,3.028169014084507,0.02097902097902098,1,0,0.44755244755244755,0, 0, 1, 0, 0, 0,20,16,17,5,5,8,8,26,4,9,25,3,4,5,8,12,9,4,3,24,12,25,19,44,108,21,20,16,17,5,5,8,8,26,4,9,25,3,4,5,8,12,9,4,3,24,12,25,19,44,108,21,20,16,17,5,5,8,8,26,4,9,25,3,4,5,8,12,9,4,3,24,12,25,19,44,108,21,0,0,0,0,0,0,0,0,0,0,0,0,0,1,1,215
2894,0,26864.543168000004,6533.2023839999965,20349.351348999982,6549,0,0,1,0,1,1,1,0,0,0,0,0,0,0,0,1,0,0,0,0,0,0,0,0,0,0,0,0,0,0,1,1,0,0,64,256,192,0.75,3.0,0.0234375,0,0,1.0,0, 0, 0, 0, 0, 0,20,17,8,11,3,4,5,26,6,8,15,4,5,9,6,15,8,1,4,17,14,13,21,34,91,23,20,17,8,11,3,4,5,26,6,8,15,4,5,9,6,15,8,1,4,17,14,13,21,34,91,23,20,17,8,11,3,4,5,26,6,8,15,4,5,9,6,15,8,1,4,17,14,13,21,34,91,23,0,0,0,0,0,0,0,0,0,0,0,0,0,1,1,192
2896,0,6935.444629,1831.8787810000001,5121.576413,10104,0,0,1,1,0,0,0,1,0,0,0,0,0,0,0,1,0,0,0,0,0,0,0,0,0,0,0,1,1,0,1,1,0,0,16,67,51,0.7611940298507462,3.1875,0.014925373134328358,0,0,1.0,0, 0, 0, 0, 0, 0,3,2,3,0,1,3,3,11,2,2,6,1,1,1,4,3,1,0,0,4,1,6,3,9,27,4,3,2,3,0,1,3,3,11,2,2,6,1,1,1,4,3,1,0,0,4,1,6,3,9,27,4,3,2,3,0,1,3,3,11,2,2,6,1,1,1,4,3,1,0,0,4,1,6,3,9,27,4,0,0,0,0,0,0,1,0,0,1,1,0,0,1,1,51
2897,0,29378.699506999987,7355.575602999998,22041.13446900002,350,1,0,0,0,1,0,1,0,0,0,0,0,0,0,0,1,0,0,0,0,0,0,0,0,0,0,0,1,1,0,1,1,0,0,62,250,188,0.752,3.032258064516129,0.008,0,0,1.0,0, 0, 0, 0, 0, 0,16,20,13,3,1,8,16,9,7,10,19,4,5,5,7,11,9,7,7,11,19,29,24,53,70,20,16,20,13,3,1,8,16,9,7,10,19,4,5,5,7,11,9,7,7,11,19,29,24,53,70,20,16,20,13,3,1,8,16,9,7,10,19,4,5,5,7,11,9,7,7,11,19,29,24,53,70,20,0,0,0,0,0,0,1,0,0,1,1,0,0,1,1,188
2898,0,10443.314008000001,2793.417318999999,7667.907253999999,29,1,1,0,0,1,0,0,1,0,0,0,0,0,0,0,1,0,0,0,0,0,0,0,0,0,0,0,1,1,0,1,1,0,0,23,92,69,0.75,3.0,0.010869565217391304,0,0,1.0,0, 0, 0, 0, 0, 0,9,4,4,3,1,2,9,4,1,5,8,1,1,2,2,2,1,1,2,7,5,13,5,18,34,3,9,4,4,3,1,2,9,4,1,5,8,1,1,2,2,2,1,1,2,7,5,13,5,18,34,3,9,4,4,3,1,2,9,4,1,5,8,1,1,2,2,2,1,1,2,7,5,13,5,18,34,3,0,0,0,0,0,0,1,0,0,1,1,0,0,1,1,69
2899,0,13123.244477000002,3438.9036100000003,9702.351432000001,4983,0,0,1,0,1,1,1,0,1,0,0,0,0,0,1,1,0,0,0,0,0,0,0,0,0,0,0,1,1,0,1,1,0,0,30,123,93,0.7560975609756098,3.1,0.024390243902439025,0,0,0.36585365853658536,0, 0, 0, 0, 1, 0,15,3,11,2,3,3,0,6,5,1,5,2,8,1,13,8,2,1,1,3,3,11,5,16,38,10,15,3,11,2,3,3,0,6,5,1,5,2,8,1,13,8,2,1,1,3,3,11,5,16,38,10,15,3,11,2,3,3,0,6,5,1,5,2,8,1,13,8,2,1,1,3,3,11,5,16,38,10,0,0,0,0,0,0,1,0,0,1,1,0,0,1,1,93
2900,0,11765.357624999993,3025.642474,8757.725715999995,13731,0,0,1,0,1,0,1,0,0,0,0,0,0,0,0,1,0,0,0,0,0,0,0,0,0,0,0,1,1,0,1,1,0,0,27,108,81,0.75,3.0,0.018518518518518517,3,36.5,1.0,0, 0, 0, 0, 0, 0,13,3,2,0,1,1,0,8,1,4,15,1,3,2,4,3,4,5,4,7,11,2,4,6,50,7,13,3,2,0,1,1,0,8,1,4,15,1,3,2,4,3,4,5,4,7,11,2,4,6,50,7,13,3,2,0,1,1,0,8,1,4,15,1,3,2,4,3,4,5,4,7,11,2,4,6,50,7,0,0,0,0,0,0,1,0,0,1,1,0,0,1,1,81
2902,0,25191.867567000016,6529.484237999998,18680.393894000015,5934,0,0,1,1,0,1,1,0,0,0,0,0,0,0,1,1,0,0,0,0,0,0,0,0,0,0,0,0,0,0,1,1,0,0,58,232,174,0.75,3.0,0.021551724137931036,2,24.0,1.0,0, 0, 0, 0, 0, 1,19,11,11,4,5,6,11,15,2,10,18,1,2,10,15,9,10,1,3,11,14,22,12,34,75,19,19,11,11,4,5,6,11,15,2,10,18,1,2,10,15,9,10,1,3,11,14,22,12,34,75,19,19,11,11,4,5,6,11,15,2,10,18,1,2,10,15,9,10,1,3,11,14,22,12,34,75,19,0,0,0,0,0,0,0,0,0,0,0,0,0,0,1,174
2905,0,27575.709786000014,7152.498920000002,20441.221431000013,2628,0,0,1,0,1,1,1,0,0,0,0,0,0,0,0,1,0,0,0,0,0,0,0,0,0,0,0,0,0,0,1,1,0,0,60,240,180,0.75,3.0,0.016666666666666666,2,1.0,1.0,0, 0, 0, 0, 0, 0,23,14,14,0,2,5,17,9,7,3,23,5,3,9,5,8,12,3,7,11,19,31,19,50,72,20,23,14,14,0,2,5,17,9,7,3,23,5,3,9,5,8,12,3,7,11,19,31,19,50,72,20,23,14,14,0,2,5,17,9,7,3,23,5,3,9,5,8,12,3,7,11,19,31,19,50,72,20,0,0,0,0,0,0,0,0,0,0,0,0,0,0,1,180
2906,0,12637.573527999997,3068.6276610000004,9586.956431999992,29,1,1,0,1,0,1,1,0,1,0,0,0,0,0,0,1,0,0,0,0,0,0,0,0,0,0,0,0,0,0,1,1,0,1,27,110,83,0.7545454545454545,3.074074074074074,0.03636363636363636,0,0,0.00909090909090909,0, 0, 0, 1, 1, 0,5,8,4,2,4,2,8,3,3,3,14,3,1,1,2,3,7,0,4,6,5,12,11,23,32,10,5,8,4,2,4,2,8,3,3,3,14,3,1,1,2,3,7,0,4,6,5,12,11,23,32,10,5,8,4,2,4,2,8,3,3,3,14,3,1,1,2,3,7,0,4,6,5,12,11,23,32,10,0,0,0,0,0,0,0,0,0,0,0,0,0,0,1,83
2907,0,29471.99995099998,7793.917810000001,21696.092705999996,288,1,0,0,1,0,1,1,0,0,0,0,0,0,0,0,1,0,0,0,0,0,0,0,0,0,0,0,0,0,0,1,1,0,0,63,255,192,0.7529411764705882,3.0476190476190474,0.01568627450980392,1,0,1.0,0, 0, 0, 0, 0, 0,24,15,8,2,4,7,18,12,8,10,21,7,2,6,8,11,6,6,6,11,18,26,22,48,80,17,24,15,8,2,4,7,18,12,8,10,21,7,2,6,8,11,6,6,6,11,18,26,22,48,80,17,24,15,8,2,4,7,18,12,8,10,21,7,2,6,8,11,6,6,6,11,18,26,22,48,80,17,0,0,0,0,0,0,0,0,0,0,0,0,0,0,1,192
2910,0,24845.589987999992,6169.967440999999,18693.633112,3220,0,0,1,0,1,0,1,0,0,0,0,0,0,0,0,1,0,0,0,0,0,0,0,0,0,0,0,0,0,0,1,1,0,0,53,212,159,0.75,3.0,0.009433962264150943,0,0,1.0,0, 0, 0, 0, 0, 0,13,20,12,2,1,4,14,7,6,5,22,6,6,4,7,9,6,5,3,7,12,26,26,52,60,15,13,20,12,2,1,4,14,7,6,5,22,6,6,4,7,9,6,5,3,7,12,26,26,52,60,15,13,20,12,2,1,4,14,7,6,5,22,6,6,4,7,9,6,5,3,7,12,26,26,52,60,15,0,0,0,0,0,0,0,0,0,0,0,0,0,0,1,159
2913,0,3110.3691020000006,775.3864510000001,2352.993216,13207,0,0,1,1,0,0,1,0,0,0,0,0,0,0,0,1,0,0,0,0,0,0,0,0,0,0,0,0,1,0,1,1,0,0,7,28,21,0.75,3.0,0.07142857142857142,1,0,1.0,0, 0, 0, 0, 0, 0,2,1,1,1,2,1,0,3,0,0,0,0,0,0,4,0,0,0,5,1,5,1,1,2,6,0,2,1,1,1,2,1,0,3,0,0,0,0,0,0,4,0,0,0,5,1,5,1,1,2,6,0,2,1,1,1,2,1,0,3,0,0,0,0,0,0,4,0,0,0,5,1,5,1,1,2,6,0,0,0,0,0,0,0,0,0,0,0,1,1,0,0,1,21
2918,0,9595.852959000002,2431.290662,7182.572861999998,8414,0,0,1,1,0,1,1,0,0,1,0,0,0,0,1,1,0,0,0,0,0,0,0,0,0,0,0,0,1,0,1,1,0,0,20,82,62,0.7560975609756098,3.1,0.036585365853658534,0,0,0.4634146341463415,0, 0, 1, 0, 0, 0,5,9,3,1,3,2,2,4,4,1,2,2,1,4,4,5,1,1,2,6,7,5,11,16,19,6,5,9,3,1,3,2,2,4,4,1,2,2,1,4,4,5,1,1,2,6,7,5,11,16,19,6,5,9,3,1,3,2,2,4,4,1,2,2,1,4,4,5,1,1,2,6,7,5,11,16,19,6,0,0,0,0,0,0,0,0,0,0,1,1,0,0,1,62
2919,0,10214.084884,2711.3271829999994,7520.768265999999,8399,0,0,1,1,0,1,1,0,0,1,0,0,0,0,1,1,0,0,0,0,0,0,0,0,0,0,0,0,1,0,1,1,0,0,21,87,66,0.7586206896551724,3.142857142857143,0.034482758620689655,0,0,0.4367816091954023,0, 0, 1, 0, 0, 0,6,9,3,1,3,2,2,5,4,1,3,2,1,4,5,5,1,1,2,6,7,5,11,16,22,6,6,9,3,1,3,2,2,5,4,1,3,2,1,4,5,5,1,1,2,6,7,5,11,16,22,6,6,9,3,1,3,2,2,5,4,1,3,2,1,4,5,5,1,1,2,6,7,5,11,16,22,6,0,0,0,0,0,0,0,0,0,0,1,1,0,0,1,66
2922,0,18866.531095999995,4507.1643970000005,14377.377263999995,6031,0,0,1,0,1,1,1,0,0,0,1,0,0,0,0,1,0,0,0,0,0,0,0,0,0,0,0,0,1,0,1,1,0,0,43,175,132,0.7542857142857143,3.0697674418604652,0.02857142857142857,5,28.5,0.4342857142857143,0, 1, 0, 0, 0, 0,19,18,13,8,3,8,2,9,0,4,15,3,3,2,1,9,7,1,0,7,3,15,21,36,57,16,19,18,13,8,3,8,2,9,0,4,15,3,3,2,1,9,7,1,0,7,3,15,21,36,57,16,19,18,13,8,3,8,2,9,0,4,15,3,3,2,1,9,7,1,0,7,3,15,21,36,57,16,0,0,0,0,0,0,0,0,0,0,1,1,0,0,1,132
2924,0,7643.822981,1660.8640409999998,6000.969505,4211,0,0,1,1,0,0,1,0,0,0,0,0,0,0,0,1,0,0,0,0,0,0,0,0,0,0,0,0,1,0,1,1,0,0,17,69,52,0.7536231884057971,3.0588235294117645,0.028985507246376812,0,0,1.0,0, 0, 0, 0, 0, 0,8,5,1,1,2,4,4,1,3,1,5,2,3,2,2,3,1,0,2,2,4,5,7,12,20,4,8,5,1,1,2,4,4,1,3,1,5,2,3,2,2,3,1,0,2,2,4,5,7,12,20,4,8,5,1,1,2,4,4,1,3,1,5,2,3,2,2,3,1,0,2,2,4,5,7,12,20,4,0,0,0,0,0,0,0,0,0,0,1,1,0,0,1,52
2927,0,28097.210350999998,6765.363089999996,21349.857826000007,310,1,0,0,0,1,1,1,0,0,0,0,0,0,0,1,1,0,0,0,0,0,0,0,0,0,0,0,0,1,0,1,1,0,0,61,244,183,0.75,3.0,0.012295081967213115,1,0,1.0,0, 0, 0, 0, 0, 0,15,17,14,4,2,10,10,10,6,9,18,6,3,9,8,9,8,7,6,12,22,24,23,47,67,17,15,17,14,4,2,10,10,10,6,9,18,6,3,9,8,9,8,7,6,12,22,24,23,47,67,17,15,17,14,4,2,10,10,10,6,9,18,6,3,9,8,9,8,7,6,12,22,24,23,47,67,17,0,0,0,0,0,0,0,0,0,0,1,1,0,0,1,183
2928,0,28587.398956,6899.3668549999975,21706.042666,310,1,0,0,0,1,1,1,0,0,0,0,0,0,0,1,1,0,0,0,0,0,0,0,0,0,0,0,0,1,0,1,1,0,0,62,248,186,0.75,3.0,0.012096774193548387,1,0,1.0,0, 0, 0, 0, 0, 0,16,17,14,4,2,10,10,10,6,9,18,6,3,9,8,9,8,8,6,13,23,24,23,47,69,17,16,17,14,4,2,10,10,10,6,9,18,6,3,9,8,9,8,8,6,13,23,24,23,47,69,17,16,17,14,4,2,10,10,10,6,9,18,6,3,9,8,9,8,8,6,13,23,24,23,47,69,17,0,0,0,0,0,0,0,0,0,0,1,1,0,0,1,186
2930,0,23949.144354000004,6007.916281,17959.238638000006,1325,0,0,1,0,1,1,1,0,0,0,0,0,0,0,0,1,0,0,0,0,0,0,0,0,0,0,0,0,1,0,1,1,0,0,56,224,168,0.75,3.0,0.017857142857142856,1,0,0.8973214285714286,0, 1, 0, 1, 0, 0,20,10,12,4,1,5,7,12,5,8,20,2,4,4,13,10,13,1,4,13,9,19,12,31,77,23,20,10,12,4,1,5,7,12,5,8,20,2,4,4,13,10,13,1,4,13,9,19,12,31,77,23,20,10,12,4,1,5,7,12,5,8,20,2,4,4,13,10,13,1,4,13,9,19,12,31,77,23,0,0,0,0,0,0,0,0,0,0,1,1,0,0,1,168
2932,0,13825.868656999997,3152.4477589999997,10691.431463,2633,0,0,1,0,1,0,1,0,0,0,0,0,0,0,0,1,0,0,0,0,0,0,0,0,0,0,0,0,1,0,1,1,0,0,33,133,100,0.7518796992481203,3.0303030303030303,0.015037593984962405,2,94.0,1.0,0, 0, 0, 0, 0, 0,12,11,6,2,1,0,4,14,2,3,12,0,4,6,4,4,9,1,1,4,8,10,11,21,49,13,12,11,6,2,1,0,4,14,2,3,12,0,4,6,4,4,9,1,1,4,8,10,11,21,49,13,12,11,6,2,1,0,4,14,2,3,12,0,4,6,4,4,9,1,1,4,8,10,11,21,49,13,0,0,0,0,0,0,0,0,0,0,1,1,0,0,1,100
2933,0,8744.517221000002,2018.0151409999999,6744.512645000002,3064,0,0,1,0,1,1,1,0,1,0,0,0,0,0,0,1,0,0,0,0,0,0,0,0,0,0,0,0,1,0,1,1,0,0,19,76,57,0.75,3.0,0.039473684210526314,0,0,0.5789473684210527,0, 0, 0, 0, 1, 0,6,13,3,1,2,3,3,2,1,1,3,2,1,3,1,6,1,1,0,4,4,6,15,21,17,7,6,13,3,1,2,3,3,2,1,1,3,2,1,3,1,6,1,1,0,4,4,6,15,21,17,7,6,13,3,1,2,3,3,2,1,1,3,2,1,3,1,6,1,1,0,4,4,6,15,21,17,7,0,0,0,0,0,0,0,0,0,0,1,1,0,0,1,57
2934,0,22888.643185000004,6154.095707000001,16752.558042999997,3350,0,0,1,0,1,1,1,0,0,0,0,0,0,0,1,1,0,0,0,0,0,0,0,0,0,0,0,0,1,0,1,1,0,0,54,219,165,0.7534246575342466,3.0555555555555554,0.0136986301369863,1,0,1.0,0, 0, 0, 0, 0, 0,26,7,11,5,3,1,6,20,3,8,18,6,4,5,6,11,10,0,3,12,8,17,13,30,88,21,26,7,11,5,3,1,6,20,3,8,18,6,4,5,6,11,10,0,3,12,8,17,13,30,88,21,26,7,11,5,3,1,6,20,3,8,18,6,4,5,6,11,10,0,3,12,8,17,13,30,88,21,0,0,0,0,0,0,0,0,0,0,1,1,0,0,1,165
2935,0,7906.748079000001,2112.960856,5811.797787999999,4063,0,0,1,1,0,1,1,0,0,0,0,1,0,0,0,1,0,0,0,0,0,0,0,0,0,0,0,0,1,0,1,1,0,0,18,74,56,0.7567567567567568,3.111111111111111,0.04054054054054054,2,1.0,1.0,1, 0, 0, 0, 0, 0,9,4,3,1,3,0,3,5,2,3,3,1,1,1,3,4,7,1,0,2,2,6,5,11,23,11,9,4,3,1,3,0,3,5,2,3,3,1,1,1,3,4,7,1,0,2,2,6,5,11,23,11,9,4,3,1,3,0,3,5,2,3,3,1,1,1,3,4,7,1,0,2,2,6,5,11,23,11,0,0,0,0,0,0,0,0,0,0,1,1,0,0,1,56
2936,0,6195.887015999999,1635.803888,4578.093692999997,4293,0,0,1,1,0,1,1,0,0,0,1,1,1,0,0,1,0,0,0,0,0,0,0,0,0,0,0,0,1,0,1,1,0,0,13,55,42,0.7636363636363637,3.230769230769231,0.07272727272727272,3,6.0,0.3090909090909091,0, 1, 0, 0, 0, 0,8,4,3,3,4,1,4,3,0,2,2,0,0,3,1,0,1,0,1,2,4,7,4,11,17,1,8,4,3,3,4,1,4,3,0,2,2,0,0,3,1,0,1,0,1,2,4,7,4,11,17,1,8,4,3,3,4,1,4,3,0,2,2,0,0,3,1,0,1,0,1,2,4,7,4,11,17,1,0,0,0,0,0,0,0,0,0,0,1,1,0,0,1,42
2937,0,10879.285863999996,2575.3726750000005,8321.923753999996,5525,0,0,1,1,0,0,1,0,0,0,1,0,0,0,0,1,0,0,0,0,0,0,0,0,0,0,0,0,1,0,1,1,0,0,25,101,76,0.7524752475247525,3.04,0.019801980198019802,2,3.0,0.46534653465346537,0, 1, 0, 0, 0, 0,10,7,7,1,2,0,5,7,4,3,5,0,4,1,7,2,4,0,4,3,5,12,7,19,32,6,10,7,7,1,2,0,5,7,4,3,5,0,4,1,7,2,4,0,4,3,5,12,7,19,32,6,10,7,7,1,2,0,5,7,4,3,5,0,4,1,7,2,4,0,4,3,5,12,7,19,32,6,0,0,0,0,0,0,0,0,0,0,1,1,0,0,1,76
2938,0,17426.232689000004,4488.384582000001,12955.858672000002,7427,0,0,1,0,1,1,1,0,0,0,0,0,0,0,0,1,0,0,0,0,0,0,0,0,0,0,0,0,1,0,1,1,0,0,41,166,125,0.7530120481927711,3.048780487804878,0.018072289156626505,3,52.5,1.0,0, 0, 0, 0, 0, 0,25,15,7,0,2,1,5,14,1,5,14,1,1,4,6,7,7,1,2,7,7,12,16,28,66,14,25,15,7,0,2,1,5,14,1,5,14,1,1,4,6,7,7,1,2,7,7,12,16,28,66,14,25,15,7,0,2,1,5,14,1,5,14,1,1,4,6,7,7,1,2,7,7,12,16,28,66,14,0,0,0,0,0,0,0,0,0,0,1,1,0,0,1,125
2939,0,28478.323005999988,7056.639562,21439.694008999995,9277,0,0,1,0,1,1,1,0,0,0,0,0,0,0,0,1,0,0,0,0,0,0,0,0,0,0,0,0,1,0,1,1,0,0,67,271,204,0.7527675276752768,3.044776119402985,0.014760147601476014,6,80.2,1.0,0, 0, 0, 0, 0, 0,46,20,14,4,3,5,12,17,5,7,14,2,3,5,8,12,9,4,3,11,12,26,22,48,98,21,46,20,14,4,3,5,12,17,5,7,14,2,3,5,8,12,9,4,3,11,12,26,22,48,98,21,46,20,14,4,3,5,12,17,5,7,14,2,3,5,8,12,9,4,3,11,12,26,22,48,98,21,0,0,0,0,0,0,0,0,0,0,1,1,0,0,1,204
2940,0,20996.602805999988,5243.793775999999,15770.819595000004,10117,0,0,1,1,0,0,1,0,0,0,0,0,0,0,0,1,0,0,0,0,0,0,0,0,0,0,0,0,1,0,1,1,0,0,46,187,141,0.7540106951871658,3.0652173913043477,0.0106951871657754,0,0,1.0,0, 0, 0, 0, 0, 0,18,12,11,7,2,4,6,7,2,4,14,1,6,4,6,8,7,4,5,13,13,17,13,30,62,15,18,12,11,7,2,4,6,7,2,4,14,1,6,4,6,8,7,4,5,13,13,17,13,30,62,15,18,12,11,7,2,4,6,7,2,4,14,1,6,4,6,8,7,4,5,13,13,17,13,30,62,15,0,0,0,0,0,0,0,0,0,0,1,1,0,0,1,141
2941,0,26025.093882999965,6486.329723999998,19556.774724,11059,0,0,1,0,1,1,1,0,0,0,0,0,1,0,0,1,0,0,0,0,0,0,0,0,0,0,0,0,1,0,1,1,0,0,62,250,188,0.752,3.032258064516129,0.028,3,49.0,1.0,0, 0, 0, 0, 0, 0,16,21,9,2,6,7,3,22,4,8,11,3,3,5,11,31,13,0,2,11,7,12,24,36,71,44,16,21,9,2,6,7,3,22,4,8,11,3,3,5,11,31,13,0,2,11,7,12,24,36,71,44,16,21,9,2,6,7,3,22,4,8,11,3,3,5,11,31,13,0,2,11,7,12,24,36,71,44,0,0,0,0,0,0,0,0,0,0,1,1,0,0,1,188
2942,0,15491.402925000013,3852.2624840000008,11657.151006000007,12375,0,0,1,1,0,0,1,0,0,0,0,0,0,0,0,1,0,0,0,0,0,0,0,0,0,0,0,0,1,0,1,1,0,0,34,139,105,0.7553956834532374,3.088235294117647,0.014388489208633094,0,0,1.0,0, 0, 0, 0, 0, 0,14,16,7,1,2,5,4,6,4,6,5,6,1,1,12,4,9,0,1,1,2,11,22,33,33,13,14,16,7,1,2,5,4,6,4,6,5,6,1,1,12,4,9,0,1,1,2,11,22,33,33,13,14,16,7,1,2,5,4,6,4,6,5,6,1,1,12,4,9,0,1,1,2,11,22,33,33,13,0,0,0,0,0,0,0,0,0,0,1,1,0,0,1,105
2946,0,21569.983592000004,5478.667495000001,16109.326662000007,17085,0,0,1,0,1,0,1,0,0,0,0,0,0,0,1,1,0,0,0,0,0,0,0,0,0,0,0,0,1,0,1,1,0,0,48,194,146,0.7525773195876289,3.0416666666666665,0.010309278350515464,1,0,1.0,0, 0, 0, 0, 0, 0,20,19,6,4,1,3,14,12,3,5,14,3,4,3,7,5,11,0,4,8,7,20,22,42,63,16,20,19,6,4,1,3,14,12,3,5,14,3,4,3,7,5,11,0,4,8,7,20,22,42,63,16,20,19,6,4,1,3,14,12,3,5,14,3,4,3,7,5,11,0,4,8,7,20,22,42,63,16,0,0,0,0,0,0,0,0,0,0,1,1,0,0,1,146
2949,0,6012.986797000003,1466.6944749999998,4564.302887000001,5776,0,0,1,0,1,1,1,0,0,0,0,0,0,0,0,1,0,0,0,0,0,0,0,0,0,0,0,0,0,0,1,1,0,0,13,53,40,0.7547169811320755,3.076923076923077,0.05660377358490566,1,0,1.0,0, 0, 0, 0, 0, 0,2,3,5,2,2,1,0,1,1,1,6,1,1,1,0,3,2,1,1,6,3,5,4,9,17,5,2,3,5,2,2,1,0,1,1,1,6,1,1,1,0,3,2,1,1,6,3,5,4,9,17,5,2,3,5,2,2,1,0,1,1,1,6,1,1,1,0,3,2,1,1,6,3,5,4,9,17,5,0,0,0,0,0,0,1,0,0,0,0,0,0,1,1,40
2950,0,9966.927194000005,2642.152312,7342.785446999997,2045,0,0,1,0,1,1,1,0,1,1,1,1,1,0,0,1,0,0,0,0,0,0,0,0,0,0,0,0,0,0,1,1,0,1,23,93,70,0.7526881720430108,3.0434782608695654,0.06451612903225806,2,47.0,0.27956989247311825,0, 1, 1, 0, 1, 0,3,3,1,3,5,2,3,8,1,1,7,5,0,4,10,5,2,0,0,7,4,4,8,12,26,7,3,3,1,3,5,2,3,8,1,1,7,5,0,4,10,5,2,0,0,7,4,4,8,12,26,7,3,3,1,3,5,2,3,8,1,1,7,5,0,4,10,5,2,0,0,7,4,4,8,12,26,7,0,0,0,0,0,0,1,0,0,0,0,0,0,1,1,70
2956,0,16768.960709000003,4141.177608,12645.793665999994,7664,0,0,1,1,0,0,0,1,0,0,0,0,0,0,0,1,0,0,0,0,0,1,0,0,1,0,0,0,0,0,1,1,0,0,38,153,115,0.7516339869281046,3.026315789473684,0.006535947712418301,1,0,1.0,0, 0, 0, 0, 0, 0,6,11,7,0,1,9,5,11,1,7,12,5,1,1,3,9,9,1,3,13,5,12,16,28,50,18,6,11,7,0,1,9,5,11,1,7,12,5,1,1,3,9,9,1,3,13,5,12,16,28,50,18,6,11,7,0,1,9,5,11,1,7,12,5,1,1,3,9,9,1,3,13,5,12,16,28,50,18,1,0,0,1,0,0,1,0,0,0,0,0,0,1,1,115
2957,0,29228.570580000003,6956.566699999998,22290.014445,4843,0,0,1,0,1,1,1,0,0,0,0,0,0,0,0,1,0,0,0,0,0,1,0,0,1,0,0,0,0,0,1,1,0,0,66,264,198,0.75,3.0,0.022727272727272728,3,100.0,1.0,0, 0, 0, 0, 0, 0,23,16,18,11,5,8,10,14,4,13,22,3,3,8,8,7,5,1,12,7,21,28,19,47,82,12,23,16,18,11,5,8,10,14,4,13,22,3,3,8,8,7,5,1,12,7,21,28,19,47,82,12,23,16,18,11,5,8,10,14,4,13,22,3,3,8,8,7,5,1,12,7,21,28,19,47,82,12,1,0,0,1,0,0,1,0,0,0,0,0,0,1,1,198
2958,0,28900.500313999986,7209.512983,21708.99789600001,243,1,0,0,0,1,0,0,1,0,0,0,0,0,0,1,1,0,0,0,0,0,1,0,0,1,0,0,0,0,0,1,1,0,0,62,250,188,0.752,3.032258064516129,0.004,0,0,1.0,0, 0, 0, 0, 0, 0,18,18,12,3,1,12,13,12,7,10,22,2,4,5,10,10,7,7,7,8,19,25,20,45,74,17,18,18,12,3,1,12,13,12,7,10,22,2,4,5,10,10,7,7,7,8,19,25,20,45,74,17,18,18,12,3,1,12,13,12,7,10,22,2,4,5,10,10,7,7,7,8,19,25,20,45,74,17,1,0,0,1,0,0,1,0,0,0,0,0,0,1,1,188
2959,0,10308.213231000002,2719.296535,7606.927261,29,1,1,0,0,1,0,0,1,0,0,0,0,0,0,0,1,0,0,0,0,0,1,0,0,1,0,0,0,0,0,1,1,0,0,22,91,69,0.7582417582417582,3.1363636363636362,0.0,0,0,1.0,0, 0, 0, 0, 0, 0,7,2,5,1,0,6,7,7,2,8,8,2,2,2,3,1,0,1,1,4,4,12,4,16,36,1,7,2,5,1,0,6,7,7,2,8,8,2,2,2,3,1,0,1,1,4,4,12,4,16,36,1,7,2,5,1,0,6,7,7,2,8,8,2,2,2,3,1,0,1,1,4,4,12,4,16,36,1,1,0,0,1,0,0,1,0,0,0,0,0,0,1,1,69
2960,0,5737.294409999999,1526.9258419999996,4228.379133000001,1857,0,0,1,1,0,0,0,1,0,0,0,0,0,0,0,1,0,0,0,0,0,1,0,0,1,0,0,0,0,0,1,1,0,0,13,52,39,0.75,3.0,0.019230769230769232,1,0,1.0,0, 0, 0, 0, 0, 0,3,1,0,1,1,1,0,6,1,5,6,1,0,3,2,0,1,1,2,4,6,0,2,2,24,1,3,1,0,1,1,1,0,6,1,5,6,1,0,3,2,0,1,1,2,4,6,0,2,2,24,1,3,1,0,1,1,1,0,6,1,5,6,1,0,3,2,0,1,1,2,4,6,0,2,2,24,1,1,0,0,1,0,0,1,0,0,0,0,0,0,1,1,39
2961,0,11545.073113999999,2737.4108939999996,8825.672784999997,2148,0,0,1,1,0,0,0,1,0,0,0,0,0,0,0,1,0,0,0,0,0,1,0,0,1,0,0,0,0,0,1,1,0,0,26,106,80,0.7547169811320755,3.076923076923077,0.009433962264150943,1,0,1.0,0, 0, 0, 0, 0, 0,8,4,1,3,1,5,6,4,2,5,8,6,2,2,5,7,4,1,1,5,4,7,10,17,32,11,8,4,1,3,1,5,6,4,2,5,8,6,2,2,5,7,4,1,1,5,4,7,10,17,32,11,8,4,1,3,1,5,6,4,2,5,8,6,2,2,5,7,4,1,1,5,4,7,10,17,32,11,1,0,0,1,0,0,1,0,0,0,0,0,0,1,1,80
2963,0,26469.34954199999,6431.241030999998,20056.11907599999,4373,0,0,1,1,0,1,1,0,0,0,0,0,0,0,1,1,0,0,0,0,0,1,0,0,1,0,0,0,0,0,1,1,0,0,58,232,174,0.75,3.0,0.03017241379310345,3,31.0,1.0,0, 0, 0, 0, 0, 0,13,16,6,3,7,8,10,14,5,6,23,5,2,6,12,12,4,8,8,6,22,16,21,37,64,16,13,16,6,3,7,8,10,14,5,6,23,5,2,6,12,12,4,8,8,6,22,16,21,37,64,16,13,16,6,3,7,8,10,14,5,6,23,5,2,6,12,12,4,8,8,6,22,16,21,37,64,16,1,0,0,1,0,0,1,0,0,0,0,0,0,1,1,174
2964,0,5737.294409999999,1526.9258419999996,4228.379133000001,1777,0,0,1,1,0,0,0,1,0,0,0,0,0,0,0,1,0,0,0,0,0,1,0,0,1,0,0,0,0,0,1,1,0,0,13,52,39,0.75,3.0,0.019230769230769232,1,0,1.0,0, 0, 0, 0, 0, 0,3,1,0,1,1,1,0,6,1,5,6,1,0,3,2,0,1,1,2,4,6,0,2,2,24,1,3,1,0,1,1,1,0,6,1,5,6,1,0,3,2,0,1,1,2,4,6,0,2,2,24,1,3,1,0,1,1,1,0,6,1,5,6,1,0,3,2,0,1,1,2,4,6,0,2,2,24,1,1,0,0,1,0,0,1,0,0,0,0,0,0,1,1,39
2965,0,10295.19283,2719.296535,7593.90686,29,1,1,0,0,1,0,0,1,0,0,0,0,0,0,0,1,0,0,0,0,0,1,0,0,1,0,0,0,0,0,1,1,0,0,22,91,69,0.7582417582417582,3.1363636363636362,0.0,0,0,1.0,0, 0, 0, 0, 0, 0,8,3,5,1,0,4,8,7,2,7,8,2,2,2,3,1,0,1,1,4,4,13,5,18,36,1,8,3,5,1,0,4,8,7,2,7,8,2,2,2,3,1,0,1,1,4,4,13,5,18,36,1,8,3,5,1,0,4,8,7,2,7,8,2,2,2,3,1,0,1,1,4,4,13,5,18,36,1,1,0,0,1,0,0,1,0,0,0,0,0,0,1,1,69
2966,0,28951.554126999992,7161.534765999998,21808.029926000014,243,1,0,0,0,1,0,0,1,0,0,0,0,0,0,1,1,0,0,0,0,0,1,0,0,1,0,0,0,0,0,1,1,0,0,62,250,188,0.752,3.032258064516129,0.004,0,0,1.0,0, 0, 0, 0, 0, 0,17,18,13,3,1,12,14,12,7,10,22,3,4,5,10,10,5,7,7,8,19,27,21,48,73,15,17,18,13,3,1,12,14,12,7,10,22,3,4,5,10,10,5,7,7,8,19,27,21,48,73,15,17,18,13,3,1,12,14,12,7,10,22,3,4,5,10,10,5,7,7,8,19,27,21,48,73,15,1,0,0,1,0,0,1,0,0,0,0,0,0,1,1,188
2967,0,29347.651473999995,7269.7167359999985,22095.945302999997,4712,0,0,1,0,1,1,1,0,0,0,0,0,0,0,0,1,0,0,0,0,0,1,0,0,1,0,0,0,0,0,1,1,0,0,66,264,198,0.75,3.0,0.022727272727272728,2,9.0,1.0,0, 0, 0, 0, 0, 0,21,16,15,12,5,6,12,17,3,13,20,4,3,9,8,10,3,1,11,9,21,27,20,47,83,13,21,16,15,12,5,6,12,17,3,13,20,4,3,9,8,10,3,1,11,9,21,27,20,47,83,13,21,16,15,12,5,6,12,17,3,13,20,4,3,9,8,10,3,1,11,9,21,27,20,47,83,13,1,0,0,1,0,0,1,0,0,0,0,0,0,1,1,198
2968,0,16752.043317000003,4196.292579,12573.761302999992,7348,0,0,1,1,0,0,0,1,0,0,0,0,0,0,0,1,0,0,0,0,0,1,0,0,1,0,0,0,0,0,1,1,0,0,38,153,115,0.7516339869281046,3.026315789473684,0.006535947712418301,1,0,1.0,0, 0, 0, 0, 0, 0,7,10,7,0,1,9,5,11,1,6,12,6,1,1,3,9,8,1,3,14,5,12,16,28,51,17,7,10,7,0,1,9,5,11,1,6,12,6,1,1,3,9,8,1,3,14,5,12,16,28,51,17,7,10,7,0,1,9,5,11,1,6,12,6,1,1,3,9,8,1,3,14,5,12,16,28,51,17,1,0,0,1,0,0,1,0,0,0,0,0,0,1,1,115
2970,0,16264.576373999997,3862.132678000001,12420.454261,6700,0,0,1,0,1,0,1,0,0,0,0,0,0,0,0,1,0,0,0,0,0,0,0,0,0,0,0,0,0,0,1,1,0,0,37,149,112,0.7516778523489933,3.027027027027027,0.013422818791946308,0,0,1.0,0, 0, 0, 0, 0, 0,6,6,8,3,0,6,4,12,9,4,11,6,1,5,9,3,6,1,2,10,8,12,12,24,44,9,6,6,8,3,0,6,4,12,9,4,11,6,1,5,9,3,6,1,2,10,8,12,12,24,44,9,6,6,8,3,0,6,4,12,9,4,11,6,1,5,9,3,6,1,2,10,8,12,12,24,44,9,0,0,0,0,0,0,0,0,0,0,0,0,0,1,1,112
2971,0,24635.448265,6436.136823999997,18217.322005999995,1121,0,0,1,0,1,0,1,0,0,0,0,0,0,0,0,1,0,0,0,0,0,0,0,0,0,0,0,0,0,0,1,1,0,0,56,225,169,0.7511111111111111,3.017857142857143,0.008888888888888889,0,0,1.0,0, 0, 0, 0, 0, 0,22,14,12,3,2,2,7,11,2,7,17,4,5,4,11,16,10,4,3,13,11,19,18,37,75,26,22,14,12,3,2,2,7,11,2,7,17,4,5,4,11,16,10,4,3,13,11,19,18,37,75,26,22,14,12,3,2,2,7,11,2,7,17,4,5,4,11,16,10,4,3,13,11,19,18,37,75,26,0,0,0,0,0,0,0,0,0,0,0,0,0,1,1,169
2972,0,11332.011898000002,2776.5282660000003,8573.494197000002,4,1,1,0,1,0,0,0,1,0,0,0,0,0,0,0,1,0,0,0,0,0,0,0,0,0,0,0,0,0,0,1,1,0,0,25,103,78,0.7572815533980582,3.12,0.009708737864077669,0,0,1.0,0, 0, 0, 0, 0, 0,11,5,8,1,1,4,7,3,0,4,9,4,1,1,3,2,3,1,1,9,3,15,9,24,37,5,11,5,8,1,1,4,7,3,0,4,9,4,1,1,3,2,3,1,1,9,3,15,9,24,37,5,11,5,8,1,1,4,7,3,0,4,9,4,1,1,3,2,3,1,1,9,3,15,9,24,37,5,0,0,0,0,0,0,0,0,0,0,0,0,0,1,1,78
2973,0,29034.914511999992,6972.712337000001,22080.21274000001,320,1,0,0,1,0,0,1,0,0,0,0,0,0,0,0,1,0,0,0,0,0,0,0,0,0,0,0,0,0,0,1,1,0,0,64,259,195,0.752895752895753,3.046875,0.007722007722007722,0,0,1.0,0, 0, 0, 0, 0, 0,23,15,11,4,2,5,16,11,8,11,17,7,2,8,10,10,10,3,10,12,21,27,22,49,76,20,23,15,11,4,2,5,16,11,8,11,17,7,2,8,10,10,10,3,10,12,21,27,22,49,76,20,23,15,11,4,2,5,16,11,8,11,17,7,2,8,10,10,10,3,10,12,21,27,22,49,76,20,0,0,0,0,0,0,0,0,0,0,0,0,0,1,1,195
2975,0,9059.538889,2293.980603,6783.568850999997,2160,0,0,1,0,1,1,1,0,0,0,0,0,0,0,1,1,0,0,0,0,0,0,0,0,0,0,0,0,0,0,1,1,0,0,20,81,61,0.7530864197530864,3.05,0.04938271604938271,2,42.0,1.0,0, 0, 0, 0, 0, 1,6,5,1,4,2,1,3,5,0,5,5,5,3,1,4,4,1,2,1,3,4,4,10,14,27,5,6,5,1,4,2,1,3,5,0,5,5,5,3,1,4,4,1,2,1,3,4,4,10,14,27,5,6,5,1,4,2,1,3,5,0,5,5,5,3,1,4,4,1,2,1,3,4,4,10,14,27,5,0,0,0,0,0,0,0,0,0,0,0,0,0,1,1,61
2978,0,22492.221959999984,5827.945429999999,16682.287094999992,2892,0,0,1,1,0,1,1,0,0,0,0,0,0,0,0,1,0,0,0,0,0,1,0,0,1,0,0,0,0,0,1,1,0,0,52,210,158,0.7523809523809524,3.0384615384615383,0.014285714285714285,3,14.5,1.0,0, 0, 0, 0, 0, 0,21,9,8,9,3,7,5,14,7,7,17,3,2,5,7,20,4,2,2,6,9,13,12,25,67,24,21,9,8,9,3,7,5,14,7,7,17,3,2,5,7,20,4,2,2,6,9,13,12,25,67,24,21,9,8,9,3,7,5,14,7,7,17,3,2,5,7,20,4,2,2,6,9,13,12,25,67,24,1,0,0,1,0,0,1,0,0,0,0,0,0,1,1,158
2979,0,22264.674237999992,5570.912535,16711.772267999997,2260,0,0,1,0,1,1,1,0,0,0,0,0,1,0,0,1,0,0,0,0,0,1,0,0,1,0,0,0,0,0,1,1,0,0,52,211,159,0.7535545023696683,3.0576923076923075,0.037914691943127965,4,38.0,1.0,0, 0, 0, 0, 0, 0,22,11,7,5,5,6,6,20,6,3,26,5,2,4,4,4,9,1,2,11,7,13,16,29,84,13,22,11,7,5,5,6,6,20,6,3,26,5,2,4,4,4,9,1,2,11,7,13,16,29,84,13,22,11,7,5,5,6,6,20,6,3,26,5,2,4,4,4,9,1,2,11,7,13,16,29,84,13,1,0,0,1,0,0,1,0,0,0,0,0,0,1,1,159
2980,0,5723.278759999999,1512.9101919999998,4228.379133000001,1896,0,0,1,1,0,0,0,1,0,0,0,0,0,0,0,1,0,0,0,0,0,1,0,0,1,0,0,0,0,0,1,1,0,0,13,52,39,0.75,3.0,0.019230769230769232,1,0,1.0,0, 0, 0, 0, 0, 0,3,1,0,1,1,1,0,6,1,5,6,1,0,3,2,0,1,1,2,4,6,0,2,2,24,1,3,1,0,1,1,1,0,6,1,5,6,1,0,3,2,0,1,1,2,4,6,0,2,2,24,1,3,1,0,1,1,1,0,6,1,5,6,1,0,3,2,0,1,1,2,4,6,0,2,2,24,1,1,0,0,1,0,0,1,0,0,0,0,0,0,1,1,39
2981,0,10281.165946000001,2719.296535,7579.879975999999,29,1,1,0,0,1,0,0,1,0,0,0,0,0,0,0,1,0,0,0,0,0,1,0,0,1,0,0,0,0,0,1,1,0,0,22,91,69,0.7582417582417582,3.1363636363636362,0.0,0,0,1.0,0, 0, 0, 0, 0, 0,8,2,4,1,0,5,9,7,2,7,8,2,2,2,3,1,0,1,1,4,4,13,4,17,36,1,8,2,4,1,0,5,9,7,2,7,8,2,2,2,3,1,0,1,1,4,4,13,4,17,36,1,8,2,4,1,0,5,9,7,2,7,8,2,2,2,3,1,0,1,1,4,4,13,4,17,36,1,1,0,0,1,0,0,1,0,0,0,0,0,0,1,1,69
2982,0,28965.61739599999,7147.519115999997,21836.108845000017,243,1,0,0,0,1,0,0,1,0,0,0,0,0,0,1,1,0,0,0,0,0,1,0,0,1,0,0,0,0,0,1,1,0,0,62,250,188,0.752,3.032258064516129,0.004,0,0,1.0,0, 0, 0, 0, 0, 0,16,19,12,2,1,12,14,13,7,10,22,3,4,5,10,9,7,7,7,8,19,26,22,48,73,16,16,19,12,2,1,12,14,13,7,10,22,3,4,5,10,9,7,7,7,8,19,26,22,48,73,16,16,19,12,2,1,12,14,13,7,10,22,3,4,5,10,9,7,7,7,8,19,26,22,48,73,16,1,0,0,1,0,0,1,0,0,0,0,0,0,1,1,188
2983,0,29213.730375000003,7111.6864829999995,22120.054457000002,4808,0,0,1,0,1,1,1,0,0,0,0,0,0,0,0,1,0,0,0,0,0,1,0,0,1,0,0,0,0,0,1,1,0,0,66,264,198,0.75,3.0,0.022727272727272728,2,9.0,1.0,0, 0, 0, 0, 0, 0,25,16,15,10,5,6,11,16,4,16,20,4,3,7,7,7,5,1,13,7,21,26,20,46,87,12,25,16,15,10,5,6,11,16,4,16,20,4,3,7,7,7,5,1,13,7,21,26,20,46,87,12,25,16,15,10,5,6,11,16,4,16,20,4,3,7,7,7,5,1,13,7,21,26,20,46,87,12,1,0,0,1,0,0,1,0,0,0,0,0,0,1,1,198
2984,0,16730.945058,4183.2357919999995,12565.719830999995,7585,0,0,1,1,0,0,0,1,0,0,0,0,0,0,0,1,0,0,0,0,0,1,0,0,1,0,0,0,0,0,1,1,0,0,38,153,115,0.7516339869281046,3.026315789473684,0.006535947712418301,1,0,1.0,0, 0, 0, 0, 0, 0,7,11,7,0,1,10,5,11,0,6,12,4,1,1,3,9,9,1,3,14,5,12,15,27,51,18,7,11,7,0,1,10,5,11,0,6,12,4,1,1,3,9,9,1,3,14,5,12,15,27,51,18,7,11,7,0,1,10,5,11,0,6,12,4,1,1,3,9,9,1,3,14,5,12,15,27,51,18,1,0,0,1,0,0,1,0,0,0,0,0,0,1,1,115
2989,0,28331.330620999983,7285.641376999997,21063.69980899999,337,1,0,0,0,1,1,1,0,0,0,0,0,0,0,0,1,0,0,0,0,0,0,0,0,0,0,0,0,0,0,1,1,0,0,62,250,188,0.752,3.032258064516129,0.012,1,0,1.0,0, 0, 0, 0, 0, 0,30,15,14,3,1,5,14,9,2,8,20,8,7,7,8,9,8,4,7,9,18,28,23,51,83,17,30,15,14,3,1,5,14,9,2,8,20,8,7,7,8,9,8,4,7,9,18,28,23,51,83,17,30,15,14,3,1,5,14,9,2,8,20,8,7,7,8,9,8,4,7,9,18,28,23,51,83,17,0,0,0,0,0,0,0,0,0,0,0,0,0,1,1,188
2990,0,10443.592376,2607.3915,7854.211440999998,59,1,1,0,1,0,0,0,1,0,0,0,0,0,0,0,1,0,0,0,0,0,0,0,0,0,0,0,0,0,0,1,1,0,0,23,93,70,0.7526881720430108,3.0434782608695654,0.010752688172043012,0,0,1.0,0, 0, 0, 0, 0, 0,10,7,8,1,1,1,6,2,0,3,11,4,2,0,3,1,1,1,1,7,2,14,11,25,35,2,10,7,8,1,1,1,6,2,0,3,11,4,2,0,3,1,1,1,1,7,2,14,11,25,35,2,10,7,8,1,1,1,6,2,0,3,11,4,2,0,3,1,1,1,1,7,2,14,11,25,35,2,0,0,0,0,0,0,0,0,0,0,0,0,0,1,1,70
2991,0,21905.27366999999,5504.840218,16418.444016999987,1429,0,0,1,0,1,1,1,0,0,0,0,0,0,0,0,1,0,0,0,0,0,0,0,0,0,0,0,0,0,0,1,1,0,0,51,206,155,0.7524271844660194,3.0392156862745097,0.014563106796116505,0,0,1.0,0, 0, 0, 0, 0, 0,20,14,4,3,3,2,12,19,9,10,11,1,1,7,10,9,6,1,1,12,9,16,15,31,73,15,20,14,4,3,3,2,12,19,9,10,11,1,1,7,10,9,6,1,1,12,9,16,15,31,73,15,20,14,4,3,3,2,12,19,9,10,11,1,1,7,10,9,6,1,1,12,9,16,15,31,73,15,0,0,0,0,0,0,0,0,0,0,0,0,0,1,1,155
2992,0,28470.062807000017,7206.020402999999,21282.052968999986,3086,0,0,1,1,0,1,1,0,0,0,0,0,0,0,0,1,0,0,0,0,0,0,0,0,0,0,0,0,0,0,1,1,0,0,67,268,201,0.75,3.0,0.011194029850746268,1,0,1.0,0, 0, 0, 0, 0, 0,32,16,14,5,3,4,13,15,3,8,25,1,3,7,10,7,13,0,3,19,10,27,17,44,102,20,32,16,14,5,3,4,13,15,3,8,25,1,3,7,10,7,13,0,3,19,10,27,17,44,102,20,32,16,14,5,3,4,13,15,3,8,25,1,3,7,10,7,13,0,3,19,10,27,17,44,102,20,0,0,0,0,0,0,0,0,0,0,0,0,0,1,1,201
2993,0,21213.978152999982,5260.715009,15971.273709000001,3916,0,0,1,1,0,0,1,0,0,0,0,0,0,0,0,1,0,0,0,0,0,0,0,0,0,0,0,0,0,0,1,1,0,0,46,187,141,0.7540106951871658,3.0652173913043477,0.0106951871657754,1,0,1.0,0, 0, 0, 0, 0, 0,19,9,10,5,2,6,9,6,4,7,24,5,5,7,4,4,5,3,2,5,12,19,14,33,66,9,19,9,10,5,2,6,9,6,4,7,24,5,5,7,4,4,5,3,2,5,12,19,14,33,66,9,19,9,10,5,2,6,9,6,4,7,24,5,5,7,4,4,5,3,2,5,12,19,14,33,66,9,0,0,0,0,0,0,0,0,0,0,0,0,0,1,1,141
2995,0,18047.446752999997,4557.193786,13508.263532,4814,0,0,1,1,0,0,1,0,0,0,0,0,0,0,0,1,0,0,0,0,0,0,0,0,0,0,0,0,0,0,1,1,0,0,43,172,129,0.75,3.0,0.011627906976744186,1,0,1.0,0, 0, 0, 0, 0, 0,17,11,6,1,2,0,8,12,2,5,13,6,5,1,7,6,9,0,1,17,2,14,17,31,69,15,17,11,6,1,2,0,8,12,2,5,13,6,5,1,7,6,9,0,1,17,2,14,17,31,69,15,17,11,6,1,2,0,8,12,2,5,13,6,5,1,7,6,9,0,1,17,2,14,17,31,69,15,0,0,0,0,0,0,0,0,0,0,0,0,0,1,1,129
2996,0,17386.136242999994,4381.161698999998,13022.985109,4832,0,0,1,1,0,0,1,0,0,0,0,0,0,0,0,1,0,0,0,0,0,0,0,0,0,0,0,0,0,0,1,1,0,0,41,166,125,0.7530120481927711,3.048780487804878,0.012048192771084338,1,0,1.0,0, 0, 0, 0, 0, 0,17,10,6,1,2,0,8,12,2,5,13,6,4,1,7,6,9,0,1,15,2,14,16,30,66,15,17,10,6,1,2,0,8,12,2,5,13,6,4,1,7,6,9,0,1,15,2,14,16,30,66,15,17,10,6,1,2,0,8,12,2,5,13,6,4,1,7,6,9,0,1,15,2,14,16,30,66,15,0,0,0,0,0,0,0,0,0,0,0,0,0,1,1,125
2998,0,23502.405586999987,5486.828992000001,18033.58715999999,11107,0,0,1,0,1,1,1,0,0,0,0,0,0,0,1,1,0,0,0,0,0,1,0,0,1,0,0,0,0,0,1,1,0,0,56,226,170,0.7522123893805309,3.0357142857142856,0.017699115044247787,2,109.0,1.0,0, 0, 0, 0, 0, 0,27,7,10,5,3,9,9,9,3,8,31,3,4,2,10,6,8,2,1,13,5,19,10,29,92,14,27,7,10,5,3,9,9,9,3,8,31,3,4,2,10,6,8,2,1,13,5,19,10,29,92,14,27,7,10,5,3,9,9,9,3,8,31,3,4,2,10,6,8,2,1,13,5,19,10,29,92,14,1,0,0,1,0,0,1,0,0,0,0,0,0,1,1,170
2999,0,5751.31006,1526.9258419999996,4242.394783000001,1929,0,0,1,1,0,0,0,1,0,0,0,0,0,0,0,1,0,0,0,0,0,1,0,0,1,0,0,0,0,0,1,1,0,0,13,52,39,0.75,3.0,0.019230769230769232,1,0,1.0,0, 0, 0, 0, 0, 0,4,1,0,1,1,1,0,5,1,5,6,1,0,3,2,0,1,1,2,4,6,0,2,2,24,1,4,1,0,1,1,1,0,5,1,5,6,1,0,3,2,0,1,1,2,4,6,0,2,2,24,1,4,1,0,1,1,1,0,5,1,5,6,1,0,3,2,0,1,1,2,4,6,0,2,2,24,1,1,0,0,1,0,0,1,0,0,0,0,0,0,1,1,39
3000,0,10227.101236000002,2719.296535,7525.8152660000005,29,1,1,0,0,1,0,0,1,0,0,0,0,0,0,0,1,0,0,0,0,0,1,0,0,1,0,0,0,0,0,1,1,0,0,22,91,69,0.7582417582417582,3.1363636363636362,0.0,0,0,1.0,0, 0, 0, 0, 0, 0,9,2,5,1,0,5,7,7,2,7,7,2,3,2,3,1,0,1,1,4,4,12,4,16,37,1,9,2,5,1,0,5,7,7,2,7,7,2,3,2,3,1,0,1,1,4,4,12,4,16,37,1,9,2,5,1,0,5,7,7,2,7,7,2,3,2,3,1,0,1,1,4,4,12,4,16,37,1,1,0,0,1,0,0,1,0,0,0,0,0,0,1,1,69
3001,0,28967.520047999988,7205.495601999998,21780.035011000014,243,1,0,0,0,1,0,0,1,0,0,0,0,0,0,1,1,0,0,0,0,0,1,0,0,1,0,0,0,0,0,1,1,0,0,62,250,188,0.752,3.032258064516129,0.004,0,0,1.0,0, 0, 0, 0, 0, 0,16,18,12,3,1,12,14,13,7,10,22,3,4,5,10,10,6,7,7,8,19,26,21,47,73,16,16,18,12,3,1,12,14,13,7,10,22,3,4,5,10,10,6,7,7,8,19,26,21,47,73,16,16,18,12,3,1,12,14,13,7,10,22,3,4,5,10,10,6,7,7,8,19,26,21,47,73,16,1,0,0,1,0,0,1,0,0,0,0,0,0,1,1,188
3002,0,29265.830425999997,7161.7133669999985,22122.127624000004,4912,0,0,1,0,1,1,1,0,0,0,0,0,0,0,0,1,0,0,0,0,0,1,0,0,1,0,0,0,0,0,1,1,0,0,66,264,198,0.75,3.0,0.022727272727272728,2,9.0,1.0,0, 0, 0, 0, 0, 0,24,16,16,8,5,7,12,16,4,13,23,5,3,6,7,6,5,1,12,9,19,28,21,49,88,11,24,16,16,8,5,7,12,16,4,13,23,5,3,6,7,6,5,1,12,9,19,28,21,49,88,11,24,16,16,8,5,7,12,16,4,13,23,5,3,6,7,6,5,1,12,9,19,28,21,49,88,11,1,0,0,1,0,0,1,0,0,0,0,0,0,1,1,198
3003,0,16716.013456,4166.299773,12567.724247999995,7638,0,0,1,1,0,0,0,1,0,0,0,0,0,0,0,1,0,0,0,0,0,1,0,0,1,0,0,0,0,0,1,1,0,0,38,153,115,0.7516339869281046,3.026315789473684,0.006535947712418301,1,0,1.0,0, 0, 0, 0, 0, 0,6,10,7,0,1,10,5,11,0,6,12,5,1,1,3,9,10,1,3,14,5,12,15,27,50,19,6,10,7,0,1,10,5,11,0,6,12,5,1,1,3,9,10,1,3,14,5,12,15,27,50,19,6,10,7,0,1,10,5,11,0,6,12,5,1,1,3,9,10,1,3,14,5,12,15,27,50,19,1,0,0,1,0,0,1,0,0,0,0,0,0,1,1,115
3007,0,18112.24540999999,4488.391292,13641.864683,5071,0,0,1,1,0,1,1,0,0,0,0,0,0,0,0,1,0,0,0,0,0,0,0,0,0,0,0,0,0,0,1,1,0,0,38,155,117,0.7548387096774194,3.0789473684210527,0.01935483870967742,1,0,1.0,0, 0, 0, 0, 0, 0,5,2,9,6,3,0,12,4,3,12,8,15,3,10,8,5,7,1,3,1,14,21,17,38,33,12,5,2,9,6,3,0,12,4,3,12,8,15,3,10,8,5,7,1,3,1,14,21,17,38,33,12,5,2,9,6,3,0,12,4,3,12,8,15,3,10,8,5,7,1,3,1,14,21,17,38,33,12,0,0,0,0,0,0,0,0,0,0,0,0,0,1,1,117
3010,0,13040.855867999997,3395.759647,9663.106785999997,1977,0,0,1,0,1,0,1,0,0,0,0,0,0,0,0,1,0,0,0,0,0,0,0,0,0,0,0,0,0,0,1,1,0,0,28,112,84,0.75,3.0,0.017857142857142856,1,0,1.0,0, 0, 0, 0, 0, 0,4,3,3,7,1,3,8,2,2,8,7,10,4,3,2,6,3,1,0,7,4,11,13,24,32,9,4,3,3,7,1,3,8,2,2,8,7,10,4,3,2,6,3,1,0,7,4,11,13,24,32,9,4,3,3,7,1,3,8,2,2,8,7,10,4,3,2,6,3,1,0,7,4,11,13,24,32,9,0,0,0,0,0,0,0,0,0,0,0,0,0,1,1,84
3017,0,24318.114732,6248.063829000002,18088.06146799999,7498,0,0,1,1,0,1,1,0,0,0,0,0,0,0,0,1,0,0,0,0,0,0,0,0,0,0,0,0,0,0,1,1,0,0,53,213,160,0.7511737089201878,3.018867924528302,0.018779342723004695,4,16.333333333333332,1.0,0, 0, 0, 0, 0, 0,14,7,9,5,4,15,8,7,2,12,14,7,5,7,10,10,9,3,5,7,15,17,14,31,59,19,14,7,9,5,4,15,8,7,2,12,14,7,5,7,10,10,9,3,5,7,15,17,14,31,59,19,14,7,9,5,4,15,8,7,2,12,14,7,5,7,10,10,9,3,5,7,15,17,14,31,59,19,0,0,0,0,0,0,0,0,0,0,0,0,0,1,1,160
3018,0,27898.248214,6951.449439000004,20964.809340000003,8212,0,0,1,0,1,1,1,0,0,0,0,0,0,0,0,1,0,0,0,0,0,0,0,0,0,0,0,0,0,0,1,1,0,0,64,256,192,0.75,3.0,0.01171875,1,0,1.0,0, 0, 0, 0, 0, 0,19,8,8,7,2,16,9,11,2,14,20,7,8,4,9,13,16,2,4,13,10,17,15,32,85,29,19,8,8,7,2,16,9,11,2,14,20,7,8,4,9,13,16,2,4,13,10,17,15,32,85,29,19,8,8,7,2,16,9,11,2,14,20,7,8,4,9,13,16,2,4,13,10,17,15,32,85,29,0,0,0,0,0,0,0,0,0,0,0,0,0,1,1,192
3019,1,4253.0238199999985,1142.6957810000001,3128.3386040000005,67,1,1,0,1,0,1,1,0,0,0,0,1,0,0,0,1,0,0,0,0,0,0,0,0,0,1,0,1,0,1,1,1,0,0,10,43,33,0.7674418604651163,3.3,0.06976744186046512,1,0,1.0,1, 0, 0, 0, 0, 0,4,0,1,2,3,0,2,8,1,0,0,2,0,1,1,3,1,0,1,3,2,3,2,5,15,4,4,0,1,2,3,0,2,8,1,0,0,2,0,1,1,3,1,0,1,3,2,3,2,5,15,4,4,0,1,2,3,0,2,8,1,0,0,2,0,1,1,3,1,0,1,3,2,3,2,5,15,4,0,0,0,0,0,0,0,1,0,1,0,1,1,1,1,33
3020,0,21759.407426999995,5207.687964,16569.730027999994,1477,0,0,1,1,0,0,0,1,0,0,0,0,0,0,0,1,0,0,0,0,0,0,0,0,0,1,0,1,0,1,1,1,0,0,49,199,150,0.7537688442211056,3.061224489795918,0.005025125628140704,0,0,1.0,0, 0, 0, 0, 0, 0,10,7,7,8,1,7,16,13,6,9,17,12,2,1,4,6,7,1,2,14,4,23,19,42,65,13,10,7,7,8,1,7,16,13,6,9,17,12,2,1,4,6,7,1,2,14,4,23,19,42,65,13,10,7,7,8,1,7,16,13,6,9,17,12,2,1,4,6,7,1,2,14,4,23,19,42,65,13,0,0,0,0,0,0,0,1,0,1,0,1,1,1,1,150
3021,0,24155.75419099999,5918.194746000001,18255.570009999996,1477,0,0,1,1,0,0,0,1,0,0,0,0,0,0,0,1,0,0,0,0,0,0,0,0,0,1,0,1,0,1,1,1,0,0,54,219,165,0.7534246575342466,3.0555555555555554,0.0045662100456621,0,0,1.0,0, 0, 0, 0, 0, 0,10,7,9,8,1,7,19,14,6,11,19,12,2,1,5,6,8,1,3,16,5,28,19,47,72,14,10,7,9,8,1,7,19,14,6,11,19,12,2,1,5,6,8,1,3,16,5,28,19,47,72,14,10,7,9,8,1,7,19,14,6,11,19,12,2,1,5,6,8,1,3,16,5,28,19,47,72,14,0,0,0,0,0,0,0,1,0,1,0,1,1,1,1,165
3022,0,16042.405214000004,3923.1805580000014,12137.235220999999,2152,0,0,1,0,1,0,1,0,0,0,0,0,0,0,0,1,0,0,0,0,0,0,0,0,0,1,0,1,0,1,1,1,0,0,33,135,102,0.7555555555555555,3.090909090909091,0.014814814814814815,0,0,1.0,0, 0, 0, 0, 0, 0,3,7,6,5,2,1,12,4,1,11,10,9,2,4,3,7,3,1,7,4,12,18,16,34,34,10,3,7,6,5,2,1,12,4,1,11,10,9,2,4,3,7,3,1,7,4,12,18,16,34,34,10,3,7,6,5,2,1,12,4,1,11,10,9,2,4,3,7,3,1,7,4,12,18,16,34,34,10,0,0,0,0,0,0,0,1,0,1,0,1,1,1,1,102
3023,0,17131.367017,4242.104426000001,12907.273155999997,1371,0,0,1,0,1,1,1,0,0,0,0,0,0,0,0,1,0,0,0,0,0,0,0,0,0,1,0,1,0,1,1,1,0,0,40,161,121,0.7515527950310559,3.025,0.018633540372670808,2,54.0,1.0,0, 0, 0, 0, 0, 0,8,2,6,7,1,6,12,11,0,6,6,7,1,5,1,11,18,0,3,10,8,18,9,27,42,29,8,2,6,7,1,6,12,11,0,6,6,7,1,5,1,11,18,0,3,10,8,18,9,27,42,29,8,2,6,7,1,6,12,11,0,6,6,7,1,5,1,11,18,0,3,10,8,18,9,27,42,29,0,0,0,0,0,0,0,1,0,1,0,1,1,1,1,121
3024,0,24675.04647300001,6359.197450000001,18333.859587999978,624,0,0,0,1,0,1,1,0,0,0,0,0,0,0,0,1,0,0,0,0,0,0,0,0,0,1,0,1,0,1,1,1,0,0,54,219,165,0.7534246575342466,3.0555555555555554,0.0136986301369863,3,39.0,1.0,0, 0, 0, 0, 0, 0,6,4,9,8,3,9,10,20,4,11,13,8,6,5,6,11,12,5,7,8,17,19,12,31,64,23,6,4,9,8,3,9,10,20,4,11,13,8,6,5,6,11,12,5,7,8,17,19,12,31,64,23,6,4,9,8,3,9,10,20,4,11,13,8,6,5,6,11,12,5,7,8,17,19,12,31,64,23,0,0,0,0,0,0,0,1,0,1,0,1,1,1,1,165
3026,1,6345.014666999998,1633.897392,4729.127840000001,65,1,1,0,1,0,1,1,0,0,1,0,1,0,0,0,1,0,0,0,0,0,0,0,0,0,1,0,1,0,1,1,1,0,1,15,63,48,0.7619047619047619,3.2,0.06349206349206349,2,24.0,0.30158730158730157,1, 0, 1, 0, 0, 0,8,1,0,7,4,0,1,7,1,0,0,2,0,0,1,4,3,1,2,6,3,1,3,4,21,7,8,1,0,7,4,0,1,7,1,0,0,2,0,0,1,4,3,1,2,6,3,1,3,4,21,7,8,1,0,7,4,0,1,7,1,0,0,2,0,0,1,4,3,1,2,6,3,1,3,4,21,7,0,0,0,0,0,0,0,1,0,1,0,1,1,1,1,48
3027,0,26343.525004999996,6451.173759999998,19910.361810000017,1588,0,0,1,0,1,1,1,0,0,0,0,0,0,0,0,1,0,0,0,0,0,0,0,0,0,1,0,1,0,1,1,1,0,0,56,225,169,0.7511111111111111,3.017857142857143,0.013333333333333334,0,0,1.0,0, 0, 0, 0, 0, 0,6,11,10,8,2,4,18,10,3,22,13,16,5,5,5,9,2,2,10,8,17,28,27,55,64,11,6,11,10,8,2,4,18,10,3,22,13,16,5,5,5,9,2,2,10,8,17,28,27,55,64,11,6,11,10,8,2,4,18,10,3,22,13,16,5,5,5,9,2,2,10,8,17,28,27,55,64,11,0,0,0,0,0,0,0,1,0,1,0,1,1,1,1,169
3028,0,14377.156017,3567.799321000001,10827.367261000007,2586,0,0,1,1,0,1,1,0,0,0,0,0,0,0,0,1,0,0,0,0,0,0,0,0,0,1,0,1,0,1,1,1,0,0,30,123,93,0.7560975609756098,3.1,0.04065040650406504,1,0,1.0,0, 0, 0, 0, 0, 0,6,0,5,3,5,2,13,1,0,6,9,11,3,3,2,6,2,3,4,9,10,18,11,29,34,8,6,0,5,3,5,2,13,1,0,6,9,11,3,3,2,6,2,3,4,9,10,18,11,29,34,8,6,0,5,3,5,2,13,1,0,6,9,11,3,3,2,6,2,3,4,9,10,18,11,29,34,8,0,0,0,0,0,0,0,1,0,1,0,1,1,1,1,93
3029,0,14830.487522,3643.9721410000006,11204.525946000007,2586,0,0,1,1,0,1,1,0,0,0,0,0,0,0,0,1,0,0,0,0,0,0,0,0,0,1,0,1,0,1,1,1,0,0,31,127,96,0.7559055118110236,3.096774193548387,0.03937007874015748,1,0,1.0,0, 0, 0, 0, 0, 0,6,0,5,3,5,2,14,1,0,6,9,11,3,4,2,6,3,3,4,9,11,19,11,30,34,9,6,0,5,3,5,2,14,1,0,6,9,11,3,4,2,6,3,3,4,9,11,19,11,30,34,9,6,0,5,3,5,2,14,1,0,6,9,11,3,4,2,6,3,3,4,9,11,19,11,30,34,9,0,0,0,0,0,0,0,1,0,1,0,1,1,1,1,96
3030,0,23388.08613299999,5906.96085,17499.135847999998,2950,0,0,1,0,1,1,1,0,0,0,1,1,0,0,0,1,0,0,0,0,0,0,0,0,0,1,0,1,0,1,1,1,0,1,51,204,153,0.75,3.0,0.03431372549019608,0,0,0.5686274509803921,2, 0, 0, 1, 0, 0,4,6,6,6,4,3,8,10,2,19,17,8,8,15,2,11,7,0,5,12,20,14,14,28,70,18,4,6,6,6,4,3,8,10,2,19,17,8,8,15,2,11,7,0,5,12,20,14,14,28,70,18,4,6,6,6,4,3,8,10,2,19,17,8,8,15,2,11,7,0,5,12,20,14,14,28,70,18,0,0,0,0,0,0,0,1,0,1,0,1,1,1,1,153
3031,0,5877.010690999999,1453.7785239999998,4441.242732000001,3557,0,0,1,1,0,0,1,0,0,0,0,1,0,0,0,1,0,0,0,0,0,0,0,0,0,1,0,1,0,1,1,1,0,0,12,51,39,0.7647058823529411,3.25,0.0392156862745098,0,0,1.0,1, 0, 0, 0, 0, 0,5,1,0,2,2,2,2,0,1,2,2,5,4,2,2,3,0,0,1,3,3,2,6,8,16,3,5,1,0,2,2,2,2,0,1,2,2,5,4,2,2,3,0,0,1,3,3,2,6,8,16,3,5,1,0,2,2,2,2,0,1,2,2,5,4,2,2,3,0,0,1,3,3,2,6,8,16,3,0,0,0,0,0,0,0,1,0,1,0,1,1,1,1,39
3032,0,28476.54802800001,6877.453087000001,21617.105506000007,5095,0,0,1,0,1,1,1,0,0,0,0,0,0,0,0,1,0,0,0,0,0,0,0,0,0,1,0,1,0,1,1,1,0,0,60,241,181,0.7510373443983402,3.0166666666666666,0.012448132780082987,0,0,1.0,0, 0, 0, 0, 0, 0,7,11,11,8,2,5,15,5,3,18,10,18,3,12,5,12,10,1,14,11,27,26,29,55,54,22,7,11,11,8,2,5,15,5,3,18,10,18,3,12,5,12,10,1,14,11,27,26,29,55,54,22,7,11,11,8,2,5,15,5,3,18,10,18,3,12,5,12,10,1,14,11,27,26,29,55,54,22,0,0,0,0,0,0,0,1,0,1,0,1,1,1,1,181
3033,0,14304.522506999994,3667.04027,10655.492801999999,5840,0,0,1,1,0,0,0,1,0,0,0,0,0,0,0,1,0,0,0,0,0,0,0,0,0,1,0,1,0,1,1,1,0,0,31,124,93,0.75,3.0,0.008064516129032258,1,0,1.0,0, 0, 0, 0, 0, 0,4,3,4,6,1,4,11,7,1,6,13,8,1,2,1,5,3,0,7,6,9,15,11,26,37,8,4,3,4,6,1,4,11,7,1,6,13,8,1,2,1,5,3,0,7,6,9,15,11,26,37,8,4,3,4,6,1,4,11,7,1,6,13,8,1,2,1,5,3,0,7,6,9,15,11,26,37,8,0,0,0,0,0,0,0,1,0,1,0,1,1,1,1,93
3034,0,14474.628033999994,3567.960622,10924.677977,5840,0,0,1,1,0,0,0,1,0,0,0,0,0,0,0,1,0,0,0,0,0,0,0,0,0,1,0,1,0,1,1,1,0,0,31,126,95,0.753968253968254,3.064516129032258,0.007936507936507936,1,0,1.0,0, 0, 0, 0, 0, 0,4,4,4,6,1,4,11,7,1,6,14,8,1,2,1,5,3,0,7,6,9,15,12,27,38,8,4,4,4,6,1,4,11,7,1,6,14,8,1,2,1,5,3,0,7,6,9,15,12,27,38,8,4,4,4,6,1,4,11,7,1,6,14,8,1,2,1,5,3,0,7,6,9,15,12,27,38,8,0,0,0,0,0,0,0,1,0,1,0,1,1,1,1,95
3035,0,5954.717888000001,1601.6892500000001,4371.039202999999,7146,0,0,1,1,0,0,1,0,0,0,0,0,0,0,0,1,0,0,0,0,0,0,0,0,1,1,1,0,0,1,1,1,0,0,12,50,38,0.76,3.1666666666666665,0.04,1,0,1.0,0, 0, 0, 0, 0, 0,3,3,5,2,2,1,4,1,0,3,0,3,2,2,2,1,2,0,0,2,2,9,6,15,11,3,3,3,5,2,2,1,4,1,0,3,0,3,2,2,2,1,2,0,0,2,2,9,6,15,11,3,3,3,5,2,2,1,4,1,0,3,0,3,2,2,2,1,2,0,0,2,2,9,6,15,11,3,0,0,0,1,0,0,0,1,1,0,0,0,1,1,1,38
3036,0,29768.063665,7261.715496000002,22524.358733999998,6344,0,0,1,0,1,1,1,0,0,1,0,0,0,0,0,1,0,0,0,0,0,0,0,0,1,1,1,0,0,1,1,1,0,0,62,251,189,0.7529880478087649,3.0483870967741935,0.027888446215139442,1,0,0.2589641434262948,0, 0, 1, 0, 0, 0,5,10,9,8,6,6,20,11,3,11,17,21,4,7,11,7,7,5,13,8,25,29,31,60,56,14,5,10,9,8,6,6,20,11,3,11,17,21,4,7,11,7,7,5,13,8,25,29,31,60,56,14,5,10,9,8,6,6,20,11,3,11,17,21,4,7,11,7,7,5,13,8,25,29,31,60,56,14,0,0,0,1,0,0,0,1,1,0,0,0,1,1,1,189
3037,0,33118.91047500001,8252.40279,24884.51825000001,5166,0,0,1,1,0,1,1,0,0,0,0,0,0,0,0,1,0,0,0,0,0,0,0,0,1,1,1,0,0,1,1,1,0,0,71,286,215,0.7517482517482518,3.028169014084507,0.01048951048951049,2,105.0,1.0,0, 0, 0, 0, 0, 0,11,7,20,9,3,7,20,11,3,14,21,22,9,7,2,11,8,4,9,17,20,40,29,69,83,19,11,7,20,9,3,7,20,11,3,14,21,22,9,7,2,11,8,4,9,17,20,40,29,69,83,19,11,7,20,9,3,7,20,11,3,14,21,22,9,7,2,11,8,4,9,17,20,40,29,69,83,19,0,0,0,1,0,0,0,1,1,0,0,0,1,1,1,215
3039,1,6375.046360999999,1697.9022029999999,4695.154723,275,1,0,0,1,0,1,1,0,0,1,0,1,0,0,0,1,0,0,0,0,0,0,0,0,1,1,1,0,0,1,1,1,0,1,15,63,48,0.7619047619047619,3.2,0.06349206349206349,2,25.0,0.30158730158730157,1, 0, 1, 0, 0, 0,9,2,0,8,4,0,1,7,1,1,0,1,0,0,1,2,3,0,2,6,2,1,3,4,23,5,9,2,0,8,4,0,1,7,1,1,0,1,0,0,1,2,3,0,2,6,2,1,3,4,23,5,9,2,0,8,4,0,1,7,1,1,0,1,0,0,1,2,3,0,2,6,2,1,3,4,23,5,0,0,0,1,0,0,0,1,1,0,0,0,1,1,1,48
3040,1,6370.078664999998,1633.897392,4754.191838,67,1,1,0,1,0,1,1,0,0,1,0,1,0,0,0,1,0,0,0,0,0,0,0,0,1,1,1,0,0,1,1,1,0,1,15,63,48,0.7619047619047619,3.2,0.06349206349206349,2,25.0,0.30158730158730157,1, 0, 1, 0, 0, 0,6,2,0,7,4,0,2,9,1,0,1,3,0,0,1,3,2,0,2,5,2,2,5,7,21,5,6,2,0,7,4,0,2,9,1,0,1,3,0,0,1,3,2,0,2,5,2,2,5,7,21,5,6,2,0,7,4,0,2,9,1,0,1,3,0,0,1,3,2,0,2,5,2,2,5,7,21,5,0,0,0,1,0,0,0,1,1,0,0,0,1,1,1,48
3041,0,7206.729292999999,1772.8064489999997,5451.933408999999,3039,0,0,1,1,0,0,0,1,0,0,0,0,0,0,0,1,0,0,0,0,0,0,0,0,1,1,1,0,0,1,1,1,0,0,16,65,49,0.7538461538461538,3.0625,0.015384615384615385,0,0,1.0,0, 0, 0, 0, 0, 0,3,2,1,1,1,1,7,3,3,5,3,6,1,0,0,3,3,0,0,6,0,8,8,16,21,6,3,2,1,1,1,1,7,3,3,5,3,6,1,0,0,3,3,0,0,6,0,8,8,16,21,6,3,2,1,1,1,1,7,3,3,5,3,6,1,0,0,3,3,0,0,6,0,8,8,16,21,6,0,0,0,1,0,0,0,1,1,0,0,0,1,1,1,49
3042,0,5954.717888000001,1601.6892500000001,4371.039202999999,7146,0,0,1,1,0,0,1,0,0,0,0,0,0,0,0,1,0,0,0,0,0,0,0,0,1,1,1,0,0,1,1,1,0,0,12,50,38,0.76,3.1666666666666665,0.04,1,0,1.0,0, 0, 0, 0, 0, 0,3,3,5,2,2,1,4,1,0,3,0,3,2,2,2,1,2,0,0,2,2,9,6,15,11,3,3,3,5,2,2,1,4,1,0,3,0,3,2,2,2,1,2,0,0,2,2,9,6,15,11,3,3,3,5,2,2,1,4,1,0,3,0,3,2,2,2,1,2,0,0,2,2,9,6,15,11,3,0,0,0,1,0,0,0,1,1,0,0,0,1,1,1,38
3043,0,29768.063665,7261.715496000002,22524.358733999998,6344,0,0,1,0,1,1,1,0,0,1,0,0,0,0,0,1,0,0,0,0,0,0,0,0,1,1,1,0,0,1,1,1,0,0,62,251,189,0.7529880478087649,3.0483870967741935,0.027888446215139442,1,0,0.2589641434262948,0, 0, 1, 0, 0, 0,5,10,9,8,6,6,20,11,3,11,17,21,4,7,11,7,7,5,13,8,25,29,31,60,56,14,5,10,9,8,6,6,20,11,3,11,17,21,4,7,11,7,7,5,13,8,25,29,31,60,56,14,5,10,9,8,6,6,20,11,3,11,17,21,4,7,11,7,7,5,13,8,25,29,31,60,56,14,0,0,0,1,0,0,0,1,1,0,0,0,1,1,1,189
3044,0,33118.91047500001,8252.40279,24884.51825000001,5166,0,0,1,1,0,1,1,0,0,0,0,0,0,0,0,1,0,0,0,0,0,0,0,0,1,1,1,0,0,1,1,1,0,0,71,286,215,0.7517482517482518,3.028169014084507,0.01048951048951049,2,105.0,1.0,0, 0, 0, 0, 0, 0,11,7,20,9,3,7,20,11,3,14,21,22,9,7,2,11,8,4,9,17,20,40,29,69,83,19,11,7,20,9,3,7,20,11,3,14,21,22,9,7,2,11,8,4,9,17,20,40,29,69,83,19,11,7,20,9,3,7,20,11,3,14,21,22,9,7,2,11,8,4,9,17,20,40,29,69,83,19,0,0,0,1,0,0,0,1,1,0,0,0,1,1,1,215
3046,1,6375.046360999999,1697.9022029999999,4695.154723,275,1,0,0,1,0,1,1,0,0,1,0,1,0,0,0,1,0,0,0,0,0,0,0,0,1,1,1,0,0,1,1,1,0,1,15,63,48,0.7619047619047619,3.2,0.06349206349206349,2,25.0,0.30158730158730157,1, 0, 1, 0, 0, 0,9,2,0,8,4,0,1,7,1,1,0,1,0,0,1,2,3,0,2,6,2,1,3,4,23,5,9,2,0,8,4,0,1,7,1,1,0,1,0,0,1,2,3,0,2,6,2,1,3,4,23,5,9,2,0,8,4,0,1,7,1,1,0,1,0,0,1,2,3,0,2,6,2,1,3,4,23,5,0,0,0,1,0,0,0,1,1,0,0,0,1,1,1,48
3047,1,6370.078664999998,1633.897392,4754.191838,67,1,1,0,1,0,1,1,0,0,1,0,1,0,0,0,1,0,0,0,0,0,0,0,0,1,1,1,0,0,1,1,1,0,1,15,63,48,0.7619047619047619,3.2,0.06349206349206349,2,25.0,0.30158730158730157,1, 0, 1, 0, 0, 0,6,2,0,7,4,0,2,9,1,0,1,3,0,0,1,3,2,0,2,5,2,2,5,7,21,5,6,2,0,7,4,0,2,9,1,0,1,3,0,0,1,3,2,0,2,5,2,2,5,7,21,5,6,2,0,7,4,0,2,9,1,0,1,3,0,0,1,3,2,0,2,5,2,2,5,7,21,5,0,0,0,1,0,0,0,1,1,0,0,0,1,1,1,48
3048,0,7206.729292999999,1772.8064489999997,5451.933408999999,3039,0,0,1,1,0,0,0,1,0,0,0,0,0,0,0,1,0,0,0,0,0,0,0,0,1,1,1,0,0,1,1,1,0,0,16,65,49,0.7538461538461538,3.0625,0.015384615384615385,0,0,1.0,0, 0, 0, 0, 0, 0,3,2,1,1,1,1,7,3,3,5,3,6,1,0,0,3,3,0,0,6,0,8,8,16,21,6,3,2,1,1,1,1,7,3,3,5,3,6,1,0,0,3,3,0,0,6,0,8,8,16,21,6,3,2,1,1,1,1,7,3,3,5,3,6,1,0,0,3,3,0,0,6,0,8,8,16,21,6,0,0,0,1,0,0,0,1,1,0,0,0,1,1,1,49
3051,0,31643.635534999994,7988.075022000003,23673.571078,4431,0,0,1,1,0,0,1,0,0,0,0,0,0,0,0,1,0,0,0,0,0,0,0,0,0,0,0,0,0,0,1,1,0,0,70,281,211,0.7508896797153025,3.0142857142857142,0.0071174377224199285,1,0,1.0,0, 0, 0, 0, 0, 0,15,12,13,9,2,4,20,11,2,17,15,19,5,5,7,9,10,0,8,28,13,33,31,64,91,19,15,12,13,9,2,4,20,11,2,17,15,19,5,5,7,9,10,0,8,28,13,33,31,64,91,19,15,12,13,9,2,4,20,11,2,17,15,19,5,5,7,9,10,0,8,28,13,33,31,64,91,19,0,0,0,0,0,0,0,0,0,0,0,0,0,1,1,211
3052,0,30856.056749000032,7768.81229,23105.255024000016,3519,0,0,1,1,0,1,1,0,0,0,0,0,0,0,0,1,0,0,0,0,0,0,0,0,0,0,0,0,0,0,1,1,0,0,70,283,213,0.7526501766784452,3.0428571428571427,0.01060070671378092,1,0,1.0,0, 0, 0, 0, 0, 0,16,7,16,6,3,4,10,21,5,18,13,22,3,9,8,10,10,1,6,25,16,26,29,55,96,20,16,7,16,6,3,4,10,21,5,18,13,22,3,9,8,10,10,1,6,25,16,26,29,55,96,20,16,7,16,6,3,4,10,21,5,18,13,22,3,9,8,10,10,1,6,25,16,26,29,55,96,20,0,0,0,0,0,0,0,0,0,0,0,0,0,1,1,213
3053,0,24726.796638000007,6111.2255479999985,18633.581655,30,1,1,0,1,0,0,0,1,0,0,0,0,0,0,0,1,0,0,0,0,0,0,0,0,0,0,0,0,0,0,1,1,0,0,55,221,166,0.751131221719457,3.018181818181818,0.004524886877828055,0,0,1.0,0, 0, 0, 0, 0, 0,17,9,11,11,1,1,12,8,7,14,17,9,7,4,3,8,7,0,7,13,11,23,18,41,76,15,17,9,11,11,1,1,12,8,7,14,17,9,7,4,3,8,7,0,7,13,11,23,18,41,76,15,17,9,11,11,1,1,12,8,7,14,17,9,7,4,3,8,7,0,7,13,11,23,18,41,76,15,0,0,0,0,0,0,0,0,0,0,0,0,0,1,1,166
3054,1,4903.336323,1240.6961749999998,3680.6507129999995,150,1,0,0,1,0,1,1,0,0,1,1,0,0,0,0,1,0,0,1,0,0,0,0,0,0,0,0,0,0,0,1,1,0,1,11,46,35,0.7608695652173914,3.1818181818181817,0.13043478260869565,3,6.5,0.2391304347826087,0, 0, 3, 0, 0, 2,2,1,1,1,6,3,2,3,0,0,2,5,0,0,0,5,3,0,0,1,0,3,6,9,8,8,2,1,1,1,6,3,2,3,0,0,2,5,0,0,0,5,3,0,0,1,0,3,6,9,8,8,2,1,1,1,6,3,2,3,0,0,2,5,0,0,0,5,3,0,0,1,0,3,6,9,8,8,0,0,0,0,0,0,0,0,0,0,0,0,0,1,1,35
3057,0,31833.873204000003,8236.028281000004,23615.855488000012,3744,0,0,1,0,1,1,1,0,0,0,1,0,1,0,0,1,0,0,0,0,0,0,0,0,0,0,0,0,0,0,1,1,0,0,69,279,210,0.7526881720430108,3.0434782608695654,0.025089605734767026,0,0,0.0967741935483871,0, 1, 0, 0, 0, 0,10,12,15,9,6,3,17,17,5,19,9,15,5,10,5,12,13,3,5,20,18,32,27,59,80,25,10,12,15,9,6,3,17,17,5,19,9,15,5,10,5,12,13,3,5,20,18,32,27,59,80,25,10,12,15,9,6,3,17,17,5,19,9,15,5,10,5,12,13,3,5,20,18,32,27,59,80,25,0,0,0,0,0,0,0,0,0,0,0,0,0,1,1,210
